elapsed_hour,temperature_in_C_mean,temperature_in_C_median,temperature_in_C_sem,temperature_in_C_ci_lower,temperature_in_C_ci_upper,temperature_out_C_mean,temperature_out_C_median,temperature_out_C_sem,temperature_out_C_ci_lower,temperature_out_C_ci_upper,temperature_diff_C_mean,temperature_diff_C_median,temperature_diff_C_sem,temperature_diff_C_ci_lower,temperature_diff_C_ci_upper,humidity_perc_RH_mean,humidity_perc_RH_median,humidity_perc_RH_sem,humidity_perc_RH_ci_lower,humidity_perc_RH_ci_upper
268,13.574,13.574,0.0,13.574,13.574,13.0,13.0,0.0,13.0,13.0,0.574,0.574,0.0,0.574,0.574,69.038,69.038,0.0,69.038,69.038
269,13.260200000000001,13.073,0.13645490097464422,13.035599999999999,13.4894,13.0,13.0,0.15811388300841897,12.7,13.3,0.26019999999999993,0.573,0.21637915796120474,-0.16939999999999997,0.5892,68.1404,68.139,0.347530804390057,67.548,68.7422
270,12.959799999999998,13.032,0.09809862384355854,12.764,13.080400000000001,12.5,12.5,0.15811388300841897,12.2,12.8,0.4598,0.573,0.11324018721284419,0.23459999999999998,0.5886,68.4888,68.139,0.4150077589636119,67.76780000000001,69.2098
271,12.559199999999999,12.573,0.01679106905470895,12.529599999999999,12.5878,12.3,12.5,0.12247448713915889,12.1,12.5,0.2592,0.092,0.12454693894271349,0.05079999999999999,0.4677999999999998,68.83500000000001,69.277,0.3653126058596938,68.1348,69.42492000000001
272,12.7594,12.591,0.20431191839929458,12.529599999999999,13.1692,12.6,12.5,0.09999999999999999,12.5,12.8,0.1594,0.091,0.10494455679071686,0.029600000000000005,0.36920000000000003,68.9492,69.277,0.2884928768618047,68.461,69.42492000000001
273,13.16,13.092,0.10480791954809514,13.034799999999999,13.381200000000002,13.2,13.0,0.12247448713915889,13.0,13.4,-0.039999999999999994,0.074,0.11329033498052692,-0.26959999999999995,0.08880500000000001,68.9474,69.038,0.3101360346686588,68.4132,69.4816
274,13.8606,13.593,0.30406029007418894,13.535194999999998,14.4702,13.8,13.5,0.30000000000000004,13.5,14.4,0.06060000000000001,0.075,0.01710730837975396,0.030400000000000003,0.0898,68.8312,69.277,0.6502118424021505,67.6852,69.88340000000001
275,14.261,15.032,0.681432094929495,12.968,15.08281,14.0,15.0,1.0124228365658294,11.9,15.2,0.261,0.095,0.3841870638113678,-0.3598,0.9640000000000001,73.25280000000001,71.535,2.3320657237736655,70.23240000000001,77.99279999999999
276,11.6578,11.589,0.09477098712158698,11.540000000000001,11.8512,10.6,10.5,0.18708286933869706,10.3,10.9,1.0577999999999999,1.032,0.16177620344166815,0.767,1.3611999999999997,81.6702,82.989,1.364295986947113,79.1976,83.72018999999999
277,11.7584,11.589,0.26634105954583875,11.328799999999998,12.2684,11.3,11.5,0.12247448713915889,11.1,11.5,0.45840000000000003,0.589,0.19974373582167726,0.1288,0.783,82.9912,83.518,1.3728755733860212,80.8208,85.270675
278,11.9582,12.032,0.19707343808844452,11.636399999999998,12.2788,11.6,11.5,0.18708286933869706,11.3,11.9,0.35819999999999996,0.571,0.13837608174825589,0.1288,0.5866,82.9988,82.539,1.1630879760362058,80.9614,84.941115
279,11.758,11.571,0.20874577840042646,11.5284,12.178799999999999,11.1,11.0,0.18708286933869706,10.8,11.4,0.658,0.589,0.19716693434752186,0.3348,0.9826,83.5248,84.588,1.421528733441571,80.73440000000001,85.7924
280,11.5578,11.532,0.28376669994909537,11.136,12.1674,10.6,10.5,0.291547594742265,10.1,11.1,0.9578,1.07,0.20165202701683907,0.6288,1.2902,83.3222,82.989,1.3697406104806853,81.05042,85.78200000000001
281,11.2574,11.088,0.382080567420014,10.648,11.975,10.1,10.0,0.291547594742265,9.6,10.6,1.1574000000000002,1.07,0.20262171650640015,0.8282,1.484415,83.21099999999998,82.989,1.4010364377845426,80.93140000000001,85.78200000000001
282,10.556799999999999,10.533,0.2837473171679336,10.136600000000001,11.084999999999999,9.4,9.5,0.18708286933869706,9.1,9.7,1.1568,1.069,0.20229320304943518,0.8282,1.4834,83.20540000000001,82.989,1.4687849604349843,80.715,85.67159999999998
283,10.056000000000001,10.033,0.2837431937509691,9.6358,10.5714,9.3,9.5,0.19999999999999998,8.9,9.5,0.756,0.533,0.3512978792990359,0.1358,1.3762,83.10119999999999,81.927,1.4190676657580494,80.71900000000001,85.6716
284,9.7554,9.583,0.1323229382986941,9.5318,9.9762,9.4,9.5,0.09999999999999999,9.2,9.5,0.35539999999999994,0.569,0.13743856809498559,0.12698,0.5818,83.09819999999999,81.429,1.6221739240907544,80.38900000000001,85.8834
285,9.8554,10.033,0.1280209357878623,9.6334,10.0726,9.4,9.5,0.09999999999999999,9.2,9.5,0.4553999999999999,0.569,0.11300159290912672,0.2262,0.5810000000000001,83.316,81.985,1.624075675576727,80.5026,85.93433500000002
286,10.056000000000001,10.069,0.17148819201332763,9.7338,10.3764,9.6,9.5,0.18708286933869706,9.3,9.9,0.45599999999999996,0.585,0.1990180896300635,0.1322,0.7798,83.6386,81.985,1.7141528111577453,80.7166,86.5364
287,10.056000000000001,10.033,0.1620243808813969,9.764399999999998,10.371,9.3,9.5,0.12247448713915889,9.1,9.5,0.756,0.568,0.1352845150044897,0.5329450000000001,0.9827999999999999,84.38699999999999,82.989,1.88558221777784,80.953,87.6202
288,9.655000000000001,9.583,0.1874747983063322,9.345400000000001,9.959800000000001,9.2,9.5,0.19999999999999998,8.8,9.5,0.45499999999999996,0.567,0.11290172717899404,0.22699999999999995,0.5814,84.60740000000001,83.518,1.950166931316394,81.2596,87.95520000000002
289,9.2546,9.082,0.25852052142915055,8.844800000000001,9.684999999999999,8.4,8.5,0.18708286933869706,8.1,8.7,0.8545999999999999,1.033,0.2669323135178654,0.4161999999999999,1.2742,84.38520000000001,82.459,1.9717182963090842,81.23740000000001,87.7456
290,8.6536,8.566,0.10865569474261368,8.528,8.8736,8.1,8.0,0.18708286933869706,7.8,8.4,0.5536,0.566,0.17039970657251732,0.23250500000000007,0.8648,84.71419999999999,82.989,1.952381965702409,81.3698,88.06842
291,8.4534,8.533,0.19675126429072828,8.134200000000002,8.780245,7.8,8.0,0.25495097567963926,7.3,8.2,0.6534,0.566,0.3457181800252917,0.03199999999999999,1.2782,84.93499999999999,82.539,2.1792590483923653,81.2566,88.8106
292,8.052600000000002,8.033,0.1618068601759516,7.7552,8.3516,7.4,7.5,0.24494897427831783,6.9,7.8,0.6526000000000001,0.533,0.3019957946727073,0.1582900000000003,1.1714,85.3416,85.095,1.8826953975616982,82.0062,88.67699999999999
293,7.652200000000001,7.565,0.1084704568073722,7.5274,7.871799999999999,7.1,7.0,0.291547594742265,6.6,7.6,0.5521999999999999,1.065,0.33094688395571875,-0.0762,1.077,85.24319999999999,82.539,2.2520686135195795,81.4694,89.001
294,7.050999999999999,7.033,0.16177237094139407,6.7532,7.356354999999999,6.4,6.5,0.18708286933869706,6.1,6.7,0.6509999999999999,1.033,0.25282464278626005,0.22039999999999998,1.0694000000000001,85.45519999999999,82.539,2.3789972341303804,81.4694,89.51919999999998
295,6.950799999999999,7.033,0.09801652921829063,6.7532,7.069,6.4,6.5,0.24494897427831783,5.9,6.8,0.5508,0.533,0.2818993437381506,0.12999999999999998,1.0615999999999999,85.6656,82.539,2.3844201727044654,81.7002,89.65112500000001
296,6.8504000000000005,7.033,0.12868084550545972,6.631400000000001,7.0646,6.6,6.5,0.18708286933869706,6.2,6.9,0.2504,0.533,0.21089988146037447,-0.172,0.5666,85.446,82.539,2.476415211550759,81.2586,89.63340000000001
297,7.0506,6.58,0.390408324706326,6.5456,7.846400000000001,7.4,7.5,0.3316624790355399,6.8,8.0,-0.34940000000000004,0.033,0.2494767724658951,-0.7767999999999999,0.06223499999999998,85.7862,83.092,2.229623273111401,82.1362,89.5628
298,8.2528,7.582,0.492238397527052,7.548399999999999,9.2634,9.2,9.0,0.25495097567963926,8.8,9.602499999999997,-0.9471999999999999,-0.997,0.2723575591020011,-1.3358,-0.4366,86.41479999999999,83.643,2.1938133329889293,82.7574,90.0722
299,10.155800000000001,10.087,0.43601862345546644,9.4526,10.96609,10.7,10.5,0.3741657386773941,10.1,11.4,-0.5442,-0.429,0.1131027851115966,-0.773,-0.4178,87.287,84.741,2.2149086437142276,83.6114,91.40899999999999
300,11.457400000000002,11.532,0.46356289756623104,10.738800000000001,12.283439999999995,11.8,12.0,0.46368092477478523,11.0,12.6,-0.34259999999999996,-0.41,0.18641502085400735,-0.6616000000000001,-0.037,88.133,86.659,2.1770384240982064,84.05279999999999,91.60119999999999
301,12.459,12.532,0.4412316851723141,11.640600000000001,13.18099,12.6,12.5,0.39999999999999997,11.9,13.3,-0.14099999999999996,-0.408,0.34703803826093754,-0.6659999999999999,0.46880000000000005,88.1366,86.659,2.061737291703287,84.71220000000001,91.561
302,12.759199999999998,13.032,0.3066139918529487,12.2374,13.281,12.2,12.0,0.33911649915626335,11.6,12.8,0.5591999999999999,0.59,0.16532434787411077,0.25579999999999997,0.8640000000000001,87.1888,85.832,2.2890964025134455,83.19680000000001,91.1808
303,12.8596,12.592,0.3056934084994311,12.347,13.364600000000001,12.0,11.5,0.31622776601683794,11.5,12.6,0.8596,1.073,0.13873881936934593,0.6298,1.0884,87.72240000000001,86.918,2.130992552779103,84.0468,91.398
304,12.558999999999997,12.09,0.32043844962800594,12.053509999999998,13.176599999999999,11.7,11.5,0.33911649915626335,11.1,12.3,0.859,1.008,0.12280390873258065,0.6388,1.0676,87.1856,85.832,2.0342974856200366,83.6212,90.75
305,12.1584,12.09,0.29876622968468186,11.649199999999999,12.667599999999998,11.3,11.0,0.3,10.8,11.8,0.8583999999999999,1.071,0.1384603192254012,0.6286,1.0870000000000002,87.501,85.287,1.9868118431295907,84.1454,90.8566
306,11.857999999999999,11.589,0.34420473558624964,11.348189999999999,12.47598,10.4,10.5,0.18708286933869706,10.1,10.7,1.4579999999999997,1.532,0.19729901165489908,1.136,1.7788,87.6078,86.376,1.9834663949762295,84.15119999999999,91.0644
307,11.0576,11.033,0.28385394131489505,10.637,11.573400000000001,10.3,10.5,0.12247448713915889,10.1,10.5,0.7575999999999999,0.57,0.26965359259613064,0.3276600000000001,1.1856,88.02560000000001,86.918,2.240836865994489,84.6566,91.9306
308,10.857000000000001,10.586,0.20582468267921597,10.5476,11.2618,9.9,10.0,0.09999999999999999,9.7,10.0,0.9570000000000001,1.033,0.19701218236444162,0.636945,1.2770000000000001,87.08160000000001,85.832,2.002367888276278,83.6192,90.52118500000002
309,10.6568,10.586,0.2001762723201729,10.324200000000001,10.980799999999999,10.3,10.5,0.12247448713915889,10.1,10.5,0.3567999999999999,0.57,0.13780616822189054,0.1226,0.5839999999999999,87.8152,85.832,2.0663507785465667,84.2222,91.37637500000001
310,10.7568,10.586,0.12522196292983104,10.5476,10.966159999999999,10.3,10.5,0.12247448713915889,10.1,10.5,0.4568,0.57,0.11313947145006469,0.2274,0.5828,88.1326,86.376,1.8078619582257935,84.99600000000001,91.2692
311,10.8568,11.033,0.1278301216458781,10.6274,11.066495,10.3,10.5,0.12247448713915889,10.1,10.5,0.5567999999999999,0.57,0.016141251500425845,0.5274000000000001,0.5839999999999999,88.44300000000001,86.376,2.0205044419649276,84.99359999999999,91.74255500000001
312,10.957,11.033,0.19251467476532785,10.64328,11.2776,10.9,11.0,0.18708286933869706,10.6,11.2,0.05699999999999998,0.071,0.01618332475111341,0.0274,0.08419999999999998,88.2354,86.376,2.023851466881896,84.92981,91.65799
313,11.758199999999999,12.032,0.20941857606239225,11.340105,12.0678,11.8,12.0,0.2549509756796392,11.4,12.2,-0.041800000000000004,-0.411,0.29830544748629717,-0.46159999999999995,0.5628,88.9812,86.918,2.2194351398497774,84.6566,93.0646
314,12.1584,12.09,0.19534395306740363,11.8286,12.4672,11.4,11.5,0.09999999999999999,11.2,11.5,0.7584000000000001,1.032,0.2093782701237165,0.3403999999999999,1.0716,88.8772,86.918,2.2488803302977245,85.09880000000001,92.6556
315,11.9582,12.032,0.19707343808844452,11.636109999999999,12.2868,11.3,11.5,0.12247448713915889,11.1,11.5,0.6582,0.571,0.10916931803396042,0.5286000000000001,0.875295,88.9816,87.177,2.003759930730224,85.6738,92.6934
316,11.8582,12.032,0.12765633552628702,11.6284,12.067800000000002,11.0,11.0,0.15811388300841897,10.8,11.3,0.8582000000000001,1.032,0.13094327015925636,0.6368,1.078,88.7664,86.918,2.1253062979250794,85.102,92.4308
317,11.8582,12.032,0.12765633552628702,11.6402,12.0716,11.3,11.5,0.12247448713915889,11.1,11.5,0.5582,0.572,0.016617460696508345,0.5288,0.5834549999999998,88.86760000000001,86.376,2.055360347968211,85.41279999999999,92.3224
318,11.8582,12.032,0.12765633552628702,11.636399999999998,12.075399999999998,11.3,11.5,0.12247448713915889,11.1,11.5,0.5582,0.572,0.016617460696508345,0.5250000000000001,0.5864,89.71020000000001,87.458,2.1487853638742056,85.8878,93.3692
319,11.8582,12.032,0.12765633552628702,11.636399999999998,12.067895000000002,11.6,11.5,0.09999999999999999,11.5,11.8,0.2582,0.089,0.12492453722147623,0.0494,0.46699999999999997,89.40400000000001,87.458,2.42638628416829,85.3896,93.5964
320,12.158600000000002,12.09,0.25357574805174105,11.740199999999998,12.6798,12.0,12.0,0.15811388300841897,11.7,12.3,0.1586,0.09,0.10488403119636468,0.033600000000000005,0.36839999999999995,89.71940000000001,87.997,2.182666479332105,85.9474,93.4914
321,12.859399999999999,12.592,0.344489999854858,12.3294,13.481,13.1,13.0,0.291547594742265,12.6,13.6,-0.2406,-0.408,0.13263996381181653,-0.46080000000000004,-0.024115000000000084,90.03659999999999,87.997,2.2783135341739085,86.32938,94.13029
322,13.9608,14.032,0.3394641954610234,13.430600000000002,14.5702,14.3,14.0,0.3,13.8,14.8,-0.3392,-0.406,0.1977522186980465,-0.6648000000000001,-0.01360000000000001,90.7748,89.604,1.9598235481797843,87.5152,94.43319999999999
323,15.062000000000001,15.032,0.3631881055321059,14.36085,15.684000000000001,15.3,15.0,0.43588989435406733,14.6,16.1,-0.238,-0.404,0.26001076900774706,-0.6596,0.19199999999999998,90.56219999999999,88.534,2.149995334878661,87.1572,94.035605
324,16.163,16.032,0.5451319106418189,15.1628,17.0858,16.6,17.0,0.5099019513592785,15.6,17.4,-0.437,-0.422,0.1690230753477169,-0.7455999999999999,-0.12020000000000002,89.6356,89.07,1.9292911548027172,86.660135,93.0126
325,17.363999999999997,17.532,0.6134129930153094,16.246199999999998,18.4602,17.4,18.0,0.39999999999999997,16.6,18.0,-0.036,-0.4,0.2987900600756324,-0.4628,0.5692,86.77340000000001,87.239,1.5567722890647795,84.06262,89.2302
326,17.6642,18.032,0.37599353717850015,16.9332,18.2864,17.6,18.0,0.3674234614174767,16.997500000000002,18.2,0.06419999999999998,0.078,0.1693550707832511,-0.16720000000000002,0.3818,86.2328,88.289,1.901405254016094,82.85139999999998,88.95840000000001
327,17.464,17.578,0.4048796117366247,16.777800000000003,18.168,17.3,17.0,0.33911649915626335,16.8,17.9,0.164,0.011,0.29887706502841593,-0.33173999999999976,0.6814,86.3466,87.997,1.9128280006315261,82.47354,89.3458
328,17.2636,17.077,0.3411929952387649,16.677155000000003,17.867399999999996,16.4,16.5,0.43011626335213127,15.6,17.1,0.8635999999999999,0.6,0.34883041725170694,0.33259999999999995,1.4862,86.4588,87.765,1.7670676387733446,83.0632,89.339
329,16.5632,16.099,0.4185901814424221,15.7852,17.26751,15.4,15.0,0.3674234614174767,14.8,16.1,1.1632000000000002,1.076,0.10980774107502624,1.0324000000000002,1.385,86.671,87.997,1.8195568691305033,83.6282,89.7138
330,15.7624,15.598,0.3820663031464568,15.1536,16.479599999999998,14.4,14.0,0.24494897427831777,14.0,14.8,1.3623999999999998,1.075,0.21343537663658288,1.0318,1.7798000000000003,86.6704,87.458,1.7090565409020262,83.7348,89.8676
331,14.9616,14.596,0.36997697225638243,14.37,15.666,14.0,14.0,0.15811388300841897,13.7,14.3,0.9616,0.596,0.29830011733152234,0.5527999999999998,1.496,87.203,87.458,1.7811606047743138,84.29524,90.62259999999999
332,14.261199999999999,14.095,0.2580235260591561,13.8526,14.6782,13.2,13.0,0.12247448713915889,13.0,13.4,1.0612,1.095,0.22901122243243888,0.6654,1.4571999999999998,87.0964,87.997,2.006579517487408,83.75640000000001,90.563
333,13.660400000000001,13.532,0.2510443387133036,13.2644,14.1692,12.5,12.5,0.15811388300841897,12.2,12.8,1.1604,1.032,0.3037651395404021,0.6392,1.6940000000000002,87.19860000000001,87.458,1.7382537099054334,84.1584,90.2388
334,12.859599999999997,13.032,0.2613435669764995,12.438399999999998,13.280800000000003,12.2,12.0,0.12247448713915889,12.0,12.4,0.6596,0.532,0.30374406990096114,0.1256,1.276,87.6238,87.997,1.805441951434606,84.477,90.6434
335,12.358799999999999,12.09,0.20556614507257778,12.05,12.763200000000001,11.7,11.5,0.19999999999999998,11.5,12.1,0.6588,0.59,0.3425455298204897,0.0256,1.256,87.51579999999998,87.458,2.0256828823880597,83.94680000000001,91.0848
336,12.158599999999998,12.072,0.10906035026534616,12.029199999999998,12.379,11.5,11.5,0.15811388300841897,11.2,11.8,0.6586000000000001,0.572,0.20247014594749518,0.3294,0.9868,87.62620000000001,87.997,1.93238245179364,84.2662,90.9862
337,11.8582,12.008,0.11441040162502696,11.6656,12.04612,11.2,11.5,0.19999999999999998,10.8,11.5,0.6582,0.571,0.10867262764836413,0.5302,0.8817999999999999,87.41260000000001,87.997,1.914484619943445,84.1178,90.7706
338,11.557599999999999,11.589,0.15287334627069557,11.277795000000001,11.838399999999998,11.0,11.0,0.22360679774997896,10.6,11.4,0.5576,0.57,0.17137753645095963,0.23220000000000002,0.8777999999999999,87.938,87.997,1.7251019100331444,84.899,90.733
339,11.0572,11.088,0.15285267416698992,10.7774,11.338399999999998,10.5,10.5,0.15811388300841897,10.2,10.702499999999997,0.5572,0.589,0.22894090940677245,0.1486,0.9545999999999999,87.5134,87.997,1.831241944692181,84.2662,90.7606
340,10.656600000000001,10.586,0.1872945808078812,10.2758,10.96132,10.3,10.0,0.19999999999999998,10.0,10.7,0.3566,0.533,0.2670566606546259,-0.0726,0.7872,87.6186,87.997,2.012397788708783,84.05420000000001,91.183
341,10.156200000000002,10.069,0.10882619170034369,10.031155000000002,10.373280000000001,9.3,9.0,0.3,8.8,9.8,0.8562,1.033,0.3493181071745351,0.23659999999999998,1.4746149999999998,87.62100000000001,87.997,1.916866296850148,83.9158,90.977
342,10.056000000000001,10.069,0.015811388300841986,10.0272,10.081800000000001,9.9,10.0,0.24494897427831783,9.4,10.3,0.15599999999999997,0.069,0.2562225595063791,-0.2652899999999999,0.6714,87.82140000000001,87.458,2.068966084787278,84.1572,91.4856
343,10.156200000000002,10.085,0.10460086041711134,10.0326,10.36625,10.0,10.0,0.15811388300841897,9.7,10.3,0.1562,0.087,0.1997281652646917,-0.1758,0.47347499999999987,88.45840000000001,87.997,2.116193578101966,84.6886,92.2282
344,10.4564,10.533,0.19241741085463124,10.143,10.7766,10.6,10.5,0.18708286933869706,10.3,10.9,-0.1436,0.07,0.21282495154469083,-0.5721999999999999,0.08320000000000001,88.7678,87.458,2.0198885464302236,85.2116,92.324
345,10.8568,10.588,0.20121814033530866,10.5544,11.266399999999999,11.1,11.0,0.09999999999999999,11.0,11.3,-0.2432,-0.412,0.12156784114230208,-0.44559999999999994,-0.0408,88.46379999999999,88.534,2.062148064519131,84.796,92.3728
346,11.758,11.59,0.12113174645814356,11.5564,11.967400000000001,11.7,11.5,0.12247448713915889,11.5,11.9,0.05800000000000001,0.072,0.01651968522702536,0.02695000000000005,0.08579999999999999,88.98859999999999,88.534,2.008788704667568,85.60480000000001,92.0585
347,12.358799999999999,12.091,0.20088688359372814,12.057400000000001,12.7518,12.2,12.0,0.12247448713915889,12.0,12.4,0.1588,0.09,0.10481192680224898,0.029400000000000003,0.36819999999999997,88.7724,89.07,2.0563997811709678,84.87100000000001,92.4312
348,12.959399999999999,12.592,0.29343374039125086,12.541599999999999,13.481005,13.1,13.0,0.24494897427831777,12.7,13.6,-0.14059999999999997,0.008,0.10987884236740027,-0.325,0.047599999999999996,89.4122,89.07,2.1878543233040006,85.53479999999999,93.28960000000001
349,14.061000000000002,14.032,0.42555540179863777,13.43029,14.883199999999999,14.3,14.5,0.25495097567963926,13.8,14.7,-0.23900000000000002,-0.468,0.25845192976644615,-0.657,0.17461999999999983,90.255,90.136,1.9705127505296693,86.79400000000001,93.71749000000001
350,15.262,15.095,0.37676743489850634,14.6958,15.971799999999998,15.6,15.5,0.18708286933869706,15.3,15.9,-0.33799999999999997,-0.49,0.3663382316930626,-0.8216000000000001,0.37160499999999996,90.35799999999999,90.136,1.9377108143373725,86.6156,93.71600000000001
351,16.2628,16.096,0.3383470703286791,15.662799999999999,16.8538,16.0,16.0,0.15811388300841897,15.7,16.3,0.26280000000000003,0.096,0.2518506303347283,-0.13720000000000002,0.6721999999999999,90.45920000000001,90.136,1.7531696837442747,87.4156,93.50280000000001
352,16.7634,16.6,0.25783572289347345,16.3414,17.254,16.1,16.0,0.18708286933869706,15.8,16.4,0.6634,0.6,0.1924818432995694,0.3329999999999999,0.9719999999999999,90.4576,90.667,1.9442620605257939,87.103,93.81219999999999
353,16.663400000000003,16.6,0.19506219520963072,16.3284,16.98,16.0,16.0,0.0,16.0,16.0,0.6634,0.6,0.1950621952096305,0.3283999999999999,0.9716000000000001,90.7764,91.197,1.8624922442791558,87.484,93.91299
354,16.663400000000003,16.6,0.19506219520963072,16.333,16.98,16.1,16.0,0.09999999999999999,16.0,16.3,0.5634,0.577,0.17210246947676258,0.233,0.880115,91.078,91.197,1.8545717295375772,87.67080000000001,94.32220000000001
355,16.663400000000003,16.6,0.1924818432995697,16.333,16.972,16.1,16.0,0.09999999999999999,16.0,16.3,0.5634,0.597,0.16917227905304105,0.24539999999999998,0.8725999999999999,91.0864,91.725,1.9166765402644232,87.7334,94.4394
356,16.7634,17.032,0.2091154226736998,16.345999999999997,17.080000000000002,16.1,16.0,0.09999999999999999,16.0,16.3,0.6634,0.6,0.20074675588910518,0.32839999999999997,0.9896,90.9838,91.197,1.7973007093972893,87.8362,94.1586
357,16.7634,17.032,0.2091154226736998,16.342,17.080000000000002,16.4,16.5,0.09999999999999999,16.2,16.5,0.3634,0.532,0.12692225967102852,0.142,0.576,91.08680000000001,92.251,1.779304172984484,88.04459999999999,93.95726499999999
358,16.863599999999998,17.032,0.13146467206059576,16.641399999999997,17.073665,16.3,16.5,0.12247448713915889,16.1,16.5,0.5636,0.577,0.017971087891388203,0.532595,0.59382,91.9144,92.251,1.7346909119494445,88.6798,94.7574
359,16.7634,16.6,0.1242145724140288,16.5552,16.98,16.1,16.0,0.09999999999999999,16.0,16.3,0.6634,0.577,0.10954113382652197,0.533,0.8800100000000001,91.81180000000002,92.776,1.643892435653865,88.67072999999999,94.44719999999998
360,16.5634,16.577,0.17210246947676294,16.232999999999997,16.8846,16.0,16.0,0.0,16.0,16.0,0.5634,0.577,0.17210246947676258,0.23299999999999996,0.8800000000000001,91.601,93.299,1.5752411878820316,88.51939999999999,94.12459999999999
361,16.5634,16.577,0.17210246947676294,16.241999999999997,16.87122,15.9,16.0,0.09999999999999999,15.7,16.0,0.6634,0.6,0.20074675588910518,0.3372,0.9896,92.32919999999999,93.821,1.8119819094019665,88.672,95.5018
362,16.1632,16.032,0.19546851408858693,15.845295000000002,16.485215000000004,15.4,15.5,0.09999999999999999,15.2,15.5,0.7632000000000001,0.576,0.13728779989496517,0.5324000000000001,0.9940000000000001,92.2284,93.821,1.777806164912248,89.0916,95.07140000000001
363,15.5624,15.532,0.16234549577983381,15.278995,15.883599999999998,14.9,15.0,0.09999999999999999,14.7,15.0,0.6624000000000001,0.575,0.10948086590815767,0.5326000000000001,0.8876000000000002,92.01880000000001,93.821,1.8235717808740077,88.77784499999999,95.06020000000001
364,15.062000000000001,15.032,0.16235054665753376,14.834695,15.379,14.5,14.5,0.15811388300841897,14.2,14.8,0.5619999999999999,0.575,0.17206888155619537,0.2404,0.8834,92.537,94.341,1.7504506562596958,89.1346,95.377
365,14.661599999999998,14.532,0.19525127400352607,14.34,14.98281,14.1,14.0,0.09999999999999999,14.0,14.3,0.5616,0.532,0.23601495715314313,0.13999999999999999,0.9836,92.5318,94.86,2.0599400816528606,88.604055,95.8148
366,14.261199999999999,14.074,0.13666104053460149,14.031600000000001,14.4904,13.7,13.5,0.12247448713915889,13.5,13.9,0.5612,0.574,0.17203557771577366,0.24359999999999998,0.8827999999999999,92.6462,94.965,1.94946057667243,89.013,95.961
367,13.960999999999999,14.074,0.1083642007306841,13.740200000000002,14.090399999999999,13.4,13.5,0.18708286933869706,13.1,13.8,0.5609999999999999,0.574,0.17188019083070624,0.23559999999999998,0.8782,92.8478,95.377,1.7781442967318497,89.634,95.78585500000001
368,13.7606,13.594,0.13279518063544316,13.530600000000002,13.986,13.5,13.5,0.22360679774997896,13.1,13.9,0.2606,0.532,0.2116236281703912,-0.16099999999999998,0.5816,92.75240000000001,94.86,1.9019547470957359,89.6,95.9048
369,13.7606,13.593,0.2042857312687304,13.530600000000002,14.1702,13.8,13.5,0.19999999999999998,13.5,14.2,-0.0394,0.075,0.11345774543855523,-0.26959999999999995,0.08960000000000001,92.95500000000001,95.377,1.9951674867038107,89.158945,96.2094
370,14.461400000000001,14.095,0.29328409435221686,14.060599999999999,15.054000000000002,14.8,14.5,0.19999999999999998,14.5,15.2,-0.3386,-0.406,0.1050026666328051,-0.4686,-0.12920000000000004,92.958,94.965,1.887447270786657,89.42600000000002,96.09060000000001
371,15.462399999999999,15.532,0.3395297630547287,14.9188,16.072,15.3,15.0,0.19999999999999998,15.0,15.7,0.16240000000000002,0.097,0.20084934652619607,-0.1684,0.48860000000000003,93.36519999999999,94.965,1.9043777041332945,90.0768,96.2194
372,15.9626,16.032,0.33947600798878286,15.444079999999998,16.585,15.9,16.0,0.18708286933869706,15.6,16.2,0.06260000000000002,0.032,0.2314388904225044,-0.35040000000000004,0.4756,93.5712,93.955,1.664836580568796,90.572305,96.09979999999999
373,16.4634,16.532,0.3394658451155285,15.8458,17.073,16.2,15.5,0.48989794855663565,15.5,17.002499999999998,0.26339999999999997,0.032,0.26405881920511576,-0.15799999999999997,0.6936,93.1634,93.955,1.7790034457527062,90.12478,96.00451
374,16.5634,16.6,0.2879570454078182,16.028399999999998,16.985599999999998,16.3,16.0,0.19999999999999998,16.0,16.7,0.2634,0.577,0.3168268612349653,-0.2674,0.7942,91.28040000000001,92.557,1.702373449041072,88.31660000000001,94.2442
375,16.563200000000002,17.032,0.45730114804141914,15.641200000000001,17.267625000000002,16.3,16.5,0.2549509756796392,15.9,16.7,0.2632,0.032,0.3479286421092693,-0.35,0.8764,90.64680000000001,92.016,2.2243665030745268,86.4724,94.3416
376,16.4632,16.577,0.43981170971223577,15.662735,17.1896,16.2,16.0,0.2549509756796392,15.8,16.7,0.2632,0.099,0.26861559895136394,-0.17679999999999998,0.7804,90.75500000000001,92.557,2.243565755666635,86.4724,94.4502
377,16.1628,16.099,0.34275288474351334,15.618799999999998,16.6886,15.6,15.5,0.291547594742265,15.1,16.1,0.5628,0.599,0.23847335280907173,0.1366,0.9890000000000001,90.754,92.016,2.0994082737762083,87.0008,94.3416
378,15.662600000000001,15.598,0.34276224996344057,15.027599999999998,16.2798,14.8,15.0,0.12247448713915889,14.6,15.0,0.8625999999999999,1.032,0.26556724195578035,0.4363999999999999,1.2756,91.7062,94.461,2.1629847294883993,88.072835,95.3374
379,15.062000000000001,15.075,0.33001166646044505,14.4404,15.6834,14.3,14.5,0.12247448713915889,14.1,14.5,0.7620000000000001,1.075,0.35539794597042906,0.12091500000000209,1.2922,91.5046,93.447,1.9839559118085248,88.112,94.692
380,14.6618,14.575,0.25751551409575313,14.2316,15.179000000000002,13.9,14.0,0.09999999999999999,13.7,14.0,0.7618,0.596,0.2682801520798734,0.3271000000000001,1.2790000000000001,92.0214,94.461,1.967693436488519,88.61440000000002,95.21580000000002
381,14.261199999999999,14.575,0.21675502300984845,13.831,14.591399999999998,13.7,13.5,0.12247448713915889,13.5,13.9,0.5612,0.575,0.2896596968858457,-0.06460000000000002,0.991,92.2278,94.461,1.951658202657423,88.9042,95.55140000000002
382,14.0608,14.074,0.1718951424560914,13.730799999999999,14.381799999999998,13.6,13.5,0.09999999999999999,13.5,13.8,0.4608,0.574,0.2591098994635288,-0.06080000000000001,0.7904,92.644,93.955,1.634461195623806,89.8302,95.45779999999999
383,13.9608,14.074,0.11352506331202807,13.730799999999999,14.090200000000001,13.5,13.5,0.0,13.5,13.5,0.4608,0.574,0.11352506331202813,0.23489500000000005,0.5903999999999999,92.742,95.468,1.9302142109102836,89.5084,95.966
384,13.560599999999999,13.574,0.17188531059982975,13.2306,13.877599999999997,13.4,13.5,0.09999999999999999,13.2,13.5,0.16060000000000002,0.074,0.2030136941193869,-0.16959499999999983,0.48999999999999994,92.5382,94.965,1.9679830131380716,89.0228,95.8654
385,13.660599999999999,13.594,0.1952295059666954,13.3306,13.9776,13.4,13.5,0.09999999999999999,13.2,13.5,0.2606,0.532,0.2116236281703912,-0.152,0.5816,92.3364,93.955,1.9061416421661868,89.0094,95.540355
386,13.560599999999999,13.574,0.17188531059982975,13.23489,13.877600000000001,13.2,13.0,0.12247448713915889,13.0,13.4,0.3606,0.574,0.2132007504677223,-0.06939999999999999,0.59,92.8508,94.965,1.88023528846791,89.62339999999999,95.83482500000001
387,13.560599999999999,13.574,0.17188531059982975,13.230599999999999,13.88171,13.2,13.0,0.12247448713915889,13.0,13.4,0.3606,0.574,0.2132007504677223,-0.06939999999999999,0.586,92.53620000000001,95.377,1.8414817240472423,89.447,95.5726
388,13.560599999999999,13.574,0.17188531059982975,13.238999999999999,13.795879999999999,13.2,13.0,0.12247448713915889,13.0,13.4,0.3606,0.574,0.2132007504677223,-0.06939999999999999,0.59,92.9474,95.468,1.9226189065958978,89.61120000000001,96.1712
389,13.460400000000002,13.574,0.11340749534312083,13.235,13.589599999999999,13.3,13.5,0.12247448713915889,13.1,13.5,0.1604,0.093,0.19524666450415995,-0.16959999999999997,0.47759999999999997,93.16,95.468,2.005777181044795,89.756,96.59599999999999
390,13.560599999999999,13.574,0.17188531059982975,13.238999999999999,13.8816,13.4,13.5,0.09999999999999999,13.2,13.5,0.16060000000000002,0.094,0.20053568261035237,-0.1734,0.48599999999999993,92.9478,95.468,1.8046546594847472,89.9202,95.96600000000001
391,13.3602,13.532,0.13118666090727352,13.1388,13.581199999999999,12.9,13.0,0.09999999999999999,12.7,13.0,0.46020000000000005,0.532,0.19723067712706358,0.1392,0.8692,93.35900000000001,95.969,1.771413136453493,90.2312,96.27900000000001
392,13.16,13.093,0.20060682939521288,12.825999999999999,13.485399999999998,12.8,13.0,0.12247448713915889,12.6,13.0,0.36,0.574,0.21329111561431713,-0.0702,0.5892,93.56739999999999,95.969,1.9644596865296078,90.23459999999999,96.9002
393,13.36,13.532,0.2637102576692838,12.916135,13.773409999999998,13.2,13.0,0.19999999999999998,13.0,13.6,0.15999999999999998,0.093,0.19530258574837148,-0.174,0.4686,93.26039999999999,95.969,1.930751579048948,89.975185,96.49103000000001
394,13.9608,14.032,0.3394641954610234,13.416745,14.5702,14.2,14.0,0.12247448713915889,14.0,14.4,-0.23920000000000002,-0.406,0.26639433177153,-0.6772,0.18639999999999998,93.77560000000001,95.969,1.746097780767159,90.65914500000001,96.7904
395,14.861799999999999,15.032,0.26359484061718674,14.418800000000001,15.283800000000003,14.9,15.0,0.18708286933869706,14.6,15.2,-0.0382,0.076,0.11354400028182905,-0.2684,0.09160000000000001,93.67240000000001,95.468,1.6691836507706408,90.3678,96.482
396,15.4622,15.532,0.3019421136575686,14.9406,15.9712,15.8,16.0,0.25495097567963926,15.4,16.2,-0.3378,-0.424,0.10954012963293405,-0.46820000000000006,-0.11648500000000012,92.9658,93.955,1.9223063075379014,89.4608,96.16604499999998
397,16.063,16.032,0.5103614405497343,15.231800000000002,16.9858,16.5,16.5,0.4183300132670377,15.9,17.3,-0.437,-0.422,0.17224633522951946,-0.7628,-0.1156700000000001,92.1318,93.447,1.8419825569206671,88.90740000000001,95.30940000000001
398,16.363000000000003,16.532,0.3858379193391964,15.641200000000001,16.976,16.9,17.0,0.291547594742265,16.4,17.4,-0.537,-0.423,0.11388985907445842,-0.7677999999999999,-0.4062,90.7624,92.938,2.176076781733586,86.94943,94.1828
399,16.7636,16.532,0.4747741147114066,15.950399999999998,17.4902,17.1,17.0,0.18708286933869706,16.8,17.4,-0.3364,-0.901,0.3776777197558786,-0.9629999999999999,0.29019999999999996,90.1302,91.916,2.2571699182826257,85.99309500000001,93.54690000000001
400,16.9636,16.6,0.3741024725927374,16.3506,17.6806,16.7,16.5,0.3741657386773941,16.1,17.3,0.2636,0.1,0.26648200689727625,-0.1674,0.7722,90.55820000000001,92.938,2.268873319513453,86.4394,94.3312
401,16.463199999999997,16.099,0.36983474688027873,15.835704999999999,17.145754999999998,15.6,15.5,0.3316624790355399,15.0,16.1,0.8632000000000002,1.032,0.1270344047886241,0.6460000000000001,1.076,90.23700000000001,92.016,2.0329878012423,86.119,93.5224
402,15.6624,15.598,0.29873844747537964,15.153275,16.171200000000002,14.8,14.5,0.19999999999999998,14.5,15.2,0.8624,1.032,0.13154717784886152,0.6404,1.0841999999999998,90.2472,92.428,2.0080472454601255,86.5496,93.576255
403,15.062000000000001,15.032,0.28400299294197595,14.6404,15.592000000000002,14.5,14.5,0.15811388300841897,14.2,14.8,0.5619999999999999,0.575,0.17206888155619537,0.2404,0.8706099999999999,90.76939999999999,93.447,2.1288397919993884,87.1816,94.2938
404,14.661600000000002,14.596,0.2987021258712432,14.214400000000001,15.1788,14.1,14.0,0.18708286933869706,13.8,14.4,0.5616,0.574,0.17205510745107222,0.23559999999999998,0.8872,90.9778,93.447,1.9051972968698025,87.35440000000001,94.08700000000002
405,14.061000000000002,14.032,0.28399172523156385,13.639599999999998,14.590800000000002,13.3,13.5,0.12247448713915889,13.1,13.5,0.761,0.574,0.2701875274693486,0.33119999999999994,1.2908,90.45880000000001,92.938,2.027171857539463,86.7624,93.77759999999999
406,13.660599999999999,13.574,0.2573218995732775,13.226600000000001,14.181599999999998,12.9,13.0,0.18708286933869706,12.6,13.2,0.7606,1.074,0.355154276336355,0.03060000000000005,1.286,90.9818,93.447,1.9904134595606016,87.3584,94.3018
407,13.360400000000002,13.073,0.21291608675720095,13.031,13.7898,12.7,12.5,0.12247448713915889,12.5,12.9,0.6604,0.573,0.20303512011472302,0.32280000000000003,0.9898,91.40180000000001,93.447,1.81784513641839,88.2874,94.5162
408,13.0598,13.073,0.17187710725980948,12.729799999999997,13.380799999999999,12.7,12.5,0.12247448713915889,12.5,12.9,0.3598,0.573,0.21324103732630828,-0.0702,0.585,91.3982,93.299,1.6044531280158976,88.5366,94.1054
409,13.0598,13.073,0.17187710725980948,12.729800000000001,13.376,12.6,12.5,0.09999999999999999,12.5,12.8,0.4598,0.573,0.2590979351519421,-0.0702,0.8808,91.2982,92.938,1.8418200889337701,87.9858,94.4144
410,12.759599999999997,12.573,0.13630282462223603,12.530599999999998,12.9886,12.5,12.5,0.15811388300841897,12.2,12.8,0.2596,0.073,0.2698674860000737,-0.17506499999999994,0.6886899999999999,91.5002,94.341,1.8596314258476059,88.1462,94.51140000000001
411,12.6594,12.573,0.10915658477618301,12.529599999999999,12.8762,12.3,12.5,0.12247448713915889,12.1,12.5,0.3594,0.532,0.13105403465746487,0.13750000000000026,0.58,92.02520000000001,94.461,1.8566435953084806,88.84880000000001,95.1462
412,12.5594,12.573,0.17171243402852363,12.2296,12.88,12.3,12.5,0.12247448713915889,12.1,12.5,0.25939999999999996,0.532,0.21153051789280902,-0.16219999999999998,0.58,91.5032,93.821,1.873472775355971,88.01820000000001,94.64540000000001
413,12.559199999999999,12.591,0.16891400178789226,12.241399999999999,12.8684,12.3,12.5,0.12247448713915889,12.1,12.5,0.2592,0.532,0.20931301918418735,-0.15860000000000002,0.568,91.9218,94.461,1.9166428305764218,88.6974,95.1462
414,12.7594,12.592,0.13264674892359798,12.53434,12.980599999999999,12.4,12.5,0.09999999999999999,12.2,12.5,0.35940000000000005,0.573,0.13865482321217676,0.1258,0.5882,92.34060000000001,94.461,1.9170993870949935,88.95180000000002,95.571
415,12.7594,12.592,0.13264674892359798,12.529599999999999,12.984399999999999,12.4,12.5,0.09999999999999999,12.2,12.5,0.35940000000000005,0.573,0.13865482321217676,0.1296,0.5882000000000001,92.02700000000002,93.821,1.7841948324104078,88.98259999999999,95.07140000000001
416,12.9596,13.032,0.19226689782695308,12.6416,13.281200000000002,13.0,13.0,0.0,13.0,13.0,-0.040400000000000005,0.032,0.19226689782695303,-0.3536,0.27300999999999986,92.74980000000001,94.86,1.7733848820828493,89.8068,95.35596
417,13.159799999999999,13.092,0.25357413117272043,12.741799999999998,13.6692,13.3,13.5,0.12247448713915889,13.1,13.5,-0.14020000000000002,-0.408,0.20825426766335423,-0.46559999999999996,0.2647199999999999,92.1358,93.955,1.848709344380561,89.0414,95.26219999999999
418,13.7608,13.594,0.2663943317715298,13.3306,14.186399999999997,13.9,13.5,0.29154759474226505,13.5,14.5,-0.1392,-0.425,0.21278143716029366,-0.45999999999999996,0.2902949999999999,92.85679999999999,94.86,2.035485087147533,89.39589,96.1956
419,14.4612,14.532,0.3395743512104529,13.930599999999998,14.986799999999999,15.0,15.0,0.27386127875258304,14.6,15.5,-0.5388,-0.424,0.1136254372928879,-0.7642,-0.40939499999999995,92.96459999999999,93.955,1.7374814128502203,89.9418,95.893
420,15.262200000000002,15.032,0.4737478654305476,14.4488,16.0756,15.8,16.0,0.12247448713915889,15.6,16.0,-0.5378000000000001,-0.904,0.3788364290825263,-1.1640000000000001,0.08839999999999996,90.2658,89.333,1.86762422344539,87.0458,93.41443
421,16.163,16.032,0.4391113753935326,15.4496,16.9858,16.6,16.5,0.24494897427831777,16.2,17.1,-0.437,-0.402,0.2882165852271517,-0.9682000000000001,-0.010400000000000012,88.0236,88.812,2.417516506665467,83.38719999999999,91.6256
422,16.1628,16.532,0.3760682650796264,15.544999999999998,16.776225000000004,16.7,17.0,0.19999999999999998,16.3,17.0,-0.5372,-0.468,0.4411432193743886,-1.3372,0.18519999999999998,86.2812,87.853,2.9464464766901837,80.57180000000001,90.85978
423,16.0628,16.032,0.28206513432184444,15.649785000000001,16.593,16.1,16.0,0.09999999999999999,16.0,16.3,-0.03720000000000002,0.032,0.1945526663913913,-0.3502149999999998,0.293,87.2782,88.289,2.212641733313372,83.042925,90.79060000000001
424,15.6624,15.598,0.29873844747537964,15.166274999999999,16.258,15.4,16.0,0.4847679857416329,14.4,16.0,0.2623999999999999,0.098,0.4173423774312884,-0.46819999999999995,0.9881999999999997,86.954,88.744,2.5529330778537855,82.0684,91.16319999999999
425,14.9616,15.01,0.33284074269836617,14.446870000000002,15.578800000000001,14.0,14.0,0.22360679774997896,13.6,14.4,0.9616,1.01,0.19463545411871908,0.6527999999999999,1.2976399999999986,88.36359999999999,89.333,2.080708211162727,84.49940000000001,91.63140000000001
426,14.261199999999999,14.095,0.2580235260591561,13.852794999999999,14.757405,13.7,13.5,0.25495097567963926,13.3,14.1,0.5612,0.574,0.01720871872046259,0.531305,0.5908,88.8994,89.852,1.9466386824472592,85.4796,92.25680000000001
427,13.7604,13.594,0.25807607405569377,13.351999999999999,14.179384999999998,12.9,13.0,0.18708286933869706,12.6,13.2,0.8603999999999999,1.032,0.1312755118062771,0.6388,1.0816000000000001,88.99719999999999,90.371,1.8165089705256066,85.6072,91.93620000000001
428,12.8596,12.592,0.20554430179404148,12.5508,13.264125,12.5,12.5,0.22360679774997896,12.1,12.9,0.35960000000000003,0.573,0.21318644422195326,-0.07039999999999999,0.5884,89.30999999999999,90.887,1.9378746605495414,85.81680000000001,92.5198
429,12.5594,12.573,0.17171243402852363,12.2296,12.868205,11.9,12.0,0.18708286933869706,11.6,12.2,0.6594,1.073,0.30718912741176235,0.029600000000000026,1.0882,89.2144,89.333,1.8301242471482644,86.0042,92.38501499999998
430,12.158599999999998,12.072,0.10906035026534616,12.033519999999998,12.37069,11.4,11.5,0.18708286933869706,11.1,11.7,0.7586,1.072,0.21601888806305802,0.3291100000000001,1.0866,89.5244,90.887,1.7682524310742511,86.33635500000001,92.46220000000001
431,11.8584,12.072,0.1384530967512102,11.6286,12.086599999999999,11.1,11.0,0.291547594742265,10.6,11.6,0.7584000000000001,1.032,0.35197906187726563,0.1288,1.2866,89.5222,90.887,2.0385019843012167,85.77619999999999,93.08919999999999
432,11.4578,11.571,0.11318807357668038,11.228599999999998,11.585605,11.3,11.0,0.19999999999999998,11.0,11.6,0.1578,0.532,0.3021283502089799,-0.38492499999999824,0.5704,89.6318,90.887,2.044854943510663,86.10420000000002,93.122
433,11.3576,11.532,0.13107349083624809,11.137175,11.577805,10.9,11.0,0.18708286933869706,10.6,11.2,0.45759999999999995,0.57,0.2586508457361003,-0.06380000000000001,0.7855999999999999,89.7358,91.402,2.111592796918952,85.81680000000001,93.2684
434,11.0574,11.07,0.016169724796668686,11.024799999999999,11.0848,10.5,10.5,0.15811388300841897,10.2,10.8,0.5574,0.57,0.17120589943106518,0.236,0.8734,89.421,90.887,1.9087494597248749,86.10660000000001,92.7354
435,10.6568,10.57,0.10895200778324379,10.5274,10.877199999999998,10.3,10.5,0.25495097567963926,9.897500000000003,10.7,0.35680000000000006,0.533,0.266721840125626,-0.1646,0.7834000000000001,90.3688,91.402,1.7839819898194047,87.25479999999999,93.4828
436,10.5566,10.57,0.016042443704124342,10.5274,10.583200000000001,10.2,10.0,0.19999999999999998,10.0,10.6,0.3566,0.57,0.2128787448290693,-0.0726,0.5835999999999999,90.05159999999998,91.916,2.1075867858762067,86.41580000000002,93.309
437,10.5566,10.57,0.016042443704124342,10.5274,10.5836,10.2,10.0,0.25495097567963926,9.8,10.7,0.3566,0.533,0.2666783830759441,-0.1648,0.7763749999999998,90.3656,92.428,1.8437491315252177,87.1858,93.4788
438,10.5566,10.57,0.016042443704124342,10.52732,10.583210000000001,10.4,10.5,0.18708286933869706,10.1,10.7,0.15660000000000002,0.088,0.19513421022465538,-0.1722,0.4652,90.57639999999999,92.428,1.9593380667970506,87.08040000000001,93.90200000000002
439,10.3564,10.533,0.12784545357579183,10.1272,10.569799999999999,10.0,10.0,0.15811388300841897,9.7,10.3,0.3564,0.57,0.21282495154469083,-0.0722,0.5826,90.2566,92.428,2.0389997204511827,86.5548,93.6824
440,10.4564,10.533,0.19241741085463124,10.143,10.780800000000001,10.2,10.0,0.25495097567963926,9.8,10.7,0.2564,0.533,0.2112213530872293,-0.1648,0.5758,90.9996,92.428,2.004773967309034,87.60220000000001,94.3308
441,10.6568,10.586,0.2534141669283704,10.227789999999999,11.1664,11.0,11.0,0.27386127875258304,10.6,11.6,-0.34320000000000006,-0.412,0.1951121216121643,-0.6721999999999999,-0.027600000000000003,90.5702,93.299,2.170314295211641,86.83900000000001,94.13540000000002
442,11.3576,11.089,0.3447945185179138,10.8276,11.981609999999998,11.8,11.5,0.33911649915626335,11.3,12.4,-0.4424,-0.427,0.17138628883315024,-0.7722,-0.1261200000000001,90.99460000000002,92.938,2.1752577456476283,87.336,94.5128
443,12.3586,12.091,0.4670000642398242,11.6566,13.252199999999998,13.2,12.5,0.48989794855663565,12.5,14.2,-0.8413999999999999,-0.926,0.10908281257833426,-0.9696,-0.6212,90.99080000000001,92.938,1.7901061812082562,87.9776,94.00399999999999
444,13.6604,13.532,0.5167456434262414,12.859,14.6828,14.7,14.5,0.3741657386773941,14.1,15.4,-1.0396,-0.907,0.20028993983722695,-1.3654,-0.7138,91.5114,92.938,1.6136445271496451,88.6396,94.2172
445,14.861600000000001,15.032,0.47224724456580996,14.048000000000002,15.6752,15.5,15.5,0.15811388300841897,15.2,15.8,-0.6384000000000001,-0.968,0.4145690051125385,-1.3519999999999999,0.07519999999999998,90.15720000000002,90.887,1.8605298815122544,86.9402,93.3042
446,15.162,15.532,0.37470735247656944,14.5404,15.775200000000002,15.2,15.0,0.25495097567963926,14.8,15.6,-0.03800000000000002,0.032,0.19469360544198672,-0.3512,0.292,89.84700000000001,89.852,1.7659225634211728,86.815945,92.9584
447,15.262,15.576,0.4121960698502595,14.544400000000001,15.966399999999998,15.1,15.5,0.458257569495584,14.3,15.8,0.16200000000000003,0.032,0.39875506266378613,-0.5168,0.954,89.8486,90.371,1.8639235660294649,86.66060999999999,93.06739999999999
448,15.262,15.097,0.3819786643256401,14.6274,15.87081,14.5,14.5,0.22360679774997896,14.1,14.9,0.762,1.032,0.209183412344287,0.3446,1.070705,90.2616,91.402,1.7209172147433494,87.3286,93.09400000000001
449,14.9618,14.596,0.37422485219450624,14.353094999999998,15.573114999999998,14.1,14.0,0.18708286933869706,13.8,14.4,0.8618,1.032,0.2654886814913208,0.3616,1.2918,90.574,90.887,1.720355254010056,87.3286,93.5482
450,14.3612,14.095,0.20546566623161167,14.052600000000002,14.778200000000002,13.4,13.5,0.18708286933869706,13.1,13.7,0.9612,1.074,0.20249972839487956,0.6314,1.2908,90.3694,91.402,1.8833286648909682,87.179995,93.5144
451,13.8606,13.594,0.20543748440827433,13.551999999999998,14.264600000000002,13.2,13.5,0.19999999999999998,12.8,13.5,0.6606,0.594,0.20053568261035243,0.3306,0.986,90.57440000000001,91.402,1.7523859620528792,87.4636,93.7192
452,13.460400000000002,13.532,0.1972644418033821,13.138490000000001,13.781600000000001,12.8,13.0,0.12247448713915889,12.6,13.0,0.6604,0.573,0.20303512011472302,0.33059999999999995,0.9898000000000001,90.3664,91.402,1.7592095270319568,87.2556,93.4772
453,13.26,13.093,0.12464589844836445,13.051400000000001,13.4686,12.8,13.0,0.12247448713915889,12.6,13.0,0.45999999999999996,0.573,0.11329872020459894,0.23040000000000002,0.589,90.6806,91.402,1.5934745871836167,88.11189500000002,93.205795
454,13.059999999999999,13.032,0.16213142816863108,12.7688,13.364,12.5,12.5,0.15811388300841897,12.2,12.8,0.5599999999999999,0.573,0.17171662703419258,0.3207950000000018,0.8768,90.3614,91.916,1.6119405261981585,87.5664,93.1564
455,12.659199999999998,12.592,0.18687921232710736,12.279899999999998,12.96332,12.0,12.0,0.22360679774997896,11.6,12.4,0.6592,0.592,0.19525327141945664,0.3374000000000002,0.976,90.56559999999999,92.938,1.6756212161464192,87.7068,93.3608
456,12.058399999999997,12.032,0.16208904959928655,11.762199999999998,12.3626,11.0,11.0,0.15811388300841897,10.7,11.3,1.0584,1.032,0.2353143854506137,0.6505999999999998,1.4788000000000001,90.7826,92.428,1.7975150235811659,87.66839999999999,93.7954
457,11.5578,11.532,0.16224530809857013,11.266074999999999,11.8738,10.9,11.0,0.18708286933869706,10.6,11.2,0.6578,0.57,0.202567371508839,0.31975500000000207,0.986,90.8846,92.938,1.8235623542944726,87.7704,93.9988
458,11.157599999999999,11.07,0.10901678769804221,11.03,11.378199999999998,10.6,10.5,0.291547594742265,10.1,11.1,0.5576000000000001,0.59,0.28716660669374494,0.024800000000000023,0.9812000000000001,90.9912,92.938,1.780011612321673,87.9784,94.004
459,10.9574,11.033,0.09814000203790489,10.761,11.0774,10.4,10.5,0.18708286933869706,10.1,10.7,0.5574,0.57,0.17120589943106518,0.2286,0.8772,90.88199999999999,93.299,1.817469174429102,87.7364,93.92139999999999
460,10.5566,10.533,0.16204709192083636,10.259800000000002,10.8666,10.2,10.0,0.25495097567963926,9.8,10.7,0.3566,0.533,0.2667756735536432,-0.1648,0.7832000000000001,90.5702,93.299,2.170314295211641,86.83900000000001,94.1058
461,10.4564,10.533,0.09811248646324255,10.260200000000001,10.5762,10.2,10.0,0.25495097567963926,9.8,10.7,0.2564,0.088,0.26375378670267463,-0.176,0.6652000000000001,90.7728,92.251,1.5724885500378063,88.0482,93.4974
462,10.5566,10.57,0.016042443704124342,10.5274,10.5836,10.2,10.0,0.12247448713915889,10.0,10.4,0.3566,0.533,0.12734739887410343,0.1352,0.569,91.4002,93.821,1.9165559057851662,88.155,94.6454
463,10.4564,10.533,0.09811248646324255,10.259800000000002,10.5766,10.0,10.0,0.15811388300841897,9.7,10.3,0.45640000000000003,0.533,0.19653513680764567,0.12400000000000003,0.7762,91.60419999999999,93.821,2.121495307560214,88.0048,95.26140000000001
464,10.256400000000001,10.085,0.13234220793080329,10.037475,10.4802,10.1,10.0,0.18708286933869706,9.8,10.4,0.15639999999999998,0.07,0.20195162787162674,-0.1722,0.48319999999999996,91.291,92.776,2.1441719613874275,87.52959999999999,94.99253500000002
465,10.5566,10.586,0.16869309410879865,10.238800000000001,10.866200000000001,10.9,11.0,0.09999999999999999,10.7,11.0,-0.34340000000000004,-0.412,0.19981831747865358,-0.6758500000000001,-0.0232,91.8036,93.299,2.1426775212336553,88.28920000000001,95.56087
466,11.1576,11.088,0.25355326856500965,10.739,11.6674,11.6,11.5,0.09999999999999999,11.5,11.8,-0.44239999999999996,-0.412,0.16902443610318596,-0.7609999999999999,-0.1326,91.7168,94.341,2.071113912849798,88.2582,95.1754
467,11.958400000000001,12.032,0.1924774272479763,11.644685,12.283800000000001,12.3,12.5,0.12247448713915889,12.1,12.5,-0.34159999999999996,-0.411,0.1049169195125362,-0.47119999999999995,-0.1366,91.9212,93.821,1.944745392075785,88.5694,95.0442
468,12.659199999999998,12.592,0.19280025933592534,12.329399999999998,12.9686,12.8,12.5,0.19999999999999998,12.5,13.2,-0.14079999999999998,0.032,0.1309654152820507,-0.3742,0.0796,92.4354,94.341,1.8260142551469867,89.3636,95.41040000000001
469,13.36,13.093,0.20071048801694433,13.059000000000001,13.752600000000001,14.0,14.0,0.15811388300841897,13.7,14.3,-0.64,-0.907,0.19782492259571338,-0.9318,-0.2474,92.33760000000001,94.341,2.1385277084947956,88.6596,95.782435
470,14.160999999999998,14.095,0.19274153677917985,13.830795,14.4702,14.1,14.0,0.18708286933869706,13.8,14.4,0.06100000000000001,0.032,0.2785665091140713,-0.3568,0.5828,92.1358,93.821,1.9817161855321261,88.77601999999999,95.3674
471,14.3612,14.532,0.13121067029780772,14.139289999999999,14.570400000000001,13.9,14.0,0.24494897427831777,13.4,14.3,0.4612,0.594,0.19989057006272207,0.1355000000000001,0.7868,92.54599999999999,93.821,2.0536719309568414,88.9826,96.10940000000001
472,14.160999999999998,14.074,0.10928311854993879,14.0314,14.381799999999998,13.4,13.5,0.09999999999999999,13.2,13.5,0.7609999999999999,0.595,0.13263785281736132,0.5358,0.9822000000000001,92.85199999999999,93.821,1.9765297872787047,89.3942,96.3098
473,13.860800000000001,14.032,0.131255247514147,13.639199999999999,14.081805000000001,13.3,13.5,0.12247448713915889,13.1,13.5,0.5608,0.574,0.1720405184832922,0.24299999999999997,0.8821999999999999,93.4766,95.969,2.281465989227103,89.6182,97.33500000000001
474,13.660599999999999,13.574,0.10938263116235583,13.531199999999998,13.877600000000001,12.9,13.0,0.09999999999999999,12.7,13.0,0.7605999999999999,0.594,0.13279518063544324,0.5352,0.986,93.6808,96.406,2.3829957490520215,89.4398,97.6572
475,13.3602,13.532,0.13118666090727352,13.1386,13.581005,12.9,13.0,0.09999999999999999,12.7,13.0,0.46019999999999994,0.573,0.11335757583858257,0.2306,0.5893999999999999,93.2736,94.965,2.1082422204291444,89.6234,96.63993500000001
476,13.16,13.073,0.10925474818057104,13.0304,13.3762,12.6,12.5,0.09999999999999999,12.5,12.8,0.5599999999999999,0.573,0.17171662703419258,0.234495,0.8808,94.508,96.469,2.3636854486162067,90.5402,98.47579999999999
477,12.859599999999997,13.032,0.13114289915965727,12.637800000000002,13.080000000000002,12.3,12.5,0.12247448713915889,12.1,12.5,0.5596,0.573,0.17186756529374583,0.22960000000000003,0.876895,94.40520000000001,95.969,2.233682864687824,90.64259999999999,98.1678
478,12.6594,12.573,0.10915658477618301,12.529599999999999,12.888200000000001,11.9,12.0,0.09999999999999999,11.7,12.0,0.7594000000000001,0.573,0.13618061536063053,0.5306,0.9882000000000002,94.80600000000001,96.919,2.0453930429137572,91.10119500000002,98.1686
479,12.258799999999999,12.09,0.1326481812917162,12.033999999999997,12.48009,11.8,12.0,0.12247448713915889,11.6,12.0,0.4588,0.573,0.11320574190384514,0.2292,0.587,94.60879999999999,95.468,2.1027439073743612,91.0692,98.18360000000001
480,12.1588,12.09,0.10481192680224916,12.034194999999999,12.3682,12.1,12.0,0.09999999999999999,12.0,12.3,0.058799999999999984,0.09,0.16889505617394487,-0.2708,0.3602049999999998,94.91260000000001,96.469,2.1190950568579976,91.0684,98.66380000000001
481,12.1588,12.09,0.10481192680224916,12.0294,12.3684,11.8,12.0,0.12247448713915889,11.6,12.0,0.3588,0.532,0.127300981928656,0.141,0.5715999999999999,95.31480000000002,97.429,2.0464087421627184,91.94346500000002,98.67797500000002
482,12.1588,12.09,0.10481192680224916,12.029395,12.3684,11.9,12.0,0.09999999999999999,11.7,12.0,0.25880000000000003,0.091,0.13245957874008205,0.0342,0.48339999999999994,94.8106,95.969,1.9616600266101154,91.4582,98.16300000000001
483,11.958399999999997,12.032,0.09349363614706598,11.766200000000001,12.0678,11.6,11.5,0.18708286933869706,11.2,11.9,0.35839999999999994,0.532,0.12712615781183664,0.146,0.5708,95.3152,96.968,1.9150676593791665,92.06360000000001,98.56679999999999
484,11.8582,12.032,0.12765633552628702,11.636199999999999,12.0678,11.5,11.5,0.15811388300841897,11.2,11.8,0.35819999999999996,0.572,0.21306369939527472,-0.0716,0.5863999999999999,95.1108,96.469,1.8319360905883153,91.8844,98.2702
485,11.8582,11.59,0.20110778204733903,11.5562,12.2516,11.5,11.5,0.15811388300841897,11.2,11.8,0.35819999999999996,0.532,0.26371260872396673,-0.14320000000000002,0.7796,95.2154,96.469,1.896040468977389,91.9638,98.467
486,12.058599999999998,12.032,0.15643676038578658,11.7732,12.3636,11.8,12.0,0.12247448713915889,11.6,12.0,0.2586,0.089,0.20423628472923216,0.029400000000000003,0.6679999999999999,95.31980000000001,96.469,1.9634947771766547,92.25045000000001,98.67580000000001
487,12.1588,12.09,0.10481192680224916,12.029399999999999,12.3684,11.9,12.0,0.09999999999999999,11.7,12.0,0.25880000000000003,0.091,0.13245957874008205,0.039,0.476645,95.52180000000001,96.469,1.9557357797003159,92.0864,98.87906500000001
488,12.1588,12.09,0.10481192680224916,12.029399999999999,12.368200000000002,12.0,12.0,0.0,12.0,12.0,0.1588,0.09,0.10481192680224898,0.029400000000000003,0.36819999999999997,95.2184,95.969,1.9827097266115372,91.861,98.5758
489,12.559199999999999,12.591,0.16891400178789226,12.2416,12.8684,12.5,12.5,0.0,12.5,12.5,0.05919999999999999,0.091,0.16891400178789204,-0.25908999999999976,0.3686,95.6274,96.968,2.12021547489872,91.8844,99.19120000000001
490,12.759199999999998,12.592,0.12087985771004214,12.558195,12.960400000000002,12.6,12.5,0.09999999999999999,12.5,12.8,0.15919999999999998,0.091,0.10474702859747381,0.029600000000000005,0.3686,95.8244,96.968,1.9299055054587517,92.59041000000002,98.9836
491,13.0598,13.092,0.16908530391491758,12.741305,13.369205000000001,12.8,13.0,0.12247448713915889,12.6,13.0,0.2598,0.093,0.13270207232745085,0.034600000000000006,0.485,95.922,96.968,1.7497174914825544,92.5904,98.780455
492,13.159799999999999,13.093,0.19287260043873533,12.8296,13.460999999999999,13.1,13.0,0.24494897427831777,12.7,13.6,0.05979999999999998,0.092,0.23799126034373613,-0.36560000000000004,0.4814949999999999,95.9238,96.968,1.707100389549483,93.072,98.77560000000001
493,13.36,13.093,0.20071048801694433,13.059000000000001,13.769200000000001,13.5,13.5,0.22360679774997896,13.1,13.9,-0.13999999999999999,0.074,0.1386892209221755,-0.3698,0.08879999999999999,95.5222,96.469,1.8483792738504727,91.99640000000001,98.49991
494,13.660400000000001,13.594,0.1926687831486979,13.330400000000001,13.9612,13.4,13.5,0.18708286933869706,13.1,13.7,0.2603999999999999,0.574,0.21645151882119001,-0.1696,0.5895999999999999,95.6252,95.969,1.8076929329949813,92.4718,98.77860000000001
495,13.7604,13.594,0.1206286035731161,13.55899,13.9696,13.7,13.5,0.2549509756796392,13.3,14.102499999999997,0.06040000000000002,0.093,0.2839740481100341,-0.3694,0.6816000000000001,95.31800000000001,95.468,1.7215967297831396,92.3692,98.26679999999999
496,13.7604,13.594,0.1206286035731161,13.5598,13.969399999999998,13.3,13.0,0.19999999999999998,13.0,13.7,0.46040000000000003,0.593,0.19990312653883127,0.135,0.7858050000000001,95.5216,95.969,1.8331605930741577,92.26635,98.7726
497,13.660400000000001,13.593,0.09418736645644149,13.542795,13.8526,12.8,12.5,0.19999999999999998,12.5,13.2,0.8603999999999999,1.074,0.13885697677826633,0.6304,1.089405,95.51939999999999,95.468,1.61340889423605,92.772,98.23920000000001
498,13.36,13.509,0.10970278027470401,13.1758,13.544295,12.7,12.5,0.12247448713915889,12.5,12.9,0.6599999999999999,0.592,0.10480791954809524,0.5347999999999999,0.8692,95.4094,96.469,1.653512824262335,92.18299999999999,97.9232
499,13.159799999999999,13.092,0.09430450678520082,13.0424,13.3524,12.7,12.5,0.12247448713915889,12.5,12.9,0.4598,0.573,0.11324018721284419,0.23039499999999993,0.5886,95.0162,95.468,1.8543371699882416,91.7656,98.2668
500,12.859399999999999,13.009,0.10984926035253954,12.675,13.0438,12.4,12.5,0.18708286933869706,12.1,12.7,0.4593999999999999,0.509,0.18906840032115363,0.151,0.7844,95.721,96.469,1.5945064753709832,92.975,98.46699999999998
501,12.659199999999998,12.591,0.0944560215126596,12.5378,12.848400000000002,12.0,12.0,0.15811388300841897,11.7,12.3,0.6592,0.592,0.19280025933592515,0.3294,0.9603999999999999,95.4164,96.469,1.8136174513937606,92.0854,98.467
502,12.358999999999998,12.532,0.13107478781214962,12.1376,12.579600000000001,11.7,12.0,0.19999999999999998,11.3,12.0,0.659,0.591,0.20032623392855964,0.3256,0.9838000000000001,95.11399999999999,95.969,1.9145502082734716,91.679,98.761
503,11.8582,12.032,0.19771605903416126,11.4618,12.078799999999998,11.2,11.0,0.12247448713915889,11.0,11.4,0.6582000000000001,0.591,0.18698031982002808,0.34940000000000004,0.9620000000000001,95.51820000000001,96.469,1.7375241983926442,92.38926,98.467
504,11.4576,11.532,0.09823573687818496,11.26104,11.578,10.9,11.0,0.18708286933869706,10.6,11.2,0.5576,0.57,0.17137753645095963,0.2361,0.8737999999999999,95.9314,96.968,1.9392080496945137,92.5952,99.19120000000001
505,11.0574,11.07,0.016169724796668686,11.028599999999999,11.0848,10.5,10.5,0.15811388300841897,10.2,10.8,0.5574,0.57,0.17120589943106518,0.236,0.8734,95.9238,96.968,1.707100389549483,92.7954,98.7756
506,11.0574,11.07,0.016169724796668686,11.028595,11.084799999999998,10.5,10.5,0.15811388300841897,10.2,10.8,0.5574,0.57,0.17120589943106518,0.22859999999999997,0.8734,95.5148,97.429,1.7896636946644475,92.1884,98.46199999999999
507,11.358,11.088,0.3041637716757209,11.0286,11.968005,11.2,11.0,0.25495097567963926,10.8,11.7,0.158,0.089,0.20016393281508033,-0.17739999999999997,0.4852,95.82759999999999,96.968,1.8653250279776967,92.6716,99.17779999999999
508,11.857999999999999,11.589,0.33863136298931323,11.3612,12.468,12.3,12.0,0.19999999999999998,12.0,12.7,-0.442,-0.911,0.39347325194986255,-0.9617249999999999,0.36312499999999986,95.92760000000001,95.969,1.8369622913930492,92.6918,99.06559999999999
509,12.5588,12.508,0.21558186380120212,12.174000000000001,12.951799999999997,12.3,12.0,0.19999999999999998,12.0,12.7,0.25880000000000003,0.09,0.20419485791762726,0.034,0.6798,95.71779999999998,96.968,1.7159660660980447,92.4906,98.377455
510,12.558999999999997,12.591,0.15257981517881072,12.2798,12.839000000000002,12.0,12.0,0.27386127875258304,11.5,12.4,0.5589999999999999,0.591,0.16876196253895603,0.22960000000000003,0.8560800000000001,96.12440000000001,97.464,1.7559179536641216,93.16434,99.0776
511,12.058399999999997,12.09,0.15271823728684147,11.7788,12.339,11.4,11.5,0.09999999999999999,11.2,11.5,0.6584,0.591,0.1868230713803839,0.3498,0.962,96.0208,97.429,1.6632610558778795,92.80019999999999,98.6778
512,11.8582,12.032,0.12765633552628702,11.6364,12.0716,11.6,11.5,0.18708286933869706,11.3,11.9,0.2582,0.532,0.21143826522178993,-0.1632,0.5784,95.82000000000001,96.968,1.7230926556630684,92.4884,98.5716
513,12.358799999999999,12.091,0.20088688359372814,12.057599999999999,12.75221,12.1,12.0,0.18708286933869706,11.8,12.4,0.25880000000000003,0.091,0.13245957874008205,0.034199999999999994,0.48339999999999994,95.8282,96.968,1.9403383570913624,92.6692,98.9872
514,12.7594,12.592,0.25257347445842376,12.357999999999999,13.2524,12.9,13.0,0.18708286933869706,12.6,13.2,-0.1406,-0.409,0.20826271869924293,-0.46579999999999994,0.2645199999999999,95.62620000000001,95.969,1.7733595630892227,92.5936,99.00919999999999
515,13.259799999999998,13.093,0.25249067309506706,12.858600000000001,13.669,13.7,13.5,0.12247448713915889,13.5,13.9,-0.44020000000000004,-0.468,0.27871408288782246,-0.8413999999999999,0.08119999999999998,96.12640000000002,96.469,1.6038264120533734,93.1962,98.87404500000001
516,13.760399999999999,14.01,0.1882630075187368,13.3888,14.0444,13.7,13.5,0.2549509756796392,13.3,14.2,0.06040000000000002,0.01,0.2765555278782183,-0.3484,0.5648000000000001,95.4186,95.969,1.8074010235694795,92.08319999999999,98.45039999999999
517,13.9608,14.01,0.18090754544794416,13.677195,14.270000000000001,13.8,14.0,0.12247448713915889,13.6,14.0,0.1608,0.093,0.1048691565714152,0.0354,0.3702,95.2136,94.965,1.5674236376933963,92.72172,97.81920000000001
518,14.160999999999998,14.095,0.18149628095363268,13.859775,14.4618,14.0,14.0,0.22360679774997896,13.6,14.4,0.16099999999999998,0.032,0.29889948143146716,-0.3524,0.6746049999999998,95.2112,95.468,1.579589706221208,92.435,97.8536
519,14.0608,14.074,0.1491292727803633,13.789600000000002,14.336000000000002,13.7,13.5,0.2549509756796392,13.3,14.2,0.3608,0.093,0.20813346679474687,0.0354,0.7654,95.20439999999999,95.969,1.4583394529395415,92.38640000000001,97.7302
520,13.7606,13.594,0.10642443328484304,13.585600000000003,13.9398,13.4,13.5,0.291547594742265,12.9,13.9,0.36060000000000003,0.093,0.2080772933311081,0.0354,0.7696,94.90100000000001,95.377,1.5006351988408113,92.39425,97.2514
521,13.36,13.509,0.11395876447206679,13.168200000000002,13.5564,12.5,12.5,0.22360679774997896,12.1,12.9,0.86,1.073,0.13869607060043193,0.6304,1.089,95.10400000000001,95.468,1.5593632995553037,92.0778,97.81800000000001
522,12.7594,13.009,0.19336173354622177,12.38,13.056000000000001,11.7,12.0,0.3,11.2,12.2,1.0594000000000001,1.072,0.17154812735789335,0.7382,1.384,94.80420000000001,94.965,1.5924988979588033,91.9284,97.61913000000001
523,11.9582,12.032,0.24643790292891213,11.46628,12.362599999999997,11.1,11.0,0.291547594742265,10.6,11.6,0.8582000000000001,1.032,0.2670049437744552,0.337,1.3668,95.112,95.468,1.698878188688053,91.98119999999999,98.038045
524,11.4576,11.532,0.09823573687818496,11.261199999999999,11.578,10.6,11.0,0.36742346141747667,9.9,11.2,0.8576,0.532,0.4184856747846932,0.14980000000000002,1.5854,95.3094,96.406,1.7212799772262506,92.5516,98.066
525,10.9574,11.033,0.09814000203790489,10.761,11.0774,10.5,10.5,0.27386127875258304,10.1,11.0,0.4574,0.57,0.2585178136995592,-0.06400000000000002,0.8661849999999999,94.805,95.468,1.6265141868425266,92.16560000000001,97.519
526,10.5566,10.586,0.14883232175841354,10.2758,10.828,10.1,10.0,0.291547594742265,9.6,10.6,0.45660000000000006,0.569,0.20095039188814734,0.12840000000000001,0.7834000000000001,95.8138,96.406,1.7377713428411699,92.5946,98.6716
527,10.256,10.506,0.19391209348568222,9.875399999999999,10.549735000000002,9.6,9.5,0.291547594742265,9.1,10.1,0.6559999999999999,0.568,0.20199480191331656,0.23079999999999998,0.9833999999999999,95.4092,96.406,1.6944758009484828,92.5048,98.066
528,9.655,9.586,0.17631987976402427,9.358,9.93292,9.0,9.0,0.31622776601683794,8.4,9.6,0.6549999999999999,0.586,0.2979743277532479,0.1586,1.1842000000000001,95.30999999999999,96.469,1.778065943659007,92.022,98.059
529,9.054200000000002,9.082,0.14895146860638872,8.773600000000002,9.326015000000002,8.9,9.0,0.33166247903553997,8.4,9.5,0.15420000000000003,0.066,0.25588384083407845,-0.2668,0.6728,95.71279999999999,96.919,1.6537399856083788,92.4954,98.367
530,8.7542,9.005,0.20029113809652196,8.363185000000003,9.067800000000002,8.4,8.0,0.291547594742265,8.0,9.0,0.35419999999999996,0.533,0.26637668816921645,-0.1668,0.7734,95.411,96.919,1.553789528861615,92.5014,97.9594
531,8.2532,8.504,0.20015429048611463,7.8616,8.5664,8.0,8.0,0.27386127875258304,7.6,8.5,0.2532,0.065,0.2681636440683189,-0.1742,0.6852399999999982,95.30600000000001,96.406,1.6364067037261867,92.2958,98.0552
532,7.9524,8.078,0.23799634450974233,7.4706,8.325599999999998,7.5,7.5,0.27386127875258304,7.1,8.0,0.4524,0.533,0.1958117973973989,0.1338,0.7710000000000001,95.09819999999999,96.406,1.727271269951539,91.797815,97.931335
533,7.5518,7.577,0.1489011081221359,7.270175,7.824800000000001,7.4,7.5,0.33166247903553997,6.9,8.0,0.1518,0.064,0.25530675666734715,-0.26899999999999996,0.6691999999999999,95.0934,96.406,1.6326887517221413,92.08959999999999,97.83359999999999
534,7.3518,7.503,0.12470581381796111,7.1394,7.5642,7.1,7.0,0.291547594742265,6.6,7.6,0.25179999999999997,0.082,0.26606679612458217,-0.17880000000000001,0.7656,95.40939999999999,96.406,1.7792143659491961,92.29459999999999,98.46279999999999
535,7.1514,7.081,0.18302284010472575,6.845000000000001,7.4482,7.1,7.0,0.291547594742265,6.6,7.6,0.0514,0.033,0.28056614193448215,-0.3600399999999998,0.575,95.6056,96.919,1.704003186616739,92.5914,98.03001499999999
536,6.9510000000000005,7.075,0.18196812907759424,6.6533999999999995,7.2498000000000005,6.8,7.0,0.25495097567963926,6.4,7.2,0.151,0.033,0.24902289051410514,-0.23954999999999987,0.6522,95.50200000000001,96.406,1.7992945562080722,92.35600000000001,98.648
537,7.0512,7.075,0.16376764027120863,6.7498000000000005,7.3544,7.4,7.5,0.291547594742265,6.9,7.9,-0.34880000000000005,-0.435,0.25506830457742097,-0.7696,0.16467999999999988,95.60839999999999,96.406,1.7744868723098526,92.4936,98.66
538,7.8524,7.577,0.3039992763149281,7.524800000000001,8.4572,8.6,8.5,0.39999999999999997,7.9,9.4,-0.7476,-0.933,0.20660484021435702,-0.9751999999999998,-0.33080000000000004,95.91279999999999,97.429,1.7693708034213746,92.69987,98.8646
539,9.2542,8.584,0.49200471542455776,8.5504,10.1478,10.6,10.5,0.291547594742265,10.1,11.1,-1.3458,-1.42,0.25363091294240925,-1.7655999999999998,-0.8346,96.1104,96.406,1.7801836590644247,92.8912,99.066
540,10.856399999999999,10.506,0.4027364647011738,10.170399999999999,11.650799999999998,11.5,11.5,0.15811388300841897,11.2,11.8,-0.6436,-0.913,0.3390378444952716,-1.1414,-0.0331150000000003,95.8078,96.919,1.611626085666274,93.06219999999999,98.3498
541,11.957999999999998,11.589,0.3652002190579847,11.3726,12.651599999999998,12.5,12.0,0.31622776601683794,12.0,13.1,-0.542,-0.468,0.09338736531244471,-0.72748,-0.4306,96.01480000000001,96.406,1.6307249737463387,92.99879999999999,98.75580000000001
542,12.558999999999997,12.091,0.315954110592029,12.057399999999998,13.1688,12.5,12.5,0.27386127875258304,12.1,13.0,0.05900000000000002,-0.409,0.38823575311915826,-0.433005,0.8524,95.6172,96.406,1.5937015216156376,92.84,98.3582
543,12.859199999999998,12.592,0.19558103180012126,12.558,13.252199999999998,12.3,12.0,0.19999999999999998,12.0,12.7,0.5591999999999999,0.532,0.1561471741659131,0.26739999999999997,0.8471199999999998,95.7098,95.377,1.6014100474269541,93.1208,98.65660000000001
544,12.859399999999999,12.592,0.19792715831840768,12.550799999999999,13.168000000000001,12.3,12.5,0.2549509756796392,11.9,12.7,0.5594,0.592,0.1689235329964419,0.22960000000000003,0.8686,96.2194,96.919,1.8420906220921909,92.99680000000001,99.37660000000001
545,12.5588,12.508,0.21994872129657875,12.166400000000001,12.9632,11.8,12.0,0.2549509756796392,11.4,12.2,0.7588,0.59,0.13265534290031444,0.534,0.9836,95.61280000000001,96.406,1.7898192757929512,92.71111,98.55720000000001
546,12.0582,12.008,0.22004485906287372,11.6656,12.4508,11.1,11.0,0.18708286933869706,10.8,11.4,0.9582,1.032,0.19462718206869253,0.6368,1.279,95.6126,96.406,1.5338647137215191,93.1592,98.1784
547,11.6578,11.589,0.1871724872944738,11.3486,11.967,10.7,11.0,0.19999999999999998,10.3,11.0,0.9578,1.07,0.1131969080849826,0.7322000000000001,1.086,95.91839999999999,96.406,1.8398432704988756,92.79839999999999,99.0768
548,11.057599999999999,11.033,0.1620637528875596,10.761,11.373,10.1,10.5,0.24494897427831783,9.7,10.5,0.9576,1.07,0.20135704606494403,0.6288,1.2852000000000001,95.7112,96.406,1.6242430667852623,92.8042,98.46279999999999
549,10.156,10.085,0.18735501060820325,9.846599999999999,10.460600000000001,9.5,9.5,0.22360679774997896,9.1,9.9,0.6559999999999999,0.568,0.20199480191331656,0.3270750000000001,0.9816149999999999,96.3036,96.406,1.729959034197052,93.11500000000001,99.2356
550,9.655000000000001,9.583,0.1874747983063322,9.345400000000001,9.959800000000001,9.2,9.0,0.12247448713915889,9.0,9.4,0.45499999999999996,0.533,0.19684206867435625,0.13299999999999998,0.7866199999999981,95.9084,96.406,1.7025818805567017,92.955715,98.8572
551,9.2544,9.505,0.19416400284295737,8.875540000000003,9.5486,8.6,8.5,0.18708286933869706,8.3,8.9,0.6544,0.586,0.18700176469755575,0.3472,0.9632,95.91040000000001,96.406,1.5605129477194335,92.9988,98.4426
552,8.853800000000001,9.005,0.11537391386270987,8.6594,9.048200000000001,8.2,8.0,0.25495097567963926,7.8,8.7,0.6537999999999999,0.566,0.20134830518283484,0.3218,0.9802,96.01180000000001,96.406,1.7432672600608332,93.1548,98.86880000000001
553,8.353,8.504,0.11544609131538394,8.1584,8.541799999999999,7.9,8.0,0.24494897427831783,7.4,8.3,0.453,0.533,0.19564713133598458,0.1324,0.771535,95.60759999999999,96.406,1.7507837559219015,92.2892,98.46279999999999
554,8.052600000000002,8.066,0.015154537274361116,8.024000000000001,8.0762,7.9,8.0,0.18708286933869706,7.6,8.2,0.15259999999999999,0.083,0.1991222237722349,-0.1784,0.46901,96.1126,96.406,1.730981386381725,93.0966,99.26000000000002
555,7.9524,8.033,0.09797122026391207,7.7562000000000015,8.071,7.8,8.0,0.25495097567963926,7.4,8.2,0.1524,0.065,0.25545715883490133,-0.265,0.6664,96.20880000000001,96.406,1.5569131446551525,93.49757500000001,98.64760000000001
556,7.852200000000001,8.003,0.1117771890861459,7.664199999999999,8.034200000000002,7.7,8.0,0.19999999999999998,7.3,8.0,0.15219999999999997,0.033,0.1888495168116667,-0.16673999999999878,0.46385499999999996,96.11359999999999,96.919,1.8597151018368383,92.8626,99.07719999999999
557,7.752,7.582,0.10873269977334317,7.5732,7.9358,7.5,7.5,0.27386127875258304,7.0,7.9,0.25199999999999995,0.065,0.20669494430198332,0.0274,0.6632,96.6178,96.919,1.7321278647952056,93.66300000000001,99.684825
558,7.651999999999999,7.577,0.08816348450464057,7.5516000000000005,7.830225,7.6,7.5,0.18708286933869706,7.3,7.9,0.05199999999999999,0.065,0.16559830917011198,-0.2508,0.36819999999999997,96.8114,96.406,1.7500721870825786,93.76175,99.7362
559,7.552,7.565,0.014926486525636187,7.526945000000001,7.576600000000001,7.5,7.5,0.15811388300841897,7.2,7.8,0.052000000000000005,0.065,0.1700670456026093,-0.2654849999999999,0.3722,96.3172,96.919,1.5914571436265568,93.6238,99.0772
560,7.652200000000001,7.577,0.1044707614598459,7.5298,7.8626000000000005,7.4,7.5,0.291547594742265,6.9,7.9,0.2521999999999999,0.066,0.267682909428301,-0.17239999999999997,0.6769049999999999,96.30820000000001,96.919,1.7331054613034935,93.12680000000002,99.3518
561,7.9524,7.582,0.2940162580538702,7.548399999999999,8.5474,8.3,8.0,0.19999999999999998,8.0,8.7,-0.3476,-0.418,0.19353438970890935,-0.6694,-0.03779999999999999,96.32159999999999,96.919,1.750979400221488,93.2666,99.384
562,9.0542,8.584,0.3903058288060787,8.551199999999998,9.8494,9.4,9.0,0.29154759474226505,9.0,10.0,-0.3458,-0.42,0.10501733190288164,-0.46928999999999993,-0.1404,96.61420000000001,96.406,1.7011922995358277,93.69660000000002,99.47000000000001
563,10.155600000000002,9.586,0.4013342248052113,9.5524,10.950199999999999,11.2,11.0,0.33911649915626335,10.6,11.8,-1.0444,-0.995,0.18915379985609596,-1.3626,-0.7336,96.6262,96.919,1.6072191947584507,93.852,99.398
564,11.3572,11.089,0.4077221357738625,10.654599999999999,12.067400000000001,12.0,11.5,0.31622776601683794,11.5,12.6,-0.6428,-0.468,0.1280130462101422,-0.8646,-0.4288,96.517,96.919,1.4832244941343178,93.92310499999999,98.9714
565,12.559000000000001,12.091,0.5296543212322542,11.8288,13.581199999999999,13.1,12.5,0.5338539126015656,12.3,14.1,-0.541,-0.425,0.10785963100252104,-0.7612,-0.41279999999999994,96.71979999999999,97.429,1.3592514999072105,94.1044,98.87813500000001
566,13.259799999999998,13.092,0.5201038742405213,12.458400000000001,14.269799999999998,13.7,14.0,0.3391164991562634,13.1,14.2,-0.4401999999999999,-0.492,0.41921121168213044,-1.1199999999999999,0.3529999999999999,95.91040000000001,96.919,1.3945846550138137,93.20320000000001,98.16052499999999
567,13.9606,14.532,0.4092446212230529,13.142399999999999,14.574000000000002,14.0,14.0,0.3535533905932738,13.4,14.6,-0.039400000000000004,-0.406,0.29854842153325817,-0.4652,0.5654,95.9132,96.406,1.4816070126723881,93.35793,98.6502
568,14.0608,14.074,0.3616599784327816,13.456,14.757200000000001,13.7,14.0,0.3,13.2,14.2,0.36079999999999995,0.032,0.3055780424048822,-0.14780000000000001,0.874,95.9118,96.919,1.3510854673187782,93.439,98.1578
569,13.9608,13.594,0.3743500233738473,13.356,14.6782,13.2,13.0,0.2549509756796392,12.8,13.6,0.7607999999999999,0.574,0.20908835452984942,0.5311999999999999,1.1865999999999999,95.8058,95.892,1.2953847845331525,93.6592,98.0296
570,13.7606,13.594,0.2641676740254188,13.330499999999999,14.277599999999998,12.9,13.0,0.18708286933869706,12.6,13.2,0.8606,0.594,0.2104864841266536,0.5398,1.2776,95.8158,96.919,1.5347344851797637,93.26149500000001,98.367
571,13.26,13.093,0.2643768144145776,12.825800000000001,13.7774,12.6,12.5,0.18708286933869706,12.3,12.9,0.6599999999999999,0.593,0.20061181420843588,0.3258,0.9853999999999999,96.20840000000001,96.406,1.6076100459999625,93.3636,99.05320000000002
572,12.8596,12.592,0.20554430179404148,12.5508,13.2638,12.1,12.0,0.09999999999999999,12.0,12.3,0.7596,0.573,0.20887426840087314,0.5306,1.1806,95.7112,96.406,1.6242430667852623,92.79960000000001,98.46279999999999
573,12.458999999999998,12.532,0.19475317712427717,12.145599999999998,12.868,11.8,12.0,0.12247448713915889,11.6,12.0,0.659,0.59,0.20044650159082344,0.3224,0.9802,96.31479999999999,96.919,1.414032227355516,93.86699999999999,98.76119999999999
574,12.258599999999998,12.09,0.12475640264130743,12.05,12.475399999999999,11.6,11.5,0.09999999999999999,11.5,11.8,0.6586,0.59,0.09457356924638088,0.541,0.84809,96.11019999999999,96.406,1.5161650767643995,93.13340000000001,98.66
575,12.0584,12.072,0.17169525328325175,11.732999999999999,12.375399999999999,11.6,11.5,0.09999999999999999,11.5,11.8,0.4584,0.572,0.11335457644047725,0.2286,0.5868,95.91659999999999,96.919,1.4643684850473937,93.4662,98.6502
576,11.8582,12.032,0.12765633552628702,11.636399999999998,12.0716,11.6,11.5,0.09999999999999999,11.5,11.8,0.25819999999999993,0.089,0.13268813059200132,0.0334,0.4830949999999999,95.915,96.919,1.5642893913851086,93.14040000000001,98.76399999999998
577,11.758,11.589,0.1249991999974399,11.5526,11.974224999999999,11.4,11.5,0.09999999999999999,11.2,11.5,0.358,0.532,0.12757272435752087,0.1362,0.5711999999999999,95.9132,96.406,1.4816070126723881,93.63018,98.4652
578,11.758,11.589,0.1249991999974399,11.549,11.975290000000001,11.4,11.5,0.09999999999999999,11.2,11.5,0.358,0.532,0.13105266117099643,0.1362,0.5780000000000001,96.3128,96.919,1.5247644211483948,93.6658,98.75054500000002
579,11.8582,12.032,0.12765633552628702,11.636399999999998,12.0678,11.7,11.5,0.12247448713915889,11.5,11.9,0.15819999999999998,0.072,0.1091610736480729,0.030000000000000006,0.3754,96.02099999999999,96.919,1.5388679930390394,93.1974,98.5758
580,12.058600000000002,12.09,0.16905815567431234,11.7404,12.3684,12.0,12.0,0.0,12.0,12.0,0.058599999999999985,0.09,0.16905815567431223,-0.2712,0.3598,95.916,96.919,1.5419768805011314,93.2666,98.5654
581,12.358799999999999,12.532,0.12749721565587235,12.1374,12.572,12.0,12.0,0.0,12.0,12.0,0.3588,0.532,0.12749721565587224,0.1292,0.5684,96.5232,96.919,1.5576553983471446,93.86126999999999,99.17939999999999
582,12.358799999999999,12.532,0.12749721565587235,12.1374,12.572,12.3,12.5,0.12247448713915889,12.1,12.5,0.058799999999999984,0.032,0.1562867236843872,-0.22151999999999988,0.3566,96.6082,96.919,1.579663552785846,93.8646,99.3518
583,12.4592,12.573,0.11332228377508125,12.233889999999999,12.5878,12.1,12.0,0.09999999999999999,12.0,12.3,0.35919999999999996,0.573,0.13857106480070072,0.12940000000000002,0.584205,96.30820000000001,96.919,1.7331054613034935,93.26149500000001,99.3518
584,12.4592,12.573,0.11332228377508125,12.233999999999998,12.5878,12.5,12.5,0.0,12.5,12.5,-0.040799999999999996,0.073,0.11332228377508104,-0.27040499999999995,0.08779999999999999,96.52380000000001,96.919,1.4355562127621475,94.22616,99.0676
585,12.859399999999999,13.032,0.12737802008195934,12.6416,13.0648,12.7,12.5,0.12247448713915889,12.5,12.9,0.1594,0.073,0.10915658477618288,0.029600000000000005,0.3801099999999999,96.1208,96.919,1.4970134735532619,93.40347499999999,98.68480000000001
586,13.159799999999999,13.093,0.19287260043873533,12.829799999999997,13.4692,13.2,13.0,0.12247448713915889,13.0,13.4,-0.0402,0.074,0.11348938276332282,-0.26559999999999995,0.08879999999999999,96.21099999999998,96.406,1.4397513326960325,93.762,98.66
587,13.4602,13.532,0.19208836508232344,13.142295000000003,13.773409999999998,13.6,13.5,0.09999999999999999,13.5,13.8,-0.1398,-0.407,0.20810559819476263,-0.46499999999999997,0.2694,96.1156,96.919,1.3369054042825919,93.93599999999999,98.3432
588,13.8606,14.032,0.12729713272497534,13.642900000000001,14.073599999999999,13.7,13.5,0.12247448713915889,13.5,13.9,0.1606,0.032,0.18964324401359517,-0.1524,0.47359999999999997,95.70179999999999,96.919,1.223035543228406,93.5976,97.8202
589,14.160999999999998,14.095,0.19274153677917985,13.830599999999999,14.4702,13.9,14.0,0.09999999999999999,13.7,14.0,0.261,0.095,0.12062047918989544,0.06020000000000001,0.46180000000000004,96.3074,96.919,1.2486290321788942,93.9262,98.3258
590,14.3612,14.532,0.12713827118535143,14.14,14.573999999999998,14.1,14.0,0.09999999999999999,14.0,14.3,0.2612,0.095,0.13275594148662423,0.035800000000000005,0.4866,96.20899999999999,96.919,1.2633616663489522,93.7034,98.2274
591,14.3612,14.532,0.12713827118535143,14.1314,14.5702,14.3,14.5,0.12247448713915889,14.1,14.5,0.06119999999999999,0.075,0.17173858040638393,-0.26,0.3818,96.114,96.919,1.4371847132501776,93.6238,98.44324000000002
592,14.5614,14.594,0.16247325933826773,14.2436,14.853399999999999,14.3,14.5,0.2549509756796392,13.9,14.7,0.2614,0.094,0.20410183732636997,0.03560000000000001,0.6706,96.51759999999999,97.464,1.3714930769056033,94.13880499999999,98.666
593,14.261,14.095,0.12447007672529159,14.061000000000002,14.477705,13.5,13.5,0.15811388300841897,13.2,13.8,0.7609999999999999,0.595,0.13263785281736132,0.5358,0.9862,95.9122,96.406,1.5130653125361098,93.36160000000001,98.4628
594,13.7604,13.594,0.25807607405569377,13.3346,14.1774,12.8,13.0,0.12247448713915889,12.6,13.0,0.9603999999999999,1.032,0.19726444180338232,0.63919,1.2816000000000003,96.5102,96.919,1.530479905127801,93.8646,99.1558
595,13.16,13.093,0.18677954920172596,12.851400000000002,13.4686,12.2,12.0,0.12247448713915889,12.0,12.4,0.96,1.032,0.19707003831125622,0.6392,1.2890000000000001,96.4038,97.429,1.887806303623336,92.89439999999999,99.4538
596,12.559199999999999,12.532,0.16212291633202283,12.2758,12.8632,11.6,11.5,0.18708286933869706,11.3,11.9,0.9592,0.572,0.2585417567821492,0.5304,1.388,96.2102,96.919,1.6437803198724565,93.196,98.85216000000001
597,11.958399999999997,12.032,0.09819806515405481,11.7624,12.078799999999998,11.1,11.0,0.18708286933869706,10.8,11.4,0.8583999999999999,0.571,0.21228014509133916,0.5302,1.1928749999999981,96.6146,96.919,1.592206789333598,93.86306,99.36460000000002
598,11.4576,11.532,0.09823573687818496,11.2662,11.578005,10.6,10.5,0.18708286933869706,10.3,10.9,0.8576,0.57,0.21220334587371614,0.5296000000000001,1.2728000000000002,96.50999999999999,97.429,1.7025636258301764,93.56620000000001,99.44054
599,11.0574,11.07,0.016169724796668686,11.028595,11.0848,10.4,10.5,0.291547594742265,9.9,10.9,0.6574,0.589,0.3044527221096898,0.1338,1.1734000000000002,96.10679999999999,97.429,1.3820069609086643,93.604,98.44579999999999
600,10.4564,10.533,0.09811248646324255,10.259800000000002,10.5766,9.7,10.0,0.19999999999999998,9.3,10.0,0.7564000000000001,0.588,0.2577131350940421,0.3476,1.1868,96.40899999999999,97.429,1.5033554802507632,93.76939999999999,99.04860000000001
601,10.056000000000001,10.069,0.015811388300841986,10.0276,10.0822,9.8,10.0,0.12247448713915889,9.6,10.0,0.25599999999999995,0.069,0.13509256086106294,0.029400000000000003,0.4826,96.30679999999998,96.919,1.7676362578313436,93.2034,99.3518
602,9.9558,10.069,0.11311516255568914,9.7338,10.0822,9.7,9.5,0.12247448713915889,9.5,9.9,0.25579999999999997,0.569,0.2155807041458024,-0.173,0.5825999999999999,96.413,97.429,1.6268022928432335,93.43199999999999,99.25780000000002
603,9.655000000000001,9.583,0.09562897050580418,9.536200000000001,9.8506,9.5,9.5,0.15811388300841897,9.2,9.7,0.155,0.086,0.19505101896683338,-0.1732,0.4600000000000001,96.51140000000001,97.429,1.6185532614035283,93.59760000000001,99.1462
604,9.555000000000001,9.568,0.0156492811336495,9.523200000000001,9.580615,9.5,9.5,0.15811388300841897,9.2,9.8,0.05500000000000001,0.068,0.17071877459728907,-0.2662,0.37,96.50540000000001,96.919,1.744440099286873,93.4642,99.5466
605,9.6552,9.583,0.1045764791910687,9.5318,9.864600000000001,9.5,9.5,0.15811388300841897,9.2,9.8,0.1552,0.086,0.19959018011916316,-0.17819999999999997,0.4779999999999999,96.31859999999999,96.919,1.5533887665359254,93.604,98.868245
606,9.7552,9.586,0.12176304858207183,9.5524,9.964615,9.6,9.5,0.18708286933869706,9.3,9.9,0.1552,0.086,0.19959018011916316,-0.1738,0.4752699999999999,96.20700000000001,96.919,1.8057919869132202,93.0622,99.3518
607,9.655000000000001,9.583,0.09562897050580418,9.536800000000001,9.85,9.4,9.0,0.24494897427831783,9.0,9.8,0.255,0.568,0.21527865662903045,-0.17379999999999998,0.5811999999999999,96.70859999999999,97.939,1.4693979243213875,93.991515,99.1576
608,9.555000000000001,9.568,0.0156492811336495,9.526200000000001,9.580615,9.1,9.0,0.18708286933869706,8.8,9.4,0.45499999999999996,0.533,0.19620117226968853,0.1358,0.7806,96.71279999999999,97.939,1.6446375102131172,93.8698,99.18091499999998
609,9.454800000000002,9.505,0.18188029030106587,9.168400000000002,9.8434,9.7,9.5,0.25495097567963926,9.3,10.1,-0.2452,-0.415,0.12454091697109027,-0.45339999999999997,-0.03699999999999999,96.62119999999999,97.939,1.6188774320497528,93.86979999999998,99.37259999999999
610,10.055600000000002,9.586,0.3901271074919043,9.5524,10.8502,10.6,10.5,0.36742346141747667,10.1,11.3,-0.5444,-0.429,0.11304494681320347,-0.7686,-0.41879999999999995,96.4148,97.429,1.5382544457923728,93.7678,99.06179999999999
611,11.257,10.588,0.49169523080867894,10.5544,12.267399999999999,12.4,12.5,0.18708286933869706,12.1,12.7,-1.143,-1.412,0.33906371082733106,-1.6472899999999984,-0.5323100000000003,96.52340000000001,97.939,1.5194084572622337,93.64692,98.97410500000002
612,12.358799999999999,12.09,0.3386057294258324,11.8572,12.968799999999998,13.1,13.0,0.18708286933869706,12.8,13.4,-0.7412,-0.91,0.25038737987366694,-1.13817,-0.26559999999999995,96.621,96.919,1.5552231029662595,93.749,99.2654
613,13.259799999999998,13.093,0.3771049456053315,12.6748,13.9822,13.8,13.5,0.19999999999999998,13.5,14.2,-0.5402,-0.909,0.2987107965909501,-0.9658,-0.030400000000000028,95.71459999999999,95.468,1.3849403452856743,93.4306,98.44120000000001
614,13.5602,13.093,0.3157311197839071,13.0592,14.169999999999998,14.2,14.0,0.2549509756796392,13.8,14.602499999999997,-0.6397999999999999,-0.968,0.43778549541984596,-1.2244,0.2653999999999999,96.01820000000001,95.468,1.2750403287739567,93.9736,98.4354
615,13.860400000000002,13.594,0.1952722714570607,13.5596,14.252600000000001,13.9,14.0,0.18708286933869706,13.6,14.2,-0.03960000000000001,0.009,0.18072426511124617,-0.3236,0.26959999999999995,95.304,94.766,1.2826163884809834,93.1044,97.54341
616,14.0608,14.074,0.14896120300266116,13.781489999999998,14.335999999999999,13.7,13.5,0.2549509756796392,13.3,14.2,0.36080000000000007,0.094,0.19765990994635207,0.0692,0.7528,95.6104,94.965,1.250683876924941,93.632,97.6288
617,13.459999999999999,13.509,0.1777261939051191,13.168200000000002,13.756705000000002,12.9,13.0,0.18708286933869706,12.6,13.2,0.5599999999999999,0.573,0.016929264603047577,0.5304,0.589,95.102,94.965,1.3167105224763715,92.688,97.13419999999999
618,13.059800000000001,13.009,0.21973470367695666,12.6678,13.4518,12.3,12.5,0.2549509756796392,11.9,12.7,0.7598,0.592,0.1326775791156893,0.5347999999999999,0.9808,95.512,95.969,1.370584692749776,93.03580000000001,97.75158499999999
619,12.3586,12.09,0.30055974447686784,11.8496,12.85579,11.5,12.0,0.31622776601683794,10.9,12.0,0.8586,1.071,0.2129228968429652,0.42960000000000004,1.0866,95.1038,95.892,1.4868463067849353,92.19640000000001,97.616185
620,11.5578,11.589,0.2728067814406378,11.0616,11.9552,10.8,11.0,0.2549509756796392,10.3,11.2,0.7578,0.57,0.1359909555816121,0.5346,0.986,95.6154,96.469,1.5334322482587863,92.6912,98.059
621,11.057599999999999,11.033,0.1620637528875596,10.766200000000001,11.36213,10.2,10.5,0.19999999999999998,9.8,10.5,0.8576,1.07,0.1379299097367935,0.6284000000000001,1.0852,95.311,95.969,1.478878358757067,92.79987000000001,97.7498
622,10.5564,10.586,0.27305321825607554,10.048599999999999,10.966,10.0,10.0,0.22360679774997896,9.6,10.4,0.5564,0.589,0.22914637243473876,0.14709000000000025,0.9656649999999998,95.6178,95.892,1.634460443082058,92.92479999999999,98.6696
623,9.9558,10.033,0.09817708490274102,9.764274999999998,10.075399999999998,9.3,9.5,0.25495097567963926,8.8,9.7,0.6557999999999999,0.587,0.19952127706086886,0.32376,0.9751999999999998,95.81259999999999,95.969,1.465704697406676,93.1302,98.10161500000001
624,9.354600000000001,9.533,0.19774341961238545,8.957800000000002,9.573615,8.4,8.5,0.39999999999999997,7.7,9.1,0.9546000000000001,1.066,0.3451412174748186,0.32680000000000003,1.5697,95.91819999999998,95.969,1.4055265703642894,93.401115,98.3606
625,8.453399999999998,8.533,0.09799469373389542,8.256400000000001,8.572199999999999,7.7,7.5,0.2549509756796392,7.3,8.2,0.7534000000000001,1.033,0.3086145816386517,0.23240000000000002,1.3611999999999997,95.6224,96.469,1.793782361380555,92.28659999999999,98.66040000000001
626,8.052600000000002,8.066,0.015154537274361116,8.024,8.0766,7.6,7.5,0.24494897427831777,7.2,8.1,0.45260000000000006,0.566,0.2577977113940308,-0.07180000000000002,0.8700000000000001,94.89959999999999,95.969,1.4536352224681415,92.1868,97.1398
627,7.752,7.582,0.10873269977334317,7.5742,7.933400000000001,7.4,7.5,0.24494897427831783,7.0,7.8,0.352,0.082,0.2043839524033137,0.04360000000000001,0.75067,95.613,96.469,1.3480709180158141,93.1074,97.85204999999999
628,7.651999999999999,7.577,0.09629537891300897,7.5336,7.849200000000001,7.6,8.0,0.24494897427831783,7.2,8.0,0.052000000000000005,0.033,0.2303753459031586,-0.3594,0.46099999999999997,95.51079999999999,96.469,1.4606008489659306,92.69120000000001,97.84979999999999
629,7.4518,7.533,0.098038461840239,7.2554,7.5702,7.1,7.0,0.3316624790355399,6.5,7.7,0.3518,0.064,0.35064446380914105,-0.17285999999999996,0.9720049999999998,95.3132,95.969,1.5479468466326611,92.405,97.84031
630,7.2512,7.081,0.10905796623814329,7.072799999999999,7.435400000000001,7.0,7.0,0.27386127875258304,6.6,7.5,0.2512,0.533,0.20867112881278038,-0.15019999999999997,0.5622,95.2046,96.469,1.50376559343536,92.68206,97.7302
631,7.1512,7.075,0.08833821370165912,7.0498,7.329599999999999,6.5,6.5,0.27386127875258304,6.0,6.9,0.6512,0.533,0.24890488143063805,0.25520000000000004,1.1582000000000001,95.2018,96.406,1.5040154055062076,92.6922,97.64720000000001
632,6.850399999999999,7.002,0.11225355228232195,6.662999999999999,7.039199999999999,6.8,7.0,0.25495097567963926,6.397500000000003,7.2,0.0504,0.064,0.16959027094736298,-0.27,0.3632799999999999,95.4092,96.919,1.5925513618090945,92.85745,97.9594
633,7.150799999999999,7.002,0.3673196700423217,6.6616,7.862200000000001,7.5,7.5,0.4183300132670377,6.8,8.2,-0.3492,-0.434,0.10641306310787224,-0.47620000000000007,-0.13360000000000002,95.5074,96.406,1.5225729079423413,92.69866499999999,98.0552
634,8.1526,7.582,0.4016802957577082,7.548399999999999,8.947,9.5,9.0,0.5244044240850758,8.8,10.5,-1.3474,-1.418,0.18627146856134463,-1.6552,-1.0395999999999999,95.30460000000001,96.406,1.625547403184541,91.9784,97.8568
635,9.755,9.005,0.7527540767076589,8.75,11.2664,11.1,10.5,0.6595452979136458,10.197500000000002,12.4,-1.345,-1.42,0.17941209546739034,-1.6373199999999999,-1.0486,95.619,96.469,1.561965716653217,92.975,98.455
636,11.4572,10.588,0.6012701888502372,10.5544,12.6524,12.9,12.5,0.3674234614174767,12.3,13.5,-1.4427999999999999,-1.494,0.2719666155983119,-1.8291999999999997,-0.932,94.38839999999999,93.774,1.5770316293594124,91.6806,97.32459999999999
637,12.759,12.091,0.5637674165824058,11.857194999999999,13.752799999999999,13.9,13.5,0.3674234614174767,13.3,14.6,-1.141,-1.409,0.20132982888782278,-1.443,-0.7472,92.53099999999999,91.267,1.2857457369169067,90.42247,94.76952999999999
638,13.359799999999998,13.093,0.3025224619759664,12.8586,13.860999999999999,13.9,14.0,0.18708286933869706,13.6,14.2,-0.5402,-0.907,0.29330843833752884,-0.9414,0.05239999999999997,91.4922,90.761,1.6020916765279056,88.445,94.1858
639,13.459999999999999,13.593,0.2968890365102761,12.93799,13.960999999999999,13.5,13.5,0.22360679774997896,13.1,13.9,-0.039999999999999994,0.074,0.11354778729680291,-0.26200999999999985,0.08919999999999999,91.0792,90.254,1.6219030612215999,88.1288,93.83680000000001
640,13.36,13.574,0.25969809394756843,12.858574999999998,13.761,13.4,13.5,0.18708286933869706,13.1,13.7,-0.04000000000000001,0.032,0.1922058792024843,-0.358,0.28159999999999996,91.1908,90.254,1.5232956180597377,88.62158500000001,93.84776500000001
641,13.159799999999999,13.093,0.19532470401871865,12.837795,13.4686,12.6,12.5,0.24494897427831783,12.2,13.1,0.5598,0.593,0.23789018474918208,0.13940000000000002,0.985,91.075,91.267,1.3329675539937191,88.7066,93.5848
642,12.559199999999999,12.592,0.2290935180226628,12.1504,12.968,11.9,12.0,0.24494897427831777,11.4,12.3,0.6592,0.592,0.20030936073983163,0.3256,0.984,91.6138,90.254,1.5506088610607138,89.01160000000002,94.3048
643,12.158399999999997,12.09,0.18695683993906184,11.7786,12.4744,11.3,11.0,0.19999999999999998,11.0,11.7,0.8583999999999999,1.008,0.12634421237239163,0.6435799999999999,1.074,91.405,90.254,1.5625994368359415,88.53419999999998,94.060985
644,11.6578,11.589,0.1871724872944738,11.3486,11.967,10.9,11.0,0.18708286933869706,10.6,11.2,0.7578,0.532,0.263711091916893,0.3422,1.1785999999999999,91.8226,90.371,1.502874532354582,89.31700000000001,94.32820000000001
645,11.2574,11.532,0.20948403280441202,10.8552,11.5708,11.2,11.0,0.12247448713915889,11.0,11.4,0.057399999999999986,0.088,0.16888919444416803,-0.2612,0.36661,91.51540000000001,89.852,1.5780787559561167,89.0324,94.40739999999998
646,11.2574,11.532,0.20948403280441202,10.8552,11.5708,11.2,11.0,0.12247448713915889,11.0,11.4,0.057399999999999986,0.088,0.16888919444416803,-0.2608,0.3666,91.7214,90.254,1.5572807903522088,89.1328,94.62481000000001
647,11.4576,11.571,0.18707875347029668,11.139799999999997,11.763,11.2,11.0,0.12247448713915889,11.0,11.4,0.25759999999999994,0.09,0.12107212726304926,0.056400000000000006,0.46661,91.831,90.371,1.7166154199470554,88.90899999999999,94.647505
648,11.357399999999998,11.088,0.19838639066226296,11.044799999999999,11.6664,11.1,11.0,0.09999999999999999,11.0,11.3,0.25739999999999996,0.088,0.12500863970142223,0.048400000000000006,0.4744,92.13640000000001,90.761,1.7413978752714734,89.23499999999999,95.25179999999999
649,11.4578,11.532,0.3398035314707604,10.919324999999999,12.0678,11.4,11.0,0.29154759474226505,11.0,12.0,0.05779999999999998,0.073,0.17168704086214545,-0.2724,0.29074999999999823,91.82520000000001,90.254,1.6037004520795028,89.1328,94.5176
650,12.2584,12.532,0.3051025401401961,11.7402,12.772,12.5,12.5,0.15811388300841897,12.2,12.8,-0.24159999999999998,-0.411,0.2663410595458387,-0.666715,0.26839999999999997,91.7234,90.371,1.5585933914911871,89.1134,94.60140000000001
651,12.5588,12.591,0.22500119999680016,12.157399999999999,12.9602,12.6,12.5,0.09999999999999999,12.5,12.8,-0.04120000000000001,0.032,0.19226424524596347,-0.359,0.27199999999999996,92.139,90.371,1.5642914370410648,89.525,95.0232
652,12.859399999999999,13.032,0.12737802008195934,12.6464,13.072495000000002,12.7,12.5,0.12247448713915889,12.5,12.9,0.1594,0.092,0.10471465990968026,0.029600000000000005,0.3686,92.13980000000001,90.887,1.7062294804626956,89.2166,95.063
653,13.0596,13.073,0.22702083604814782,12.7296,13.4524,12.9,13.0,0.18708286933869706,12.6,13.2,0.15960000000000002,0.032,0.18975895235798493,-0.15839999999999999,0.4728,91.6224,90.887,1.7284948539119238,88.8778,94.64420000000001
654,13.26,13.532,0.20938743992895098,12.841904999999999,13.5732,13.1,13.0,0.09999999999999999,13.0,13.3,0.15999999999999998,0.093,0.20060682939521274,-0.17759999999999998,0.48539999999999994,92.13820000000001,90.887,1.7427762736507517,89.2362,95.2284
655,13.560399999999998,13.574,0.22691685702036318,13.155600000000002,13.9652,13.5,13.5,0.15811388300841897,13.2,13.8,0.06039999999999999,0.032,0.1591893840681595,-0.21459999999999999,0.36920000000000003,92.03220000000002,90.887,1.6731613012498223,88.9442,94.85100000000001
656,13.7606,14.032,0.2092476045263122,13.343,14.0696,14.0,14.0,0.15811388300841897,13.7,14.3,-0.2394,-0.406,0.2662415444666741,-0.6695949999999999,0.2612149999999998,92.2386,91.402,1.5854566723818095,89.5232,94.95865
657,14.1608,14.532,0.24931093036607913,13.7392,14.573999999999998,14.3,14.0,0.19999999999999998,14.0,14.7,-0.1392,-0.406,0.20536781636858292,-0.4476,0.2646,91.8282,91.402,1.6395206433589058,89.11280000000001,94.5436
658,14.761599999999998,15.032,0.3046946996585271,14.243685,15.274799999999999,14.9,15.0,0.18708286933869706,14.6,15.2,-0.1384,0.032,0.1273140212231159,-0.3560949999999999,0.0748,92.5504,92.428,1.716694340877258,89.5258,95.5444
659,15.6624,16.032,0.3747538658906672,15.049199999999999,16.2756,15.9,15.5,0.29154759474226505,15.5,16.5,-0.23759999999999998,-0.403,0.2641409850818308,-0.6721999999999999,0.18839999999999998,91.61760000000001,91.402,1.5614258419790557,89.022265,94.17999999999999
660,16.262999999999998,16.532,0.3044866171114918,15.7456,16.776000000000003,16.7,16.5,0.12247448713915889,16.5,16.9,-0.437,-0.468,0.23143487204827196,-0.8326,-0.02799999999999999,90.79220000000001,89.852,1.7306196982584012,87.77560000000001,93.80879999999999
661,16.6632,17.032,0.2489088989972037,16.2418,17.072000000000003,16.8,17.0,0.12247448713915889,16.6,17.0,-0.1368,0.032,0.26539713638244106,-0.5819899999999988,0.2844,87.9384,86.818,1.5505901328204057,85.46979999999999,90.63836500000001
662,16.563200000000002,16.577,0.2264191687998172,16.159399999999998,16.967,16.7,16.5,0.12247448713915889,16.5,16.9,-0.13679999999999998,-0.401,0.20526967627976617,-0.44939999999999997,0.27999999999999997,87.41780000000001,85.778,1.808284972010771,84.40040000000002,90.48539999999998
663,16.563200000000002,16.577,0.2264191687998172,16.177,16.954,16.5,16.5,0.15811388300841897,16.2,16.7,0.06319999999999999,0.032,0.2313344764621132,-0.34959999999999997,0.39339999999999997,87.421,87.239,1.7004613197600233,84.37100000000001,90.2878
664,16.463,16.099,0.2461997156781463,16.0546,16.8844,16.0,16.0,0.15811388300841897,15.7,16.3,0.46299999999999997,0.532,0.19445899310651588,0.1416,0.7951449999999982,86.56599999999999,86.183,1.6970680304572336,83.394035,89.39665
665,15.9626,16.011,0.28720978395590935,15.4714,16.4538,15.1,15.5,0.29154759474226505,14.5,15.5,0.8625999999999999,1.032,0.1269624353893702,0.6409850000000001,1.070805,87.73419999999999,87.239,1.5655772864984974,84.9582,90.51019999999998
666,15.262,15.097,0.25798779040877123,14.853399999999999,15.7576,14.2,14.0,0.12247448713915889,14.0,14.4,1.062,1.032,0.2840029929419759,0.6404,1.592,88.691,88.289,1.5345209350152267,86.00699999999999,91.57739000000001
667,14.661600000000002,14.575,0.1094114253631678,14.531600000000001,14.8784,13.7,13.5,0.12247448713915889,13.5,13.9,0.9616,1.075,0.11349387648679554,0.7314,1.0912,88.905,87.239,1.7453581867341734,86.0038,92.2954
668,14.261,14.095,0.12447007672529159,14.044,14.477705,13.6,13.5,0.18708286933869706,13.2,13.9,0.6609999999999999,1.032,0.25316555847903166,0.23960000000000004,1.082,89.43320000000001,87.765,1.8929628733813044,86.31417,93.03080000000001
669,14.160999999999998,14.095,0.2006222819130515,13.8268,14.482800000000001,13.9,14.0,0.09999999999999999,13.7,14.0,0.261,0.575,0.21667787150514467,-0.16939999999999997,0.5906,89.2174,87.765,1.5683340396739458,86.5278,91.9624
670,14.261,14.095,0.12447007672529159,14.052600000000002,14.469400000000002,13.9,14.0,0.18708286933869706,13.6,14.2,0.361,0.574,0.13889852411022946,0.13110000000000008,0.5903999999999999,89.7454,88.812,1.752621139893045,87.0622,92.8148
671,14.261,14.095,0.12447007672529159,14.052600000000002,14.477599999999999,13.6,13.5,0.09999999999999999,13.5,13.8,0.6609999999999999,0.595,0.19504563568560052,0.3272,0.9696049999999998,90.2656,89.234,1.8770261745644377,87.1562,93.56620000000001
672,14.261,14.095,0.12447007672529159,14.052600000000002,14.481799999999998,13.5,13.5,0.0,13.5,13.5,0.7609999999999999,0.595,0.12447007672529171,0.5526,0.9776000000000001,90.06039999999999,88.812,1.916031435023968,86.93799999999999,93.18762500000001
673,13.660400000000001,13.594,0.1868776605161782,13.352,13.956995000000001,13.1,13.0,0.18708286933869706,12.8,13.4,0.5603999999999999,0.594,0.16261383704961888,0.24299999999999997,0.8484,90.266,88.812,1.7828045041450864,87.35319999999999,93.56739999999999
674,13.16,13.093,0.18677954920172596,12.851400000000002,13.456589999999998,12.6,12.5,0.18708286933869706,12.3,12.9,0.5599999999999999,0.573,0.17171662703419258,0.23859999999999998,0.8808,89.8444,88.812,1.614310893229679,87.02680000000001,92.6994
675,12.559199999999999,12.532,0.16212291633202283,12.268,12.875200000000001,11.9,12.0,0.18708286933869706,11.6,12.2,0.6592,0.572,0.2027901378272622,0.32942000000000016,0.9880000000000001,89.951,89.333,1.7502647514019125,87.0354,92.85979999999999
676,11.9582,12.032,0.24643790292891213,11.4616,12.3626,11.2,11.0,0.25495097567963926,10.8,11.6,0.7582000000000001,0.532,0.3516413513794986,0.1376,1.3788,90.373,89.852,1.9304650993996257,87.13999999999999,93.6
677,11.357800000000001,11.507,0.12608624032780108,11.1426,11.572999999999999,10.9,11.0,0.18708286933869706,10.6,11.202499999999997,0.45779999999999993,0.533,0.1968698554883403,0.13740000000000002,0.7853999999999999,90.4758,89.852,1.9042012341136658,87.24279999999999,93.7942
678,11.157599999999999,11.088,0.10455983932657895,11.0286,11.367,10.8,10.5,0.19999999999999998,10.5,11.1,0.3576,0.571,0.21289142772784442,-0.0716,0.585,90.2664,90.371,1.7119675697862955,87.2562,93.27659999999999
679,11.0574,11.07,0.016169724796668686,11.03,11.084999999999999,11.1,11.0,0.09999999999999999,11.0,11.3,-0.0426,0.07,0.11305511930027759,-0.2716,0.08499999999999999,90.475,90.371,1.7762005798895593,87.45439999999999,93.44660000000002
680,11.157599999999999,11.088,0.10455983932657895,11.0336,11.361925,11.0,11.0,0.22360679774997896,10.6,11.4,0.15760000000000002,0.089,0.19514804636480476,-0.17140000000000002,0.45519999999999994,90.68760000000002,90.887,1.899579943040039,87.35940000000002,94.01579999999998
681,11.758199999999999,11.589,0.20433878731166052,11.5334,12.168,11.9,12.0,0.18708286933869706,11.6,12.2,-0.1418,0.073,0.1383630731083984,-0.37160000000000004,0.08619999999999998,90.9914,91.916,1.6819218055545866,88.1832,93.79960000000001
682,12.358799999999999,12.091,0.20088688359372814,12.057599999999999,12.7682,12.9,13.0,0.18708286933869706,12.6,13.2,-0.5412,-0.427,0.11320574190384514,-0.7708,-0.413,91.2058,91.402,1.7419553783033594,88.28880000000001,94.1884
683,13.259799999999998,13.092,0.37703851262172133,12.711859999999998,13.95342,13.5,13.5,0.27386127875258304,13.1,14.1,-0.24020000000000002,0.032,0.20942311238256392,-0.6617999999999999,0.0766,91.2018,91.402,1.6319033488537247,88.28600000000002,93.91
684,13.9606,13.594,0.2932961984070027,13.5594,14.482399999999998,14.4,14.0,0.43011626335213127,13.8,15.2,-0.4394,-0.407,0.14829922454281413,-0.7178000000000001,-0.18180000000000002,91.4084,91.402,1.6395234551539657,88.4926,94.11880000000001
685,14.5612,14.095,0.45050054383984933,13.860394999999999,15.4708,15.5,15.5,0.22360679774997896,15.1,15.9,-0.9388000000000002,-0.968,0.27874852465977284,-1.352,-0.4166,91.3072,90.887,1.7135047826020207,88.39059999999999,94.22673
686,15.262,15.097,0.2603952764548544,14.821240000000001,15.74993,15.6,15.5,0.18708286933869706,15.3,15.9,-0.33799999999999997,-0.405,0.10490805498149322,-0.46420000000000006,-0.12860000000000002,91.50840000000001,91.916,1.492706555221086,89.0084,93.8584
687,15.362199999999998,15.576,0.25938203484435857,14.931799999999999,15.7664,15.5,15.5,0.15811388300841897,15.2,15.8,-0.1378,0.032,0.12719685530703972,-0.35961999999999983,0.0752,91.407,91.402,1.4461952841853698,88.96127,93.9056
688,15.4622,15.576,0.18619624056355175,15.157999999999998,15.766399999999999,15.0,15.0,0.15811388300841897,14.7,15.3,0.4622,0.532,0.09256910931838978,0.2754,0.5751999999999999,91.93140000000001,91.916,1.8392141419638979,88.67005999999999,95.23519999999999
689,15.262,15.097,0.2580846760270746,14.8402,15.7534,14.9,15.0,0.18708286933869706,14.6,15.2,0.362,0.532,0.12711294190600736,0.1404,0.5706,91.4162,90.371,1.7630374187747702,88.49499999999999,94.3374
690,15.062000000000001,15.097,0.22903645997962868,14.6534,15.4706,14.3,14.5,0.12247448713915889,14.1,14.5,0.7619999999999999,1.032,0.21179636446360453,0.3404,1.0834,91.4074,91.402,1.566787401021594,88.7508,94.1136
691,14.5614,14.596,0.2290186891936989,14.165600000000001,14.969999999999999,13.6,13.5,0.18708286933869706,13.3,13.9,0.9614,1.074,0.2590744294599527,0.44429000000000013,1.3782,91.4084,91.402,1.6395234551539657,88.3666,94.11880000000001
692,13.8606,14.032,0.26135542848772036,13.364600000000001,14.369199999999998,13.0,13.0,0.15811388300841897,12.7,13.3,0.8605999999999998,1.032,0.26740729234633825,0.34719000000000017,1.29,91.41040000000001,91.916,1.6345334074285554,88.5992,94.221845
693,13.3602,13.093,0.2055722257504645,13.051400000000001,13.764600000000002,12.7,13.0,0.19999999999999998,12.4,13.0,0.6601999999999999,0.593,0.20044934522217825,0.3306,0.981695,91.7174,92.938,1.7372908967700251,88.48738499999999,94.627955
694,12.959799999999998,13.032,0.24642512047273116,12.4804,13.3686,12.3,12.0,0.19999999999999998,12.0,12.7,0.6597999999999999,1.032,0.25326930331171205,0.2384,1.0808,91.3086,90.887,1.6759760320481922,88.3934,94.081255
695,12.358799999999999,12.532,0.1976343593609168,11.962599999999998,12.5798,11.6,11.5,0.291547594742265,11.1,12.1,0.7588,0.571,0.26972085570085236,0.23300500000000016,1.2798,91.61300000000001,91.916,1.6182520508252098,88.9268,94.28
696,11.8582,12.032,0.19771605903416126,11.45468,12.078799999999998,11.2,11.0,0.19999999999999998,11.0,11.6,0.6582000000000001,1.032,0.25320276459786134,0.2252,1.0788,91.8146,92.938,1.4905741041625542,88.9058,94.21279999999999
697,11.2576,11.088,0.1198109343924836,11.058800000000002,11.4694,10.8,11.0,0.25495097567963926,10.3,11.3,0.45760000000000006,0.57,0.20135704606494406,0.13,0.7851999999999999,91.3078,91.402,1.7455585180680706,88.28880000000001,94.08382999999998
698,10.9574,11.033,0.09814000203790489,10.761194999999999,11.0774,10.4,10.5,0.18708286933869706,10.1,10.8,0.5574,0.57,0.17120589943106518,0.23979999999999996,0.8772,91.81660000000001,93.955,1.8674687842103275,88.17987,94.8374
699,10.4564,10.533,0.09811248646324255,10.260190000000001,10.5758,9.8,9.5,0.33911649915626335,9.3,10.4,0.6564000000000001,0.569,0.34617345363271285,0.03500000000000001,1.1834000000000002,91.9276,92.938,1.7231953632713854,89.19899999999998,94.8468
700,9.9558,10.033,0.09817708490274102,9.754,10.075410000000002,9.4,9.5,0.18708286933869706,9.1,9.7,0.5557999999999998,0.568,0.17087638807044112,0.2384,0.8712,91.822,92.938,1.7345624808579239,88.9546,94.63880000000002
701,9.555000000000001,9.568,0.0156492811336495,9.5268,9.581199999999999,9.4,9.5,0.24494897427831783,8.9,9.8,0.15499999999999997,0.068,0.2560173822223795,-0.2662,0.6699999999999999,91.61100000000002,93.447,1.8064870605681072,88.46860000000001,94.453345
702,9.6552,9.583,0.1045764791910687,9.526800000000001,9.859600000000002,9.6,9.5,0.18708286933869706,9.3,9.9,0.055200000000000006,0.069,0.17072269913517651,-0.2694,0.3702,92.4352,94.341,1.7862377893214554,89.15643,95.377
703,9.9556,10.006,0.18185890134937027,9.668800000000001,10.2652,10.0,10.0,0.15811388300841897,9.7,10.3,-0.0444,0.033,0.1921526996948,-0.3626,0.2679999999999998,92.1292,93.821,1.6962163894975193,89.3012,94.8422
704,10.356200000000001,10.087,0.2011748990306693,10.0384,10.6768,10.6,10.5,0.18708286933869706,10.3,10.9,-0.24380000000000002,0.033,0.20912039594453716,-0.6619999999999999,0.0656,92.133,94.341,1.9503501480503447,88.62459999999999,95.41139999999999
705,10.956999999999999,10.588,0.2937859765203232,10.55479,11.478399999999999,11.6,11.5,0.24494897427831783,11.2,12.1,-0.643,-0.467,0.12751548925522735,-0.86167,-0.43293000000000004,92.4418,94.341,1.7799029018460535,89.4962,95.3634
706,11.9582,11.59,0.2935716948208734,11.5562,12.5682,12.6,12.5,0.24494897427831783,12.2,13.1,-0.6418,-0.468,0.12764928515271834,-0.86,-0.431715,92.64320000000001,94.341,1.8471463775239911,89.23614500000001,95.7902
707,13.0594,12.592,0.31580588974875057,12.5582,13.6524,13.6,13.5,0.18708286933869706,13.3,13.9,-0.5406000000000001,-0.492,0.18111697877338834,-0.825,-0.231,92.8506,93.955,1.5299701173552387,89.9014,95.26219999999999
708,13.8606,13.594,0.20075522409142918,13.5596,14.182599999999999,14.3,14.5,0.12247448713915889,14.1,14.5,-0.4394,-0.468,0.1560213446936027,-0.7232000000000001,-0.1346,93.1674,94.341,1.7983973309588752,90.31379999999999,96.045
709,14.761600000000001,14.596,0.26045913307081414,14.331199999999999,15.183600000000002,15.1,15.0,0.18708286933869706,14.8,15.4,-0.33840000000000003,-0.468,0.24498767315928363,-0.7172,0.15399999999999997,92.85780000000001,93.955,1.6937138896519692,89.7346,95.5008
710,15.162,15.097,0.19262839873705026,14.831399999999999,15.470999999999998,15.1,15.0,0.18708286933869706,14.8,15.4,0.06200000000000001,0.032,0.27848824032622993,-0.36831999999999987,0.6584000000000001,93.0448,94.86,1.4665173848270618,90.221,95.268
711,15.0618,15.095,0.1624941229706478,14.74391,15.353599999999997,14.7,14.5,0.12247448713915889,14.5,14.9,0.3618,0.532,0.12702102188220657,0.1404,0.5744,92.4384,93.447,1.556460458861709,89.422,94.94860000000001
712,15.0618,15.095,0.1624941229706478,14.74439,15.353200000000001,14.6,14.5,0.09999999999999999,14.5,14.8,0.46180000000000004,0.575,0.11355324742163916,0.2314,0.5918,92.9466,94.341,1.4638449917938723,90.3274,95.1754
713,14.9618,15.095,0.18906173594886946,14.6404,15.340599999999998,14.6,14.5,0.09999999999999999,14.5,14.8,0.3618,0.532,0.13127962522798425,0.1404,0.5831999999999999,92.7436,94.341,1.8444621058726043,89.23519999999999,95.7418
714,14.761600000000001,15.032,0.20914315671329053,14.361600000000001,15.0744,14.1,14.0,0.09999999999999999,14.0,14.3,0.6616,0.596,0.20055138992288232,0.3274,0.9832000000000001,92.64500000000001,93.955,1.4493510616824345,89.9398,95.05019999999999
715,14.761600000000001,14.596,0.12446228344362013,14.553199999999999,14.970210000000002,14.0,14.0,0.15811388300841897,13.7,14.2,0.7615999999999999,0.596,0.13281889925759813,0.536,0.9872,92.638,93.821,1.6110603961366572,89.5468,95.273
716,14.661600000000002,14.596,0.19511755431021588,14.3316,14.978399999999999,13.9,14.0,0.09999999999999999,13.7,14.0,0.7615999999999999,1.032,0.2116385125632856,0.33999999999999997,1.0828,92.9536,94.341,1.5018846693404935,90.0652,95.8386
717,14.461400000000001,14.575,0.11343526788437534,14.2316,14.5906,14.2,14.0,0.12247448713915889,14.0,14.4,0.26139999999999997,0.075,0.13659267915960943,0.0318,0.49099999999999994,92.9496,94.461,1.5167822388200634,90.2266,95.35900000000001
718,14.461400000000001,14.575,0.11343526788437534,14.231199999999998,14.591,14.1,14.0,0.09999999999999999,14.0,14.3,0.36140000000000005,0.575,0.13905955558680602,0.1312,0.591,93.7654,94.86,1.471282929962826,91.1836,96.2208
719,14.5614,14.594,0.16247325933826773,14.3274,14.853,14.0,14.0,0.15811388300841897,13.7,14.3,0.5614,0.594,0.16896023200741644,0.244,0.8705999999999999,93.2554,93.821,1.6989473682253973,90.159,95.94860000000001
720,14.3612,14.532,0.13121067029780772,14.139599999999998,14.582400000000002,13.9,14.0,0.09999999999999999,13.7,14.0,0.4612,0.532,0.1973733517980581,0.13999999999999999,0.8704000000000001,93.2646,94.965,1.7282463250358744,90.17339999999999,96.09060000000001
721,14.261199999999999,14.095,0.13275594148662406,14.0358,14.4866,13.9,14.0,0.09999999999999999,13.7,14.0,0.3612,0.575,0.1389753215502666,0.1274,0.5906,93.059,94.341,1.6387301486211823,90.317,95.801
722,14.3612,14.532,0.12713827118535143,14.14,14.574000000000002,14.1,14.0,0.18708286933869706,13.8,14.4,0.2612,0.075,0.13647028980697593,0.03180000000000001,0.4904,93.9784,94.86,1.7154878198343477,90.4476,96.73354499999999
723,14.4612,14.532,0.19197432119947694,14.143799999999999,14.7828,14.5,14.5,0.15811388300841897,14.2,14.8,-0.03880000000000002,0.01,0.18908765163278113,-0.3472,0.2864,93.7804,94.965,1.7149247680291997,91.00680000000001,96.5122
724,14.6614,14.596,0.19255534269399013,14.3312,14.9702,14.5,14.5,0.15811388300841897,14.2,14.8,0.16140000000000004,0.094,0.25343156867288646,-0.256,0.6581099999999996,93.6754,95.377,1.7413174495191828,90.7298,96.621
725,14.761599999999998,15.032,0.20406631275151715,14.365799999999998,15.0828,14.0,14.0,0.0,14.0,14.0,0.7615999999999999,1.032,0.2040663127515171,0.35280000000000006,1.0832000000000002,93.77520000000001,94.86,1.564853648108984,90.77700000000002,96.3172
726,14.3612,14.532,0.12713827118535143,14.143704999999999,14.573999999999998,13.7,13.5,0.12247448713915889,13.5,13.9,0.6612,0.575,0.10924348950852862,0.5317999999999999,0.8778,93.6674,95.377,2.0027865737516817,90.13138000000001,96.83520000000001
727,14.461400000000001,14.575,0.11343526788437534,14.2316,14.591,14.1,14.0,0.09999999999999999,14.0,14.3,0.36140000000000005,0.575,0.13905955558680602,0.1316,0.5913999999999999,93.8726,94.86,1.7119184735261197,90.6688,96.71759999999999
728,14.4612,14.532,0.19197432119947694,14.1484,14.7828,14.1,14.0,0.24494897427831783,13.7,14.6,0.3612,0.095,0.2052172994657127,0.053000000000000005,0.6961599999999986,94.0812,95.377,1.5345166144424744,91.535255,96.621
729,14.861600000000001,14.596,0.34432391726396244,14.331199999999999,15.5708,14.9,14.5,0.24494897427831777,14.5,15.3,-0.038400000000000024,0.094,0.20019730267913197,-0.3644,0.2876,94.2818,95.377,1.532324554394399,91.385,96.6026
730,15.4622,15.598,0.29676462053283914,14.9314,15.953999999999999,15.9,16.0,0.18708286933869706,15.6,16.2,-0.4378,-0.405,0.16914266167942374,-0.756,-0.12840000000000001,94.8982,96.406,1.6992684425952247,91.98100000000001,97.64720000000001
731,16.063,16.032,0.27867956509224034,15.645599999999998,16.5718,16.2,16.0,0.25495097567963926,15.7,16.7,-0.137,0.077,0.13950734747675478,-0.36788999999999994,0.09024999999999997,94.48519999999999,95.892,1.5228750244192706,91.4854,96.92399999999999
732,16.6634,16.6,0.293593869145798,16.1628,17.172400000000003,16.9,17.0,0.18708286933869706,16.6,17.2,-0.2366,-0.404,0.20439510757354246,-0.4636,0.17319999999999997,94.7998,95.892,1.7792757065727614,91.69800000000001,97.754
733,17.1638,17.101,0.19257294721741164,16.83318,17.464199999999998,17.5,17.5,0.15811388300841897,17.2,17.8,-0.3362,-0.403,0.2537406944106522,-0.7537999999999999,0.17259999999999995,94.49,95.468,1.5136097581609333,91.90628000000001,96.886
734,17.464199999999998,17.598,0.18890431440282116,17.143,17.7732,17.2,17.5,0.19999999999999998,16.8,17.5,0.2642,0.102,0.11981168557365343,0.06520000000000001,0.47219999999999995,94.4762,95.377,1.4046575881687313,91.86460000000001,96.57197
735,17.3642,17.532,0.13150984754002232,17.129980000000003,17.5856,16.5,16.5,0.15811388300841897,16.2,16.8,0.8642,1.077,0.13980286120104982,0.6292,1.0954000000000002,94.3722,94.86,1.5181622574678895,91.57647000000001,96.53536499999998
736,16.9638,17.032,0.19752554265208308,16.654485,17.2944,16.4,16.5,0.09999999999999999,16.2,16.5,0.5638,0.577,0.17226822109721804,0.24219999999999997,0.8806,94.385,95.377,1.6505802918973673,91.56638500000001,97.03139999999999
737,16.863599999999998,17.032,0.13146467206059576,16.641399999999997,17.0848,16.3,16.5,0.12247448713915889,16.1,16.5,0.5636,0.577,0.1721132185510456,0.2332,0.88012,94.8892,95.892,1.6265251120102626,91.9756,97.5324
738,16.663400000000003,16.577,0.10954113382652218,16.5326,16.8846,16.0,16.0,0.0,16.0,16.0,0.6634,0.577,0.10954113382652197,0.5326000000000001,0.880505,94.7902,96.919,1.8165598641388079,91.0694,97.5394
739,16.4634,16.577,0.11375086812855578,16.2414,16.593615000000003,16.1,16.0,0.09999999999999999,16.0,16.3,0.36340000000000006,0.577,0.21344615246005252,-0.067015,0.5942000000000001,94.79560000000001,95.969,1.5893194644249458,91.96927500000001,97.14179
740,16.4634,16.577,0.11375086812855578,16.232999999999997,16.5942,16.2,16.0,0.12247448713915889,16.0,16.4,0.2634,0.577,0.21709274515745564,-0.16699999999999998,0.5942000000000001,94.8982,95.969,1.7187424879835829,91.8172,97.5402
741,16.663400000000003,16.577,0.10954113382652218,16.532999999999998,16.8936,16.4,16.5,0.09999999999999999,16.2,16.5,0.26339999999999997,0.1,0.13296337841676553,0.037200000000000004,0.4936,95.5088,96.469,1.6317798993736878,92.53,98.0226
742,16.5634,16.577,0.017867848219637862,16.532400000000003,16.593600000000002,16.2,16.0,0.12247448713915889,16.0,16.4,0.3634,0.577,0.13967555262106535,0.12879000000000002,0.5942000000000001,95.60560000000001,96.968,1.501501368630746,92.8914,97.944
743,16.5634,16.577,0.017867848219637862,16.5326,16.593600000000002,16.2,16.0,0.12247448713915889,16.0,16.4,0.3634,0.577,0.13967555262106535,0.13240000000000002,0.5942000000000001,94.5854,96.406,1.6134110635544787,91.56206499999999,97.0268
744,16.5634,16.577,0.017867848219637862,16.5326,16.5942,16.3,16.5,0.19999999999999998,15.9,16.5,0.26339999999999997,0.097,0.20415499014229357,0.032400000000000005,0.6726,95.7038,96.968,1.5255575833117552,92.7862,98.1304
745,16.5634,16.577,0.017867848219637862,16.5324,16.5942,15.7,15.5,0.12247448713915889,15.5,15.9,0.8634000000000001,1.032,0.13137450285348373,0.6414000000000001,1.0852,95.8132,96.469,1.9418160417506072,92.21079999999999,98.6758
746,16.2632,16.099,0.13302496006389217,16.037,16.4894,16.0,16.0,0.0,16.0,16.0,0.2632,0.099,0.13302496006389175,0.04618000000000002,0.48539999999999994,96.01499999999999,96.469,1.6076809695956469,92.88759999999999,98.46700000000001
747,16.2632,16.099,0.13302496006389217,16.037,16.489400000000003,16.2,16.0,0.12247448713915889,16.0,16.4,0.06319999999999998,0.099,0.23846517565464356,-0.3588,0.4894,95.911,96.968,1.4544122180454886,93.4,98.12240000000001
748,16.663400000000003,16.597,0.10487735694610187,16.532999999999998,16.885,16.4,16.5,0.09999999999999999,16.2,16.5,0.26339999999999997,0.1,0.13296337841676553,0.041400000000000006,0.4896,98.00120000000001,98.446,0.9515763448089705,96.3128,99.6216
749,16.863599999999998,17.077,0.1397603663418212,16.632399999999997,17.0946,16.6,16.5,0.09999999999999999,16.5,16.8,0.2636,0.577,0.21717034788386738,-0.16682,0.59382,98.1756,98.446,0.7164041177994449,96.9288,99.3776
750,16.9636,17.077,0.1138110715176694,16.7324,17.0946,16.6,16.5,0.09999999999999999,16.5,16.8,0.36360000000000003,0.577,0.21350166275699117,-0.0668,0.5946,98.2878,98.953,0.5941371390512463,97.27060000000002,99.27380000000001
751,17.0638,17.077,0.01782526297141225,17.032999999999998,17.0946,16.8,17.0,0.12247448713915889,16.6,17.0,0.2638,0.101,0.13280715342179428,0.03780000000000001,0.48979999999999996,98.68139999999998,99.994,1.0794164905169832,96.71960000000001,100.484
752,17.0638,17.077,0.01782526297141225,17.0298,17.093799999999998,16.7,17.0,0.19999999999999998,16.3,17.0,0.3638,0.101,0.20808108996254318,0.0378,0.6898,98.6842,99.457,0.9428942888786627,96.9252,100.2074
753,16.7636,17.032,0.29741630755558773,16.167399999999997,17.0856,15.8,16.0,0.12247448713915889,15.6,16.0,0.9635999999999999,1.032,0.24687336834903842,0.48440000000000005,1.3734,99.2586,98.953,0.5385195075389562,98.4952,100.32039999999999
754,15.862799999999998,16.011,0.12724362459471195,15.6454,16.080199999999998,15.6,15.5,0.09999999999999999,15.5,15.8,0.2628,0.076,0.1370435697141606,0.0324,0.49260000000000004,99.475,99.96,0.725066065955372,98.2064,100.67183499999999
755,15.762799999999999,15.576,0.13704356971416068,15.532399999999999,15.993200000000002,15.5,15.5,0.15811388300841897,15.2,15.8,0.26280000000000003,0.532,0.21173318115023915,-0.15899999999999997,0.5843999999999999,98.98760000000001,99.457,0.598836087756909,97.9594,99.94820000000001
756,15.762799999999999,15.576,0.13704356971416068,15.528200000000002,15.993200000000002,15.5,15.5,0.15811388300841897,15.2,15.8,0.26280000000000003,0.576,0.21686617993592266,-0.1672,0.5926,99.2714,99.457,0.7706820096511918,97.9546,100.5882
757,15.662600000000001,15.576,0.10944112572520444,15.532599999999999,15.883600000000001,15.1,15.0,0.09999999999999999,15.0,15.3,0.5626,0.576,0.1719225406978387,0.24579999999999996,0.8793100000000001,99.164,99.457,0.6327448933021902,98.1578,100.219
758,15.4626,15.576,0.10879963235232006,15.249384999999998,15.5928,15.3,15.5,0.12247448713915889,15.1,15.5,0.1626,0.096,0.10477289725878539,0.0364,0.37121,99.16499999999999,99.457,0.8412556091937808,97.72080000000001,100.569
759,15.4626,15.576,0.10879963235232006,15.2536,15.5928,15.1,15.0,0.09999999999999999,15.0,15.3,0.3626,0.576,0.13934618760482828,0.1322,0.5928,99.87679999999999,99.96,0.6897868801303784,98.6492,101.0386
760,15.4626,15.576,0.10879963235232006,15.24099,15.5928,15.3,15.5,0.12247448713915889,15.1,15.5,0.1626,0.096,0.10477289725878539,0.0368,0.3716,99.866,99.96,0.6998211200013907,98.70644,100.96200000000002
761,15.3624,15.511,0.1272637418906109,15.145000000000001,15.579400000000001,14.8,15.0,0.25495097567963926,14.4,15.2,0.5624,0.596,0.16883737737835183,0.2326,0.7884,99.886,99.96,1.0350053139960214,98.064,101.54225000000001
762,14.761599999999998,15.01,0.2013530729837516,14.444299999999998,15.078800000000001,14.1,14.0,0.24494897427831783,13.7,14.6,0.6616,0.574,0.20328074183257006,0.3316,0.9916,99.6724,99.457,0.6326105120846477,98.49600000000001,100.7962
763,14.1612,14.074,0.20034031047195663,13.8316,14.4904,13.6,13.5,0.24494897427831777,13.2,14.1,0.5612,0.574,0.2894758020975156,0.03159000000000004,0.9908000000000001,99.96419999999999,100.462,0.8197548657983081,98.5984,101.379205
764,13.860999999999999,14.01,0.12685740025713912,13.6444,14.0774,13.6,13.5,0.09999999999999999,13.5,13.8,0.261,0.074,0.13653863921981937,0.0316,0.4901999999999999,100.2552,100.962,0.8539237905106063,98.71799999999999,101.6644
765,13.860800000000001,14.074,0.13902496178744297,13.626600000000002,14.090205,13.6,13.5,0.18708286933869706,13.2,13.9,0.2608,0.532,0.21170247990989619,-0.16079999999999997,0.582,99.4556,99.457,0.8137061263134259,98.15205499999999,100.94059999999999
766,13.7606,13.593,0.1329836832096329,13.539599999999998,13.9862,13.7,13.5,0.12247448713915889,13.5,13.9,0.06060000000000001,0.074,0.17203098558108648,-0.25749499999999986,0.3821149999999999,99.7632,100.462,0.7509627420851189,98.54759999999999,100.968
767,14.060999999999998,14.074,0.01711139970896598,14.031200000000002,14.090005,14.1,14.0,0.09999999999999999,14.0,14.3,-0.03899999999999999,0.074,0.11332607819915061,-0.2688,0.0904,99.96759999999999,99.96,0.8536394203643615,98.452,101.4832
768,14.060999999999998,14.074,0.01711139970896598,14.0314,14.090399999999999,13.6,13.5,0.09999999999999999,13.5,13.8,0.46099999999999997,0.574,0.11332607819915061,0.231395,0.5904,100.352,100.462,0.8822473009309817,98.765345,101.7728
769,13.960999999999999,14.074,0.1083642007306841,13.739899999999999,14.090399999999999,13.6,13.5,0.09999999999999999,13.5,13.8,0.361,0.574,0.13889852411022946,0.13140000000000002,0.5866,100.05340000000001,99.155,0.8765368560420054,98.5962,101.51060000000001
770,13.860800000000001,14.074,0.13902496178744297,13.630799999999999,14.0902,13.6,13.5,0.09999999999999999,13.5,13.8,0.2608,0.574,0.21660549392847817,-0.1692,0.5903999999999999,100.065,100.462,0.6444804108737513,98.98740000000001,101.07199999999999
771,13.660599999999999,13.574,0.1096114045161361,13.531199999999998,13.878200000000001,13.1,13.0,0.09999999999999999,13.0,13.3,0.5605999999999999,0.574,0.1720309855810865,0.2425050000000001,0.8819999999999999,100.3634,100.962,0.7601508139836459,99.0432,101.6836
772,13.360400000000002,13.574,0.13885697677826625,13.130600000000001,13.589599999999999,13.2,13.0,0.12247448713915889,13.0,13.4,0.1604,0.093,0.2005523871710332,-0.16499999999999998,0.48579999999999995,100.66220000000001,100.962,0.9302516003748682,99.0384,102.28600000000002
773,13.360400000000002,13.574,0.13885697677826625,13.130600000000001,13.589400000000001,13.1,13.0,0.09999999999999999,13.0,13.3,0.2603999999999999,0.574,0.21645151882119001,-0.1734,0.5895999999999999,100.2514,100.462,0.8011582615189103,98.8142,101.5644
774,13.16,13.073,0.10948378875431723,13.0274,13.3774,12.9,13.0,0.18708286933869706,12.6,13.2,0.25999999999999995,0.092,0.2681169520936712,-0.17359999999999998,0.6932,100.853,101.46,0.7844760671938936,99.4134,102.067245
775,12.959799999999998,13.073,0.10804323208790086,12.748179999999998,13.0888,12.5,12.5,0.22360679774997896,12.1,12.9,0.4598,0.532,0.19703639257761493,0.1392,0.7888899999999999,100.852,100.462,0.6554193314207322,99.77097,101.9862
776,12.659199999999998,12.591,0.10474702859747397,12.534085,12.880199999999999,12.8,13.0,0.12247448713915889,12.6,13.0,-0.14079999999999998,0.032,0.127483096918768,-0.3624,0.0686,100.5632,100.962,0.7571646056175622,99.2356,101.89079999999998
777,12.959799999999998,13.092,0.19994959364799927,12.6344,13.2854,12.9,13.0,0.09999999999999999,12.7,13.0,0.05979999999999998,0.092,0.23799126034373613,-0.3608,0.48519999999999996,100.361,100.962,0.7838819426418768,99.0384,101.6836
778,13.26,13.092,0.2041683129185329,13.0304,13.6692,13.2,13.0,0.12247448713915889,13.0,13.4,0.059999999999999984,0.092,0.16892217142814614,-0.2578,0.3696949999999997,100.6506,100.462,0.8233985426268384,99.21340000000001,102.02503
779,13.860800000000001,13.594,0.20826891270662534,13.5352,14.270199999999999,13.7,13.5,0.12247448713915889,13.5,13.9,0.16080000000000003,0.094,0.2006388297414037,-0.16939999999999997,0.48162499999999997,100.3538,99.635,0.8732659045216421,98.89379999999998,101.8924
780,14.160999999999998,14.095,0.30397253165376614,13.635285,14.686600000000002,14.1,14.0,0.09999999999999999,14.0,14.3,0.061,0.095,0.23811614812943704,-0.36471499999999996,0.4866,100.15520000000001,100.462,0.8389552073859496,98.74600000000001,101.7072
781,14.7618,14.596,0.38493147442109754,14.136000000000001,15.4666,14.7,14.5,0.19999999999999998,14.5,15.1,0.06179999999999998,0.096,0.23822728643041707,-0.364,0.4875999999999999,99.451,98.947,0.8561187417642488,98.11358999999999,101.1464
782,14.7618,14.596,0.26640615608502755,14.331399999999999,15.1912,14.8,15.0,0.19999999999999998,14.4,15.0,-0.038200000000000026,-0.404,0.43862539826143215,-0.6768,0.7712,99.65299999999999,99.994,1.1360119277542826,97.83699999999999,101.5572
783,14.661600000000002,14.596,0.20055138992288238,14.3232,14.983300000000002,14.4,14.5,0.18708286933869706,14.1,14.8,0.2616,0.532,0.3492718998144569,-0.3598,0.7832000000000001,96.93459999999999,96.837,2.1922525994966917,92.89796,100.58959999999999
784,14.4616,14.575,0.20256075631770346,14.1274,14.87811,14.1,14.0,0.18708286933869706,13.8,14.4,0.36160000000000003,0.595,0.2694640235727211,-0.1686,0.7874000000000001,98.5504,98.946,1.6258657570660633,95.6472,101.0432
785,14.060999999999998,14.074,0.1685016320395739,13.757200000000001,14.3774,13.8,13.5,0.19999999999999998,13.5,14.2,0.261,0.574,0.216431975456493,-0.1688,0.5904,98.7426,99.436,1.6873974516989192,95.44,101.36080000000001
786,13.7606,13.594,0.13279518063544316,13.5352,13.985999999999999,13.4,13.5,0.18708286933869706,13.1,13.8,0.3606,0.594,0.26935953667913815,-0.16939999999999997,0.7859999999999999,99.0608,98.947,1.3922374941079552,96.5452,101.3852
787,13.660599999999999,13.574,0.10938263116235583,13.531199999999998,13.8816,13.2,13.0,0.12247448713915889,13.0,13.4,0.4606,0.574,0.1134661182908801,0.23890000000000006,0.59,99.1592,99.471,1.2987929550163104,97.042745,101.3348
788,13.460400000000002,13.574,0.10821857511536542,13.248574999999999,13.589405000000001,13.0,13.0,0.15811388300841897,12.7,13.3,0.46040000000000003,0.574,0.2023888830939091,0.13040000000000002,0.7896000000000001,99.4618,99.471,1.1428864073038931,97.23960000000001,101.3474
789,13.260200000000001,13.093,0.1327325883119891,13.035,13.485399999999998,13.0,13.0,0.15811388300841897,12.7,13.3,0.26019999999999993,0.574,0.21637453639465062,-0.1696,0.5892,99.4564,99.471,1.1652731267818732,97.33420000000001,101.4694
790,13.260200000000001,13.093,0.1327325883119891,13.035,13.477799999999998,13.0,13.0,0.15811388300841897,12.7,13.3,0.26019999999999993,0.574,0.21637453639465062,-0.0688,0.5892,99.4614,99.994,1.1621555661786438,97.431,101.44120000000001
791,13.360400000000002,13.574,0.13885697677826625,13.1304,13.589599999999999,13.2,13.0,0.12247448713915889,13.0,13.4,0.1604,0.093,0.2005523871710332,-0.1694,0.48579999999999995,99.8552,100.462,1.0756083580932234,98.00382000000002,101.65079999999999
792,13.660400000000001,13.593,0.10474378263171513,13.535,13.869399999999999,13.2,13.0,0.12247448713915889,13.0,13.4,0.46040000000000003,0.532,0.19212303349676738,0.1470900000000001,0.7736000000000001,100.3576,100.962,0.8967709629554258,98.7316,101.76437000000001
793,13.660599999999999,13.574,0.10938263116235583,13.52738,13.8816,13.4,13.5,0.18708286933869706,13.1,13.7,0.2606,0.574,0.21652842769484104,-0.1694,0.59,100.0562,100.516,0.889446142270571,98.5066,101.54560000000001
794,13.360400000000002,13.574,0.13885697677826625,13.131200000000002,13.589400000000001,13.2,13.0,0.25495097567963926,12.8,13.7,0.16040000000000004,0.093,0.3441965426903646,-0.4694,0.7696,99.5582,99.471,0.9493237277135765,97.9222,101.18679999999999
795,13.16,13.073,0.10925474818057104,13.0274,13.376799999999998,13.0,13.0,0.22360679774997896,12.6,13.4,0.15999999999999998,0.093,0.20034120894114618,-0.16511499999999987,0.481,99.5606,99.994,1.12310959393997,97.5302,101.44120000000001
796,13.16,13.073,0.10925474818057104,13.031,13.3762,13.0,13.0,0.22360679774997896,12.6,13.4,0.15999999999999998,0.093,0.20034120894114618,-0.1736,0.485,99.6606,100.516,1.3930574144664671,96.8412,101.76175500000001
797,12.7594,12.592,0.13264674892359798,12.5344,12.980599999999999,12.7,12.5,0.12247448713915889,12.5,12.9,0.05939999999999999,0.092,0.1689235329964419,-0.25839999999999996,0.3686,99.1606,99.471,1.345908897362671,96.93960500000001,101.3708
798,12.7594,12.592,0.13264674892359798,12.5392,12.984399999999999,12.7,12.5,0.25495097567963926,12.3,13.102499999999997,0.05940000000000003,0.092,0.32677998714731593,-0.5584,0.6686,98.63300000000001,98.453,1.8830941293520094,94.7456,101.5078
799,12.6594,12.573,0.10915658477618301,12.529539999999999,12.8762,12.7,12.5,0.12247448713915889,12.5,12.9,-0.0406,0.073,0.11338059798748637,-0.2661099999999999,0.08819999999999999,99.1464,99.436,1.7577298597907474,95.8448,101.7164
800,12.6594,12.592,0.200412474661634,12.325799999999997,12.9882,13.1,13.5,0.24494897427831777,12.7,13.5,-0.4406,-0.408,0.2840513333888789,-1.0584,-0.023799999999999998,98.464,99.471,1.81715208499454,95.14145500000001,101.378825
801,12.959799999999998,12.592,0.2550094900194893,12.5392,13.389,13.7,14.0,0.19999999999999998,13.3,14.0,-0.7402,-0.468,0.20942740985840413,-1.0824,-0.42679999999999996,98.2426,97.895,1.8607291205331316,95.077,101.4082
802,13.560599999999999,13.093,0.32525783618538673,13.035,14.165600000000001,14.3,14.5,0.2549509756796392,13.9,14.8,-0.7394000000000001,-0.468,0.20936250858260178,-1.1410149999999997,-0.42600000000000005,96.90740000000001,96.307,2.5701253782646494,92.73496999999999,101.33399999999999
803,13.9608,13.594,0.2550214500782237,13.5352,14.3864,14.9,15.0,0.18708286933869706,14.6,15.2,-0.9391999999999999,-0.968,0.363174806394937,-1.5818,-0.32599999999999996,96.5188,96.307,2.4475418974963445,92.3338,100.7038
804,14.261199999999999,14.095,0.2641479509668775,13.84,14.692089999999997,14.9,15.0,0.18708286933869706,14.6,15.2,-0.6388,-0.425,0.1389753215502666,-0.8686050000000001,-0.40940000000000004,95.5038,95.242,2.635944885615023,91.09440000000001,99.91319999999999
805,15.0622,14.596,0.45624230404468225,14.336000000000002,15.871799999999999,15.8,15.5,0.3391164991562634,15.3,16.5,-0.7378,-0.904,0.26839716839042843,-1.1722000000000001,-0.304,93.809,91.474,3.147695061469583,88.1584,99.1352
806,15.362199999999998,15.097,0.2106633333069617,15.040599999999998,15.774799999999999,15.9,16.0,0.291547594742265,15.4,16.4,-0.5378000000000001,-0.404,0.29659575182392617,-1.0555999999999999,-0.0376,91.18499999999999,88.812,3.941159423316951,84.8622,97.642015
807,15.362199999999998,15.075,0.3090811220375651,15.031799999999999,15.9796,15.2,15.5,0.4636809247747851,14.2,15.9,0.16219999999999996,0.032,0.4386925346982781,-0.5811999999999999,0.9578,91.922,90.386,3.8807068686001016,85.75379999999998,98.5276
808,14.861600000000001,15.01,0.25310661785105504,14.448400000000001,15.283199999999999,14.0,14.0,0.22360679774997896,13.6,14.4,0.8615999999999999,0.596,0.19764351747527667,0.5528,1.2532,93.3068,92.557,3.336637295242023,87.65180000000001,99.60499999999999
809,14.060999999999998,14.032,0.1621505473317928,13.8356,14.369405,13.5,13.5,0.27386127875258304,13.0,13.9,0.5609999999999999,0.594,0.16879810425475755,0.24359999999999998,0.8698,94.5564,94.171,2.9828164811131117,89.43603999999999,99.55199999999999
810,13.660599999999999,13.594,0.18386995404361187,13.360800000000001,13.9648,12.9,13.0,0.291547594742265,12.4,13.4,0.7605999999999999,0.594,0.13258265346567777,0.5356,0.9856000000000001,94.9718,94.707,2.878725228291161,89.9606,99.98299999999999
811,13.1602,13.032,0.2510576427834849,12.7642,13.6768,12.5,12.5,0.22360679774997896,12.1,12.9,0.6601999999999999,0.573,0.20292841102221246,0.3304,0.9892,95.2786,94.707,2.8131028882712426,90.2482,99.75012
812,12.8596,12.592,0.20554430179404148,12.550799999999999,13.263799999999998,12.6,12.5,0.18708286933869706,12.2,12.9,0.2596,0.532,0.20935247789314557,-0.1416,0.5728,95.6854,95.242,2.7608040423036186,90.8924,100.4784
813,12.559199999999999,12.532,0.16212291633202283,12.263200000000001,12.86332,12.2,12.0,0.25495097567963926,11.8,12.7,0.35919999999999996,0.572,0.2130817683425778,-0.07039999999999999,0.588,95.6914,95.775,2.7525999455060663,90.99099999999999,100.243
814,12.258599999999998,12.09,0.12475640264130743,12.05,12.4672,12.0,12.0,0.22360679774997896,11.6,12.3,0.2586,0.532,0.20907931509357874,-0.15908999999999993,0.5676,96.6098,95.775,2.296938427559607,92.6346,100.58500000000001
815,12.158399999999997,12.09,0.18695683993906184,11.849599999999999,12.4672,12.0,12.0,0.27386127875258304,11.4,12.4,0.15839999999999999,0.091,0.1926210268895896,-0.1708,0.46699999999999997,96.31859999999999,96.837,2.5633477251438226,91.82739999999998,100.162
816,12.0584,12.072,0.17169525328325175,11.733,12.375490000000001,11.7,11.5,0.12247448713915889,11.5,11.9,0.35839999999999994,0.572,0.21311794856370025,-0.0712,0.5868,96.033,96.307,2.2023271328301792,92.12109000000001,99.9366
817,11.6578,11.589,0.1871724872944738,11.3486,11.967,11.6,12.0,0.29154759474226505,11.0,12.0,0.05779999999999998,0.089,0.1685928230975447,-0.2712,0.3548,95.95079999999999,96.837,2.038847846211187,92.44059999999999,99.46099999999998
818,11.5578,11.532,0.16224530809857013,11.266200000000001,11.8624,11.0,11.0,0.22360679774997896,10.6,11.4,0.5578000000000001,0.57,0.17138710569934948,0.2364,0.8739049999999998,95.55919999999999,96.307,1.8531169256147877,92.33219999999999,98.75328999999999
819,11.157599999999999,11.07,0.10901678769804221,11.03,11.374600000000001,10.3,10.5,0.25495097567963926,9.9,10.7,0.8576,1.033,0.26687948591077587,0.41740000000000005,1.2778,95.3444,96.307,2.219146245744071,91.5166,99.1722
820,11.157599999999999,11.07,0.10901678769804221,11.03,11.374690000000001,10.8,10.5,0.19999999999999998,10.5,11.2,0.3576,0.57,0.2128958900495733,-0.06381,0.5851999999999999,95.5528,96.307,2.1246127035297526,91.7926,99.18129500000002
821,10.9572,11.07,0.1132543155910625,10.73151,11.0846,11.0,11.0,0.22360679774997896,10.6,11.4,-0.04280000000000002,0.033,0.3016231755021487,-0.5554,0.46979999999999994,95.9626,96.837,2.0860480962815773,92.19837,99.361555
822,11.0574,11.07,0.016169724796668686,11.0284,11.0848,10.8,10.5,0.19999999999999998,10.5,11.2,0.25739999999999996,0.533,0.20909677185456496,-0.16040000000000001,0.5698,96.168,97.367,2.1649500687082814,92.1874,99.7894
823,11.0574,11.07,0.016169724796668686,11.0284,11.084799999999998,10.8,10.5,0.19999999999999998,10.5,11.2,0.25739999999999996,0.533,0.20909677185456496,-0.164,0.5698,96.0768,97.367,1.7182589269373814,93.0178,98.9982
824,11.0574,11.07,0.016169724796668686,11.028595,11.0846,11.0,11.0,0.15811388300841897,10.7,11.3,0.05740000000000001,0.07,0.17120589943106518,-0.2677999999999999,0.3734,95.66959999999999,96.837,1.959068875767261,92.44059999999999,98.8986
825,10.957,11.033,0.19251467476532785,10.6386,11.270599999999998,11.2,11.0,0.25495097567963926,10.8,11.7,-0.24300000000000002,0.033,0.21133362250243096,-0.6643999999999999,0.07661499999999999,95.9788,97.367,1.8274682870025418,92.6174,98.9048
826,11.5578,11.089,0.3898950371574382,11.0558,12.367799999999999,12.3,12.0,0.43588989435406733,11.7,13.2,-0.7422,-0.911,0.1244513559588645,-0.9470000000000001,-0.5262,95.78099999999999,97.866,1.9041838146565575,92.21700000000001,98.93434499999998
827,12.558999999999997,12.091,0.5257618282074117,11.857,13.581399999999999,14.0,13.5,0.38729833462074165,13.5,14.8,-1.441,-1.468,0.15676574881012753,-1.722,-1.142025,94.9476,97.367,2.4177509921412503,90.59740000000001,99.007095
828,13.9606,13.594,0.37036827617926443,13.3596,14.662004999999999,15.0,15.0,0.15811388300841897,14.7,15.3,-1.0394,-1.406,0.2426368891986542,-1.4404,-0.6384,93.2806,95.242,2.803521207339086,88.07539999999999,97.98400000000001
829,14.861600000000001,14.596,0.34432391726396244,14.3312,15.5708,15.3,15.0,0.19999999999999998,15.0,15.7,-0.4384,-0.406,0.169112270400465,-0.7566999999999998,-0.1292,91.951,93.634,2.580253844101389,87.37719999999999,96.4632
830,14.861600000000001,15.032,0.12712537118923195,14.640200000000002,15.0744,15.4,15.5,0.09999999999999999,15.2,15.5,-0.5384,-0.468,0.191913678511981,-0.8684,-0.2294,92.14999999999999,91.474,2.3368305244497303,88.06082500000001,96.234
831,14.9618,15.032,0.19207352758774449,14.648685,15.283800000000003,14.9,15.0,0.09999999999999999,14.7,15.0,0.06179999999999999,0.032,0.15589175731898075,-0.22139999999999999,0.34970999999999985,92.37899999999999,93.634,2.3791783665795205,88.4684,96.5978
832,15.162,15.097,0.1952119361104746,14.831800000000001,15.470600000000001,15.0,15.0,0.27386127875258304,14.5,15.4,0.162,0.096,0.25339238346880116,-0.2682,0.6708000000000001,92.07759999999999,93.634,2.210173264701207,88.28240000000001,95.87279999999998
833,14.661600000000002,14.596,0.3332010804304212,14.069569999999999,15.1788,13.9,14.0,0.36742346141747667,13.2,14.4,0.7615999999999999,0.596,0.13282680452378579,0.536,0.9872,92.60220000000001,94.707,2.200504337646258,88.91302499999999,96.2464
834,13.660400000000001,13.594,0.333126492491966,13.068999999999999,14.193999999999999,12.5,12.5,0.22360679774997896,12.1,12.9,1.1604,1.532,0.2533244165097395,0.7388,1.5816000000000001,92.393,93.634,2.2186101730588,88.70599999999999,96.08
835,12.959799999999998,13.032,0.3392400919702741,12.4506,13.564400000000001,11.7,12.0,0.19999999999999998,11.4,12.0,1.2598,1.032,0.352155988164336,0.6512,1.8811999999999998,92.798,93.634,2.1905336107898448,89.11599999999999,96.47999999999999
836,12.158399999999997,12.09,0.18695683993906184,11.849599999999999,12.4672,11.5,11.5,0.15811388300841897,11.2,11.8,0.6584,1.032,0.2530866649983756,0.23700000000000002,1.0788,92.911,94.171,2.1239841101100536,89.43299999999999,96.4408
837,11.758,11.589,0.1249991999974399,11.54891,11.974225,11.1,11.5,0.24494897427831783,10.7,11.5,0.658,0.591,0.20006199039297792,0.3248,0.9785999999999999,92.613,93.435,2.2377212516307723,88.8734,96.3526
838,11.257399999999999,11.088,0.12500863970142229,11.044799999999999,11.466575000000002,10.3,10.5,0.25495097567963926,9.9,10.7,0.9574000000000001,1.088,0.2567823202636817,0.4398000000000001,1.366,93.124,93.933,2.152343676088927,89.5946,96.68301
839,10.656600000000001,10.586,0.1872945808078812,10.2758,10.961319999999999,9.9,10.0,0.18708286933869706,9.6,10.2,0.7565999999999999,1.033,0.21142199507146836,0.4253100000000018,1.0772,92.91740000000001,94.43,2.0678446411662557,89.48479999999999,96.35
840,10.256200000000002,10.085,0.12523234406494163,10.043800000000001,10.47164,9.7,9.5,0.25495097567963926,9.3,10.2,0.5561999999999999,0.588,0.2838188506776813,0.023999999999999976,0.9713999999999998,93.32939999999999,93.933,2.202242189224428,89.52759999999999,97.189
841,9.9558,10.033,0.09817708490274102,9.754,10.075,9.7,9.5,0.19999999999999998,9.5,10.1,0.25579999999999997,0.533,0.2112314843956743,-0.1654,0.5753999999999999,93.5372,93.933,1.9348860276512405,90.42099999999999,96.8878
842,9.9558,10.033,0.09817708490274102,9.7594,10.0754,9.3,9.5,0.25495097567963926,8.9,9.7,0.6557999999999999,0.568,0.2562396144236874,0.23072000000000006,1.1749999999999998,93.2388,93.435,1.9936985579570439,89.91100000000002,96.69300000000001
843,9.4548,9.533,0.09815110799170837,9.263275,9.5742,8.8,9.0,0.25495097567963926,8.3,9.2,0.6547999999999999,0.567,0.2560344508069178,0.2298,1.1736749999999998,93.0288,93.435,2.035508889688275,89.705,96.332125
844,8.954200000000002,9.033,0.09821680100675236,8.7528,9.0728,8.9,9.0,0.24494897427831783,8.4,9.3,0.054200000000000026,0.033,0.28264207047076345,-0.37720000000000004,0.5814749999999982,93.9534,93.933,1.8007441406263118,91.0394,97.1292
845,8.954200000000002,9.033,0.09821680100675236,8.757000000000001,9.0728,8.9,9.0,0.18708286933869706,8.6,9.2,0.054200000000000005,0.066,0.17054776457051554,-0.2734,0.37279999999999996,93.64739999999999,93.933,1.8246734666783535,90.66213999999998,97.2474
846,8.6534,8.58,0.09598416536075094,8.5344,8.8462,8.4,8.5,0.33166247903553997,7.9,9.0,0.25339999999999996,0.533,0.34991850479790293,-0.37120000000000003,0.7717599999999998,93.845,93.435,2.0195781490202362,90.7354,97.696
847,8.5534,8.566,0.015263027222671234,8.52578,8.578,8.3,8.5,0.25495097567963926,7.9,8.7,0.25339999999999996,0.066,0.2681286258496097,-0.1743099999999999,0.7714000000000001,93.7458,93.933,1.6993512409151892,90.96383,97.2474
848,8.7538,8.58,0.2040971337378357,8.525799999999998,9.164199999999997,9.1,9.0,0.18708286933869706,8.8,9.4,-0.3462,-0.416,0.19936308585091672,-0.6774,-0.02399999999999999,93.959,93.435,1.6443891571036326,91.27860000000001,97.04964
849,9.455000000000002,9.085,0.29392499043123216,9.051800000000002,9.976,9.8,9.5,0.33911649915626335,9.3,10.5,-0.34500000000000003,-0.415,0.19491510972728612,-0.6666000000000001,-0.030199999999999994,93.86099999999999,92.938,1.6958738750272673,91.154,96.85136499999999
850,10.4564,10.085,0.43095389544590473,9.853405,11.277199999999999,11.3,11.0,0.19999999999999998,11.0,11.7,-0.8435999999999998,-0.967,0.24562422518961763,-1.2302,-0.3386,94.26759999999999,93.933,1.6302165991057738,91.418565,97.31479999999999
851,11.6578,11.089,0.40090914182642445,11.0558,12.4678,12.0,12.0,0.22360679774997896,11.6,12.4,-0.34219999999999995,-0.412,0.25362992725622896,-0.7716,0.1678,94.3718,93.435,1.5446339825343722,91.9638,97.0482
852,12.458999999999998,12.091,0.29355919334948455,12.057400000000001,13.0524,12.6,12.5,0.18708286933869706,12.2,12.9,-0.14100000000000001,-0.409,0.19805807229194167,-0.433,0.2524,94.28200000000001,92.938,1.4783850986803124,91.8632,97.022
853,12.959399999999999,12.592,0.29343374039125086,12.557999999999998,13.5524,13.9,13.5,0.29154759474226505,13.5,14.5,-0.9405999999999999,-0.926,0.016833300330000637,-0.9705999999999999,-0.9119949999999999,93.96720000000002,93.435,1.6415174199502116,91.14340000000001,96.79100000000001
854,13.36,13.093,0.20071048801694433,13.059000000000001,13.752600000000001,13.9,14.0,0.24494897427831777,13.4,14.2,-0.54,-0.908,0.4038374673058457,-0.9652000000000001,0.26940000000000003,93.8688,92.935,1.5316566651831593,91.24940000000001,96.4882
855,13.7606,13.594,0.12463771499831014,13.555900000000001,13.9776,13.3,13.5,0.2549509756796392,12.8,13.7,0.46060000000000006,0.509,0.1890094177547775,0.1522,0.782,93.2552,91.931,1.4166699827412175,90.9692,95.78979999999999
856,13.3602,13.093,0.2055722257504645,13.0554,13.764600000000002,12.7,13.0,0.19999999999999998,12.3,13.0,0.6601999999999999,0.532,0.1896837895024243,0.34136500000000114,0.969,93.75919999999999,92.935,1.461676961575299,91.381,96.5236
857,13.0598,13.093,0.22911075924102742,12.651,13.4686,12.2,12.5,0.19999999999999998,11.8,12.5,0.8597999999999999,1.073,0.21324103732630825,0.4297000000000001,1.089,93.86520000000002,92.935,1.4549309743077155,91.65880000000001,96.80760000000001
858,12.4588,12.508,0.18632616563435223,12.1664,12.776,11.5,11.5,0.22360679774997896,11.1,11.9,0.9588000000000001,1.072,0.11321413339331801,0.7256,1.0868,94.06240000000001,93.435,1.464210182999695,91.52640000000001,96.72640000000001
859,11.9582,12.008,0.18635916934779448,11.6656,12.2788,11.2,11.0,0.12247448713915889,11.0,11.4,0.7582,0.589,0.12489891913063139,0.5494,0.9752000000000001,94.06960000000001,92.938,1.399784004766449,91.863785,96.276
860,11.5578,11.532,0.16224530809857013,11.266200000000001,11.8624,11.0,11.0,0.15811388300841897,10.7,11.3,0.5578000000000001,0.532,0.2354220465461975,0.13720000000000004,0.8890699999999978,94.17600000000002,93.447,1.4912971534875257,91.76140000000001,96.4882
861,11.157599999999999,11.07,0.10901678769804221,11.029959999999999,11.3746,10.7,10.5,0.12247448713915889,10.5,10.9,0.45760000000000006,0.57,0.20160520826605646,0.12840000000000001,0.7852899999999999,93.8636,93.435,1.5545044419364014,91.181,96.7082
862,11.0574,11.07,0.016169724796668686,11.028595,11.0848,10.5,10.5,0.15811388300841897,10.2,10.8,0.5574,0.57,0.17120589943106518,0.236,0.866,93.97240000000001,93.447,1.4998158420286138,91.49119999999999,96.3878
863,10.9574,11.033,0.09814000203790489,10.761199999999999,11.077200000000001,10.4,10.5,0.18708286933869706,10.1,10.7,0.5574,0.57,0.17120589943106518,0.236,0.8734,93.96740000000001,93.447,1.5340635123748958,91.2824,96.37951500000001
864,10.6568,10.57,0.10895200778324379,10.5274,10.877199999999998,10.2,10.0,0.12247448713915889,10.0,10.4,0.4568,0.57,0.11313947145006469,0.23472000000000004,0.5839999999999999,94.17120000000001,93.955,1.44934931607256,91.58900000000001,96.8096
865,10.4564,10.533,0.09811248646324255,10.259800000000002,10.575800000000001,10.0,10.0,0.15811388300841897,9.7,10.3,0.45640000000000003,0.533,0.19653513680764567,0.135,0.7762,94.27600000000001,93.447,1.4737425826785346,91.959,97.016
866,10.256200000000002,10.085,0.12523234406494163,10.047,10.4732,9.9,10.0,0.18708286933869706,9.6,10.2,0.3562,0.569,0.21277485753725695,-0.06560000000000002,0.5824,94.38380000000001,93.447,1.4586213148038105,91.86260000000001,97.022
867,10.056000000000001,10.069,0.015811388300841986,10.0272,10.082600000000001,9.9,10.0,0.18708286933869706,9.6,10.2,0.15599999999999997,0.087,0.19962464777677125,-0.27240000000000003,0.4758799999999999,94.384,93.955,1.378328262787931,92.06660000000001,96.92179999999999
868,10.056000000000001,10.069,0.015811388300841986,10.0272,10.082600000000001,9.7,10.0,0.19999999999999998,9.3,10.0,0.356,0.087,0.20928449536456348,0.038400000000000004,0.7714999999999999,94.28,93.955,1.5200048684132563,91.69879999999999,96.92179999999999
869,10.056000000000001,10.069,0.015811388300841986,10.0272,10.0822,9.5,9.5,0.15811388300841897,9.2,9.8,0.5559999999999998,0.569,0.1708800749063506,0.23479999999999998,0.8713999999999998,94.4854,93.955,1.4457901853311903,92.06660000000001,97.1588
870,9.7554,9.583,0.1323229382986941,9.5318,9.979,9.7,9.5,0.12247448713915889,9.5,9.9,0.05539999999999997,0.083,0.23695856177821467,-0.36260000000000003,0.47539999999999993,94.4886,94.461,1.6427333502428207,91.60079999999999,97.2174
871,10.056000000000001,10.069,0.015811388300841986,10.0276,10.082200000000002,9.9,10.0,0.09999999999999999,9.7,10.0,0.156,0.069,0.10816653826391966,0.029400000000000003,0.37499999999999994,94.785,96.469,1.513578144662506,91.8014,97.2042
872,10.256200000000002,10.085,0.2040375945751175,10.032474999999998,10.665600000000001,10.4,10.0,0.29154759474226505,10.0,11.0,-0.14379999999999998,0.033,0.1306573381023814,-0.36501,0.0754,94.99640000000001,95.969,1.41763364802053,92.32520000000001,97.13699999999999
873,11.1572,10.588,0.4878542200288935,10.5548,12.1516,12.1,11.5,0.39999999999999997,11.5,12.9,-0.9428000000000001,-0.914,0.16511129579771336,-1.2458,-0.6374000000000001,95.10040000000001,94.965,1.4252212319496225,92.830045,97.52940000000001
874,12.859599999999997,12.592,0.4668991968294655,12.157999999999998,13.7818,13.9,14.0,0.18708286933869706,13.6,14.2,-1.0404,-1.408,0.2936236707079318,-1.442,-0.4469999999999999,95.4128,94.965,1.4368993840906186,93.04427000000001,97.852505
875,14.1608,14.095,0.29369378611063585,13.6598,14.670000000000002,15.2,15.0,0.12247448713915889,15.0,15.4,-1.0392,-1.405,0.2932337634038754,-1.4402,-0.517,95.512,95.468,1.3416501034174293,93.174155,97.6464
876,15.162,15.097,0.19262839873705026,14.831400000000002,15.471,15.6,15.5,0.18708286933869706,15.3,15.9,-0.438,-0.468,0.1557424155456695,-0.7164,-0.14600000000000002,94.9954,94.965,1.2027509135311427,92.8754,97.001
877,15.6624,15.598,0.19259428859652103,15.3316,15.9712,16.0,16.0,0.22360679774997896,15.6,16.4,-0.3376,-0.468,0.24472956503046375,-0.7156,0.15410999999999986,94.38459999999999,94.965,1.318524387336087,92.06979999999999,96.6994
878,16.0628,16.096,0.16236052475894516,15.828199999999999,16.353615,15.9,16.0,0.18708286933869706,15.6,16.2,0.1628,0.096,0.10474225508360986,0.03280000000000001,0.3718,95.0868,96.469,1.0215850625376226,93.31696,96.81259999999999
879,15.962799999999998,16.076,0.1135823049598838,15.728200000000001,16.0932,15.7,16.0,0.19999999999999998,15.4,16.0,0.26280000000000003,0.096,0.20403661436124643,0.0322,0.6718000000000001,94.57499999999999,95.775,1.1485143447079802,92.6426,96.51419999999999
880,15.962799999999998,16.096,0.1889469237643207,15.641,16.271615,15.2,15.5,0.19999999999999998,14.8,15.5,0.7628,0.599,0.12012884749301476,0.5631999999999999,0.9712149999999999,94.8862,96.469,1.2961706060546203,92.3374,96.92660000000001
881,15.5624,15.532,0.16234549577983381,15.2668,15.8704,14.7,14.5,0.12247448713915889,14.5,14.9,0.8624,0.598,0.2027216318008515,0.5624,1.2455299999999996,95.0882,96.469,1.1420232221807047,93.01700000000001,97.00019999999999
882,15.462399999999999,15.576,0.11372141399050587,15.232,15.592400000000001,15.0,15.0,0.0,15.0,15.0,0.46240000000000003,0.576,0.11372141399050577,0.23199,0.5928,95.6038,96.919,1.1542606897923893,93.64620000000001,97.5394
883,15.462399999999999,15.576,0.11372141399050587,15.232,15.5928,15.1,15.0,0.09999999999999999,15.0,15.3,0.3624,0.576,0.13947243455249497,0.132,0.5928,95.30179999999999,95.969,1.2687189759753716,93.0762,97.52739999999999
884,15.462399999999999,15.576,0.11372141399050587,15.232,15.5928,15.3,15.5,0.12247448713915889,15.1,15.5,0.1624,0.096,0.10484541000921306,0.03200000000000001,0.3712,95.706,96.469,1.1105058306915827,93.7782,97.63396
885,15.662600000000001,15.596,0.10477289725878551,15.536399999999997,15.8716,15.5,15.5,0.0,15.5,15.5,0.1626,0.096,0.10477289725878539,0.0364,0.37160000000000004,95.805,97.429,1.2174739011576399,93.76958,97.8328
886,15.862799999999998,16.032,0.1274399466415458,15.641,16.0764,15.7,15.5,0.12247448713915889,15.5,15.9,0.1628,0.096,0.10474225508360986,0.0328,0.3712,95.7996,97.429,1.1044322342271602,93.90180000000001,97.6294
887,15.962799999999998,16.076,0.1135823049598838,15.732199999999997,16.092599999999997,15.5,15.5,0.0,15.5,15.5,0.4628,0.576,0.11358230495988361,0.23280000000000003,0.5932000000000001,95.91199999999999,97.464,1.372217876286416,93.5768,98.24719999999999
888,15.962799999999998,16.076,0.1135823049598838,15.736894999999999,16.093200000000003,15.5,15.5,0.0,15.5,15.5,0.4628,0.576,0.11358230495988361,0.23689500000000005,0.5932000000000001,96.01219999999999,97.464,1.3110202668151243,93.776405,98.24719999999999
889,15.962799999999998,16.076,0.1135823049598838,15.732799999999997,16.093200000000003,15.5,15.5,0.0,15.5,15.5,0.4628,0.576,0.11358230495988361,0.24099999999999996,0.592615,96.41559999999998,97.429,1.46105905424798,93.9666,98.8646
890,15.962799999999998,16.076,0.1135823049598838,15.732800000000001,16.089800000000004,15.5,15.5,0.0,15.5,15.5,0.4628,0.576,0.11358230495988361,0.23689500000000005,0.5932,96.4158,97.939,1.2871288746664018,94.1078,98.56019999999998
891,16.063,16.096,0.16915170705612204,15.7456,16.29192,15.9,16.0,0.09999999999999999,15.7,16.0,0.163,0.099,0.2006546784901862,-0.1716,0.48519999999999996,96.51740000000001,97.464,1.24938395219404,94.5094,98.6682
892,16.2632,16.099,0.13302496006389217,16.041094999999995,16.489500000000003,16.0,16.0,0.0,16.0,16.0,0.2632,0.099,0.13302496006389175,0.037000000000000005,0.48549999999999993,96.9216,97.96,1.3263501272288543,94.67240000000001,99.16143999999998
893,16.4634,16.577,0.11375086812855578,16.232999999999997,16.593600000000002,16.0,16.0,0.0,16.0,16.0,0.46340000000000003,0.577,0.1137508681285554,0.23299999999999996,0.5942000000000001,97.3242,98.453,1.4059980583201384,94.9162,99.48374500000001
894,16.4634,16.577,0.11375086812855578,16.232999999999997,16.5948,16.2,16.0,0.12247448713915889,16.0,16.4,0.2634,0.577,0.21709274515745564,-0.167,0.5942000000000001,97.1212,97.96,1.3304296824710413,94.70439999999999,99.4798
895,16.5634,16.597,0.16917227905304147,16.2454,16.8726,16.4,16.5,0.09999999999999999,16.2,16.5,0.16340000000000002,0.097,0.2535729875203587,-0.267,0.6726,97.01859999999999,97.96,1.3435768530307453,94.4014,99.14560000000002
896,16.863400000000002,17.032,0.12692225967102877,16.642000000000003,17.076,16.5,16.5,0.0,16.5,16.5,0.3634,0.532,0.12692225967102852,0.146,0.576,97.21940000000001,96.968,1.1841347305100032,95.26480000000001,99.174
897,17.063799999999997,17.097,0.16933499343018268,16.745094999999996,17.3734,17.0,17.0,0.0,17.0,17.0,0.0638,0.097,0.16933499343018263,-0.25460000000000005,0.3726,97.1104,97.22,1.1380319679165427,94.9554,98.7706
898,17.163999999999998,17.097,0.10497190100212515,17.037,17.3726,17.0,17.0,0.0,17.0,17.0,0.16399999999999998,0.097,0.10497190100212532,0.033800000000000004,0.3726,97.6188,97.22,1.138868974026423,95.6448,99.43320000000001
899,17.4644,17.578,0.11378119352511627,17.234,17.5956,17.3,17.5,0.12247448713915889,17.1,17.5,0.16440000000000002,0.098,0.20126142203611697,-0.1708,0.4915999999999999,97.31219999999999,97.706,1.2613120708214909,94.9462,99.21607
900,17.4644,17.578,0.11378119352511627,17.2332,17.595599999999997,17.1,17.0,0.09999999999999999,17.0,17.3,0.3644,0.578,0.21346231517530206,-0.06599999999999999,0.59482,98.1096,98.674,1.1039926449030344,96.1276,99.92519999999999
901,17.5644,17.578,0.018059900331950738,17.5292,17.595599999999997,17.1,17.0,0.09999999999999999,17.0,17.3,0.46440000000000003,0.578,0.11378119352511643,0.2332,0.5948,97.9092,98.674,1.0944180828184444,95.8432,99.724
902,17.4644,17.578,0.11378119352511627,17.234,17.5956,17.1,17.0,0.09999999999999999,17.0,17.3,0.3644,0.578,0.21346231517530206,-0.06599999999999999,0.5955999999999999,97.7894,98.446,0.5810768968045446,96.67446000000001,98.728825
903,17.6644,17.598,0.10491024735458387,17.5372,17.869680000000002,17.5,17.5,0.0,17.5,17.5,0.1644,0.098,0.10491024735458399,0.0372,0.3736,98.5816,99.315,0.8062914237420601,96.90700000000001,99.6434
904,17.9644,18.078,0.11378119352511627,17.734,18.0956,17.6,17.5,0.09999999999999999,17.5,17.8,0.3644,0.578,0.21346231517530206,-0.0668,0.5955999999999999,99.2742,99.635,0.8715353922819212,97.52759999999999,100.4756
905,18.1646,18.078,0.10977048783712316,18.0332,18.3822,18.0,18.0,0.0,18.0,18.0,0.1646,0.078,0.10977048783712313,0.0332,0.3862,99.078,99.457,0.7284228854175313,97.71818999999999,100.2074
906,18.1646,18.078,0.10977048783712316,18.0332,18.386200000000002,17.8,18.0,0.19999999999999998,17.4,18.0,0.36460000000000004,0.102,0.20830160825111266,0.038,0.7690000000000001,99.2704,99.457,0.5308015259963008,98.35139999999998,100.1894
907,17.7642,18.012,0.20163045404898505,17.3722,18.0824,17.0,17.0,0.15811388300841897,16.7,17.3,0.7642,0.577,0.13749487263167307,0.533,0.9954000000000001,99.473,99.96,0.6177695363159312,98.36339999999998,100.4518
908,17.1642,17.032,0.19561400767838652,16.782000000000004,17.485599999999998,16.6,16.5,0.09999999999999999,16.5,16.8,0.5642,0.532,0.2363785946315783,0.142,0.9856200000000002,99.3554,98.953,0.49764772681084257,98.65299999999999,100.32039999999999
909,16.7636,16.577,0.1373424916040189,16.5368,16.987344999999998,16.1,16.0,0.09999999999999999,16.0,16.3,0.6636,0.577,0.20369820814135797,0.3236,0.9945999999999999,99.96679999999999,99.96,0.7889687826523948,98.6396,101.323
910,16.3632,16.511,0.127428175848201,16.145400000000002,16.580400000000004,15.9,16.0,0.18708286933869706,15.6,16.2,0.46319999999999995,0.576,0.11370109937902977,0.233,0.5940150000000001,99.9568,99.96,0.5592744764424712,99.03519999999999,100.95419999999999
911,15.963,16.011,0.19510151203924603,15.645179999999998,16.29927,15.5,15.5,0.15811388300841897,15.2,15.8,0.46299999999999997,0.532,0.1977741135740469,0.1412,0.7976,100.265,100.462,0.6433342055261796,99.2138,101.39439999999999
912,15.862799999999998,16.011,0.12724362459471195,15.645399999999999,16.079600000000003,15.4,15.5,0.18708286933869706,15.1,15.7,0.4628,0.576,0.11358230495988361,0.23280000000000003,0.5932000000000001,100.5606,101.46,0.6478694775956029,99.33807499999999,101.58425
913,15.4626,15.576,0.10879963235232006,15.249599999999997,15.592400000000001,15.3,15.0,0.19999999999999998,15.0,15.7,0.16260000000000002,0.076,0.20329131806351194,-0.1676,0.49281,100.7538,101.46,0.6194603619280253,99.60560000000001,101.7832
914,15.4626,15.576,0.10879963235232006,15.241,15.5928,15.4,15.5,0.18708286933869706,15.1,15.7,0.06259999999999999,0.096,0.16898923042608363,-0.17834499999999823,0.35839999999999994,100.5582,100.962,0.6454611839607407,99.47459999999998,101.6836
915,15.4626,15.576,0.10879963235232006,15.241,15.5928,15.1,15.0,0.09999999999999999,15.0,15.3,0.3626,0.576,0.13934618760482828,0.1321050000000001,0.5927999999999999,100.7702,101.46,0.7276194334952858,99.53240000000001,102.008
916,15.3624,15.511,0.1272637418906109,15.145195,15.5798,15.1,15.0,0.24494897427831783,14.7,15.6,0.26239999999999997,0.575,0.21671654297722634,-0.1678,0.5926,101.05999999999999,101.46,0.5675734313725396,100.02440000000001,102.008
917,15.262199999999998,15.075,0.13708114385282918,15.0318,15.492600000000001,14.7,14.5,0.19999999999999998,14.5,15.1,0.5622,0.575,0.28984692511737986,0.03200000000000003,0.9922000000000001,101.6456,102.452,0.6989794417577674,100.3086,102.79
918,14.9618,15.075,0.10860174952550254,14.7406,15.091800000000001,14.9,15.0,0.18708286933869706,14.6,15.3,0.06179999999999999,0.095,0.16898029470917605,-0.2552,0.37039999999999995,100.95920000000001,100.962,0.6405650162161519,100.019135,102.0142
919,14.9618,15.075,0.11355324742163916,14.731399999999999,15.091800000000001,14.9,15.0,0.09999999999999999,14.7,15.0,0.06179999999999999,0.075,0.17191375744832058,-0.17679999999999998,0.37839999999999996,101.05499999999999,100.962,0.5967176886937399,100.0124,102.0976
920,15.062000000000001,15.095,0.16913219681657313,14.744399999999999,15.371,15.2,15.0,0.12247448713915889,15.0,15.4,-0.13799999999999998,0.076,0.2133206506646743,-0.5686,0.09201000000000001,101.06199999999998,101.226,0.6269769533244429,100.0038,102.0636
921,15.4622,15.532,0.19227386717908396,15.1446,15.784199999999998,15.8,16.0,0.12247448713915889,15.6,16.0,-0.3378,-0.405,0.10487726159659204,-0.46419999999999995,-0.12898500000000002,100.8554,100.462,0.7582174885875431,99.5248,102.186
922,16.163,16.096,0.2535986987348322,15.744695,16.6724,16.5,16.5,0.15811388300841897,16.2,16.8,-0.337,-0.401,0.2006546784901862,-0.7538,-0.01850500000000009,100.3536,101.036,0.8326518239936784,98.69528,101.6604
923,17.063799999999997,17.097,0.16933499343018268,16.746199999999998,17.364600000000003,16.9,17.0,0.09999999999999999,16.7,17.0,0.16379999999999997,0.101,0.20083411064856485,-0.1714,0.4901999999999999,100.1728,100.962,0.8917061960085269,98.61840000000001,101.56479999999999
924,17.4644,17.578,0.11378119352511627,17.234,17.5948,17.2,17.0,0.12247448713915889,17.0,17.4,0.2644,0.102,0.13298932287969586,0.038,0.48484999999999995,100.1642,101.036,0.7462467688372254,98.92985,101.27301999999999
925,17.4644,17.578,0.11378119352511627,17.2292,17.5956,17.2,17.0,0.19999999999999998,17.0,17.6,0.2644,0.532,0.2039268496299592,-0.13119999999999998,0.5864,100.36999999999999,100.962,0.7843436109257222,99.0384,101.7016
926,17.5644,17.598,0.1691926712360791,17.24718,17.8728,17.3,17.5,0.12247448713915889,17.1,17.5,0.2644,0.102,0.13298932287969586,0.038000000000000006,0.48679999999999995,100.1738,100.462,0.8114683234729496,98.746,101.6762
927,17.6644,17.578,0.10957262431830293,17.5332,17.8856,17.5,17.5,0.0,17.5,17.5,0.1644,0.078,0.10957262431830314,0.03320000000000001,0.38082,99.875,99.96,0.6987292751846036,98.6456,101.0386
928,17.6644,17.578,0.10957262431830293,17.53398,17.8856,17.3,17.5,0.12247448713915889,17.1,17.5,0.36440000000000006,0.102,0.21063276098461037,0.038,0.7807999999999999,100.3624,100.962,0.7025533858718513,99.04299999999999,101.4944
929,17.2642,17.077,0.13749487263167282,17.032899999999998,17.487365,16.6,16.5,0.09999999999999999,16.5,16.8,0.6642,0.577,0.2037519079665268,0.333,0.99382,100.265,100.462,0.6433342055261796,99.1356,101.3654
930,16.7636,16.577,0.1373424916040189,16.5326,16.9946,16.1,16.0,0.09999999999999999,16.0,16.3,0.6636,0.577,0.20369820814135797,0.3324,0.9945999999999999,100.467,100.962,0.8064038070346627,99.220595,101.8708
931,16.2632,16.076,0.13728779989496553,16.0324,16.494,15.8,15.5,0.19999999999999998,15.5,16.2,0.46320000000000006,0.576,0.259572610265413,-0.0676,0.8858,100.9516,100.962,0.5361007927619563,100.01240000000003,101.89079999999998
932,15.962799999999998,16.076,0.1088620227627615,15.749389999999998,16.093200000000003,15.6,15.5,0.09999999999999999,15.5,15.8,0.36279999999999996,0.576,0.13943077135266804,0.1324,0.5932000000000001,101.1468,101.957,0.6952005034520614,99.80500000000002,102.2782
933,15.862799999999998,16.076,0.1394307713526682,15.632109999999997,16.093799999999998,15.5,15.5,0.15811388300841897,15.2,15.8,0.3628,0.576,0.2717368948081949,-0.1678,0.7932999999999999,100.86460000000001,100.962,0.601547969824518,99.8606,101.9084
934,15.662600000000001,15.596,0.10477289725878551,15.532599999999999,15.884,15.7,15.5,0.12247448713915889,15.5,15.9,-0.037399999999999996,0.076,0.11352250878129853,-0.259,0.09280000000000001,101.2574,101.957,0.8306767481999244,99.82226,102.59880000000001
935,15.762799999999999,15.596,0.13334519113938845,15.5364,15.9892,15.9,16.0,0.09999999999999999,15.7,16.0,-0.13720000000000004,-0.404,0.20842490254285834,-0.4637049999999999,0.26770499999999986,100.56099999999999,101.46,0.8983811551897105,98.82,101.9904
936,15.962799999999998,16.032,0.09823919787946142,15.767599999999998,16.0844,15.5,15.5,0.15811388300841897,15.2,15.8,0.4628,0.576,0.11358230495988361,0.23219999999999996,0.5925999999999999,100.7662,101.46,0.8286600871286124,99.33519999999999,102.1972
937,15.4626,15.576,0.10879963235232006,15.249385000000002,15.5928,15.1,15.0,0.09999999999999999,15.0,15.3,0.3626,0.576,0.13934618760482828,0.13240000000000002,0.5928,101.35659999999999,101.46,0.8408802292835766,99.91600000000001,102.75644500000001
938,15.3624,15.576,0.1394724345524951,15.13199,15.5928,15.1,15.0,0.09999999999999999,15.0,15.3,0.2624,0.576,0.21696211650885042,-0.1684,0.5928,101.0522,101.46,0.7969007717401208,99.71722499999998,102.3964
939,15.262199999999998,15.075,0.13708114385282918,15.031995,15.484409999999999,15.1,15.0,0.09999999999999999,15.0,15.3,0.16219999999999998,0.075,0.2034729466047022,-0.1684,0.49260000000000004,100.9642,100.962,0.7708479357175453,99.62480000000001,102.3036
940,15.162,15.075,0.10957965139568575,15.031799999999999,15.379000000000001,14.7,14.5,0.12247448713915889,14.5,14.9,0.4619999999999999,0.575,0.11361205921908114,0.2318,0.592005,101.4472,101.46,0.6692831538295285,100.3028,102.59160000000001
941,14.861799999999999,15.032,0.13127962522798436,14.64,15.0832,14.7,14.5,0.12247448713915889,14.5,14.9,0.1618,0.095,0.19535695534073005,-0.1686999999999999,0.47059999999999996,101.53979999999999,102.452,0.7108313724083944,100.099,102.58400000000002
942,14.661600000000002,14.575,0.1094114253631678,14.531600000000001,14.8784,14.1,14.0,0.24494897427831777,13.7,14.6,0.5616,0.596,0.2839909505600487,-0.055600000000000004,0.97,101.5436,101.46,0.6916777139680009,100.308,102.77919999999999
943,14.3614,14.575,0.13905955558680597,14.131200000000002,14.591,14.0,14.0,0.22360679774997896,13.6,14.4,0.36140000000000005,0.532,0.26737157664942623,-0.1512299999999998,0.7948,101.9332,101.957,0.7288430832490613,100.6756,103.001
944,14.261199999999999,14.095,0.13275594148662406,14.0358,14.482895000000001,14.6,14.5,0.09999999999999999,14.5,14.8,-0.3388,-0.405,0.20045982141067573,-0.668895,-0.0172,101.6414,102.452,0.8164963318962318,100.10679999999999,102.97760000000001
945,14.5614,14.594,0.1689602320074164,14.243300000000001,14.8702,14.7,14.5,0.12247448713915889,14.5,14.9,-0.1386,0.075,0.21316087821173937,-0.5684099999999999,0.09059999999999999,101.64359999999999,101.46,0.46349256736219796,100.884,102.447
946,15.062000000000001,15.095,0.16913219681657313,14.744399999999999,15.3714,15.1,15.0,0.09999999999999999,15.0,15.3,-0.03799999999999999,0.076,0.1136032569955633,-0.2682,0.092,101.45299999999999,101.46,0.763021952502024,100.0942,102.67699
947,15.362199999999998,15.097,0.20827635487495946,15.031995,15.76691,15.6,15.5,0.09999999999999999,15.5,15.8,-0.2378,-0.403,0.13300015037585483,-0.46820000000000006,-0.00780000000000001,101.15559999999999,101.46,1.056480411555274,99.1254,102.7972
948,15.962799999999998,16.076,0.1135823049598838,15.732800000000001,16.093200000000003,16.0,16.0,0.0,16.0,16.0,-0.0372,0.076,0.11358230495988361,-0.2672,0.0932,100.759,100.462,1.0377971381729678,99.17198499999999,102.5796
949,16.163,16.096,0.10493950638344017,16.036309999999997,16.3718,16.0,16.0,0.0,16.0,16.0,0.16299999999999998,0.096,0.10493950638343977,0.0364,0.38519999999999993,100.8536,100.962,0.6093213109681946,99.80499999999999,101.89079999999998
950,16.2632,16.099,0.13302496006389217,16.037,16.4894,16.0,16.0,0.15811388300841897,15.7,16.3,0.2632,0.099,0.1242804892169322,0.05929000000000009,0.48010999999999987,100.8778,100.962,1.0327397736119215,99.1608,102.67280000000001
951,16.2632,16.099,0.13302496006389217,16.037,16.485400000000002,16.4,16.5,0.18708286933869706,16.1,16.7,-0.13679999999999998,0.011,0.11329448353737263,-0.3276,0.0538,100.7676,101.957,1.1084449287177052,98.54240000000001,102.5026
952,16.163,16.076,0.10960976233894526,16.0324,16.380305000000003,15.9,16.0,0.09999999999999999,15.7,16.0,0.263,0.099,0.1329071104192699,0.037,0.4848,100.9494,100.962,1.1280015336869011,99.03200000000001,102.86680000000001
953,16.063,16.032,0.1623708717720024,15.767600000000002,16.3802,15.5,15.5,0.15811388300841897,15.2,15.8,0.5630000000000001,0.576,0.1720880588535997,0.23280000000000003,0.8844000000000001,100.96900000000001,100.962,0.979482720623493,99.29480000000001,102.69760000000001
954,15.5624,15.532,0.16234549577983381,15.340799999999998,15.866200000000001,15.2,15.0,0.12247448713915889,15.0,15.4,0.36239999999999994,0.532,0.13132425518539978,0.14079999999999998,0.584,101.1648,101.46,0.9289952314194088,99.57419999999999,102.72620000000002
955,15.162,15.075,0.10957965139568575,15.031799999999999,15.37911,14.7,14.5,0.12247448713915889,14.5,14.9,0.4619999999999999,0.575,0.11361205921908114,0.23159999999999997,0.5923999999999999,101.155,101.46,0.7028446485532921,99.9962,102.37507000000001
956,14.7618,14.575,0.1368369102252752,14.536000000000001,14.991800000000001,14.5,14.5,0.15811388300841897,14.2,14.8,0.2618,0.075,0.2703226590576528,-0.1686,0.6918,101.443,101.46,0.7909597334883752,100.10679999999999,102.7776
957,14.661600000000002,14.575,0.1094114253631678,14.531600000000001,14.8826,14.2,14.0,0.12247448713915889,14.0,14.4,0.46159999999999995,0.575,0.20256075631770334,0.1316,0.7914,101.06120000000001,100.462,0.8920413331230791,99.5248,102.59760000000001
958,14.4612,14.532,0.09826616915296942,14.265199999999998,14.582410000000001,14.2,14.0,0.12247448713915889,14.0,14.4,0.2612,0.094,0.12480480759970747,0.0484,0.48279999999999995,101.456,101.957,0.9233152224457245,99.8278,103.08420000000001
959,14.3614,14.575,0.13905955558680597,14.1316,14.591,14.1,14.0,0.09999999999999999,14.0,14.3,0.2614,0.575,0.21658153199199603,-0.1688,0.5906,101.64659999999999,101.957,0.7940621260329705,100.2186,102.95419999999999
960,14.261199999999999,14.074,0.13666104053460149,14.031500000000001,14.4904,14.1,14.0,0.09999999999999999,14.0,14.3,0.16119999999999995,0.074,0.20306708251215902,-0.16840999999999998,0.4908,101.652,101.957,0.7173108809993052,100.44500000000001,102.918
961,14.060999999999998,14.074,0.01711139970896598,14.031199999999998,14.090399999999999,14.1,14.0,0.09999999999999999,14.0,14.3,-0.03899999999999999,0.074,0.11332607819915061,-0.2604,0.09020500000000001,101.7404,101.957,0.8283182721635451,100.15040000000002,103.08419999999998
962,14.060999999999998,14.074,0.01711139970896598,14.031200000000002,14.090399999999999,14.0,14.0,0.15811388300841897,13.7,14.3,0.060999999999999985,0.094,0.16879810425475753,-0.25620000000000004,0.36979999999999996,101.73639999999999,101.46,0.587699719244447,100.6936,102.77759999999998
963,13.960999999999999,14.032,0.09819775964857858,13.7696,14.081805000000001,13.7,13.5,0.12247448713915889,13.5,13.9,0.261,0.094,0.12467076642100182,0.0524,0.4780049999999999,101.7474,101.957,0.6710241873434969,100.59819999999999,102.8966
964,13.7608,13.574,0.13663067005617735,13.5358,13.990200000000002,13.4,13.5,0.18708286933869706,13.1,13.7,0.36079999999999995,0.574,0.27134468854208293,-0.06928499999999992,0.7904,102.0346,101.957,0.8510415148510678,100.59259999999999,103.41049500000001
965,13.3602,13.509,0.12672781857192988,13.151809999999998,13.5766,13.0,13.0,0.15811388300841897,12.7,13.3,0.36019999999999996,0.573,0.13878018590562557,0.1306,0.5893999999999999,102.233,101.46,0.8031036670318493,100.9362,103.58520000000001
966,12.959799999999998,13.032,0.09809862384355854,12.764,13.080400000000001,12.8,12.5,0.19999999999999998,12.5,13.2,0.1598,0.092,0.1951751521070241,-0.1736,0.46840000000000004,102.3264,102.452,0.7492917055459782,100.98,103.57559999999998
967,12.859599999999997,13.073,0.1387388193693461,12.6296,13.0886,12.5,12.5,0.15811388300841897,12.2,12.8,0.35960000000000003,0.573,0.27110599403185465,-0.1742,0.7886,102.4238,102.452,0.6738140247872568,101.272,103.57560000000001
968,12.859599999999997,13.073,0.1387388193693461,12.6296,13.088600000000003,12.9,13.0,0.18708286933869706,12.6,13.2,-0.0404,0.073,0.25907230650920604,-0.5622,0.3806,102.4288,102.452,0.8150892834530469,100.93639999999999,103.78040000000001
969,13.0598,13.092,0.16908530391491758,12.7416,13.369399999999999,13.2,13.0,0.12247448713915889,13.0,13.4,-0.1402,0.074,0.21323658222734673,-0.5704,0.08879999999999999,102.022,101.957,0.641567299665437,100.96799999999999,103.06580000000001
970,13.560400000000001,13.532,0.2788179692917942,13.142599999999998,14.1578,13.8,13.5,0.19999999999999998,13.5,14.2,-0.23959999999999998,0.032,0.20940262653558095,-0.5732,0.06540000000000001,101.7418,102.452,0.8859671212861114,100.09100000000001,102.99560000000001
971,14.0608,14.032,0.2787400939943874,13.643,14.5826,14.3,14.0,0.19999999999999998,14.0,14.7,-0.2392,0.032,0.20944221160024068,-0.657,0.0744,101.6378,100.962,0.8396903834152202,100.2032,103.0058
972,14.3614,14.094,0.3041143863746009,14.0314,14.9666,14.7,14.5,0.19999999999999998,14.5,15.1,-0.3386,-0.406,0.1050026666328051,-0.4686,-0.129,101.7176,101.957,0.6668120874729242,100.4444,102.84819999999999
973,14.761600000000001,14.594,0.3464663908664159,14.2316,15.471200000000001,15.1,15.0,0.24494897427831783,14.7,15.6,-0.3384,-0.406,0.20079581668949179,-0.6724,-0.016300000000000092,101.643,101.957,0.6958042109674237,100.3698,102.8786
974,14.761600000000001,14.594,0.20430115026597392,14.535600000000002,15.171199999999999,14.9,15.0,0.09999999999999999,14.7,15.0,-0.13840000000000002,-0.406,0.2084681270602295,-0.46440000000000003,0.2712,101.73479999999999,101.957,0.3713133986270906,100.9906,102.336875
975,14.861799999999999,15.032,0.2637848365619223,14.431799999999999,15.2756,15.1,15.0,0.09999999999999999,15.0,15.3,-0.23820000000000002,0.032,0.2094574897204681,-0.6557999999999999,0.0756,101.3438,102.073,0.6558379677938737,100.099,102.453
976,14.761600000000001,15.032,0.20914315671329053,14.3442,15.0744,14.7,14.5,0.12247448713915889,14.5,14.9,0.06160000000000001,0.096,0.2877513857481837,-0.4726,0.48719999999999997,101.539,101.957,0.8617057502419255,100.01856000000001,102.877
977,14.3612,14.532,0.13121067029780772,14.139599999999998,14.581999999999999,13.8,14.0,0.25495097567963926,13.4,14.2,0.5612,0.594,0.287743357872949,-0.056400000000000006,0.9823999999999999,102.11800000000001,102.59,0.553347268900823,100.9812,102.78267000000001
978,13.7608,13.574,0.13663067005617735,13.535,13.990199999999998,13.2,13.0,0.25495097567963926,12.8,13.7,0.5608,0.594,0.2878331808530768,-0.06939999999999998,0.9823999999999999,102.0194,102.452,0.8139438924151967,100.479,103.1722
979,13.260200000000001,13.532,0.2038870765889784,12.852,13.581199999999999,12.7,13.0,0.3391164991562634,12.1,13.2,0.5601999999999999,0.593,0.28764551100269237,0.0264,0.9853999999999999,102.4076,102.946,0.699328292005979,101.13013,103.4822
980,12.7594,13.032,0.20395381830208548,12.363399999999999,13.080400000000001,11.7,12.0,0.3,11.2,12.2,1.0594,1.072,0.32982898599122545,0.4415000000000001,1.6806,101.8404,102.452,0.8754643682069521,100.3104,103.36280000000002
981,11.9582,12.032,0.24643790292891213,11.46628,12.36272,11.5,11.5,0.27386127875258304,11.1,12.0,0.45820000000000005,0.532,0.30484691240030626,-0.06367999999999954,0.978605,102.2246,102.452,0.7507127679745442,100.89200000000001,103.55720000000001
982,11.2578,11.507,0.20071806097110442,10.866600000000002,11.573199999999998,10.9,11.0,0.3316624790355399,10.4,11.5,0.35779999999999995,0.57,0.2704583886663529,-0.07139999999999999,0.7855999999999999,102.61959999999999,103.438,0.7834892851851919,101.2708,103.9596
983,10.657,10.533,0.19446156432570408,10.3312,10.9774,10.0,10.0,0.27386127875258304,9.6,10.5,0.6569999999999999,0.569,0.3465044011264503,0.035020000000000155,1.2772000000000001,102.32159999999999,103.438,0.8891220726087049,100.68460000000002,103.7182
984,10.056000000000001,10.069,0.015811388300841986,10.0272,10.079410000000001,9.7,9.5,0.33911649915626335,9.2,10.4,0.356,0.569,0.3524202037341219,-0.36889,0.8713999999999998,102.6114,102.946,0.8483392953294103,101.09020000000001,104.04679999999999
985,9.555,9.583,0.14895871911371955,9.2746,9.818415,9.1,9.0,0.3316624790355399,8.5,9.6,0.45499999999999996,0.086,0.29721826996333855,0.046400000000000004,1.0576,103.2828,103.438,0.6267246923490414,102.01480000000001,104.3608
986,8.954200000000002,9.033,0.09821680100675236,8.757585,9.0728,8.9,9.0,0.33166247903553997,8.3,9.6,0.054200000000000026,0.066,0.328536969000446,-0.5668,0.6689999999999999,102.7162,103.581,0.7906629749773288,101.17819999999999,103.94059999999999
987,8.754000000000001,8.584,0.11909450029283489,8.5534,8.956800000000001,8.6,8.5,0.3316624790355399,8.0,9.1,0.15400000000000005,0.033,0.37467786163583244,-0.3736,0.8792,103.30440000000002,103.929,1.0054138252480918,101.55120000000001,105.0414
988,8.5534,8.566,0.015263027222671234,8.525,8.5788,8.4,8.5,0.33166247903553997,7.8,8.9,0.1534,0.084,0.34418448541443586,-0.47780000000000006,0.6752,102.9958,103.929,1.0993506446989523,100.7932,104.6338
989,8.2532,8.083,0.1187852684468911,8.0562,8.462,8.0,8.0,0.3535533905932738,7.4,8.6,0.2532,0.083,0.38517520688642454,-0.35700000000000004,0.9678000000000001,102.61979999999998,102.946,1.11287045068148,100.546,104.43139999999998
990,8.052600000000002,8.066,0.015154537274361116,8.025,8.0776,8.1,8.0,0.24494897427831777,7.7,8.6,-0.047400000000000005,0.066,0.2577977113940308,-0.575,0.36999999999999994,103.4934,104.418,1.0369518600205119,101.4476,105.114045
991,7.9524,8.033,0.0935235799143724,7.763000000000001,8.0642,7.8,7.5,0.33911649915626335,7.3,8.5,0.1524,0.082,0.3441026881615428,-0.46860000000000007,0.7666000000000001,103.2846,104.132,0.8291731785338948,101.7398,104.58400000000002
992,7.8524,8.003,0.1213122417565515,7.6494,8.0558,7.9,8.0,0.24494897427831783,7.4,8.3,-0.04759999999999999,-0.418,0.2995774691127489,-0.46320000000000006,0.4708,103.78800000000001,104.418,1.007205490453661,102.03020000000001,105.5272
993,8.052600000000002,8.003,0.2760037318588283,7.646600000000001,8.573929999999999,8.6,8.5,0.18708286933869706,8.3,8.9,-0.5474,-0.918,0.2533930938285414,-0.9692000000000001,-0.12560000000000002,103.295,103.929,0.995809369307199,101.5674,105.02259999999998
994,8.7538,8.533,0.3406671983035645,8.2666,9.458200000000001,9.6,9.5,0.24494897427831783,9.2,10.1,-0.8462,-0.967,0.18932548692661536,-1.1586000000000003,-0.5351649999999999,103.2924,103.929,0.7882586250717454,101.8714,104.6338
995,9.955400000000001,9.583,0.43100598603731693,9.3526,10.8502,11.0,11.0,0.15811388300841897,10.7,11.3,-1.0446,-0.967,0.3337156873747472,-1.5574000000000001,-0.44980000000000003,103.2924,103.438,0.6176951999165942,102.2296,104.35
996,11.157,10.588,0.4012034396662123,10.5544,11.77861,11.7,11.5,0.12247448713915889,11.5,11.9,-0.5429999999999999,-0.914,0.43088768838294733,-1.1452,0.2621999999999999,102.907,102.946,0.7321043641448958,101.64429,104.066
997,11.9582,11.59,0.2935716948208734,11.5564,12.5516,12.3,12.5,0.12247448713915889,12.1,12.5,-0.3418,-0.493,0.36655741705768274,-0.827,0.368,102.3264,102.452,0.7492917055459782,101.07719999999999,103.5036
998,12.358799999999999,12.091,0.20088688359372814,12.057399999999998,12.7518,12.7,12.5,0.12247448713915889,12.5,12.9,-0.3412,-0.468,0.2451235198833437,-0.7257999999999999,0.1566,102.22460000000001,102.946,0.7920918254848982,100.83647500000001,103.4692
999,12.759199999999998,12.592,0.12087985771004214,12.558,12.960600000000001,12.8,13.0,0.19999999999999998,12.4,13.0,-0.04080000000000001,-0.408,0.29324382346436556,-0.442,0.5518,102.3178,102.452,0.48321065799504204,101.538,103.10560999999998
1000,12.7594,12.592,0.12468023099112395,12.550799999999999,12.96818,12.3,12.5,0.19999999999999998,11.9,12.5,0.45940000000000003,0.532,0.19210715759700364,0.1416,0.7806,102.2182,101.957,0.7446950651105458,100.75009999999999,103.54400000000001
1001,12.4592,12.532,0.19708840655908735,12.13838,12.792,11.5,11.5,0.22360679774997896,11.1,11.9,0.9592,1.072,0.2589282526106412,0.42960000000000004,1.376,102.6158,103.438,0.5793616659738542,101.5644,103.56019000000002
1002,11.7578,11.589,0.2582509244901166,11.348189999999999,12.255770000000002,11.0,11.0,0.22360679774997896,10.6,11.4,0.7578,1.032,0.21152668862344534,0.3363999999999999,1.0784,102.617,103.438,0.8190324779885112,101.0902,103.9428
1003,11.057599999999999,11.033,0.1620637528875596,10.766200000000001,11.373000000000001,10.5,10.5,0.22360679774997896,10.1,10.9,0.5576000000000001,0.57,0.17121524464836652,0.2361999999999999,0.877485,102.41439999999997,103.438,0.9376859069005992,100.7774,103.94000000000001
1004,10.5566,10.533,0.16204709192083636,10.265200000000002,10.871799999999999,10.0,10.0,0.22360679774997896,9.6,10.4,0.5565999999999999,0.569,0.17105338348012877,0.2352,0.876,102.80199999999999,103.438,0.6783734222388135,101.53580000000002,103.91835499999999
1005,9.8554,10.006,0.11503503814055956,9.663999999999998,10.049199999999999,9.4,9.5,0.18708286933869706,9.1,9.7,0.4553999999999999,0.568,0.11275220618684141,0.22680000000000003,0.5815999999999999,103.39940000000001,103.438,0.8200064389991082,102.04119999999999,104.7736
1006,9.4548,9.533,0.09815110799170837,9.253400000000001,9.5742,8.7,8.5,0.25495097567963926,8.3,9.2,0.7547999999999999,0.586,0.26355955683678023,0.3268,1.253,103.38200000000002,104.132,0.7464368694002191,102.03200000000001,104.58400000000002
1007,9.054400000000001,9.067,0.015419468213917176,9.0266,9.080200000000001,8.1,8.0,0.3316624790355399,7.5,8.602499999999997,0.9544,1.033,0.3425022043724682,0.4161999999999999,1.5692,103.0948,103.438,0.9384758601050976,101.623,104.7204
1008,8.6536,8.58,0.10442346479599315,8.5258,8.8628,8.7,8.5,0.25495097567963926,8.3,9.2,-0.046400000000000025,0.033,0.3011050647199412,-0.5673999999999999,0.4654,103.00340000000001,104.132,0.9330044801607339,101.42280000000001,104.58400000000002
1009,8.6536,8.58,0.10442346479599315,8.5272,8.863815,8.5,8.5,0.15811388300841897,8.2,8.8,0.1536,0.084,0.19925927832851348,-0.18073499999999806,0.4755999999999999,103.19800000000001,103.929,0.831053969366611,101.76219999999999,104.56739999999999
1010,8.6536,8.58,0.10442346479599315,8.525799999999998,8.8628,8.5,8.5,0.15811388300841897,8.2,8.8,0.1536,0.084,0.19925927832851348,-0.175,0.473,103.19839999999999,103.438,0.7623162467112986,101.86120000000001,104.5356
1011,8.6536,8.58,0.10442346479599315,8.5308,8.86282,8.6,9.0,0.291547594742265,8.0,9.0,0.053600000000000016,0.067,0.2852792666844192,-0.37185999999999997,0.6782,103.09559999999999,103.929,0.7918972534363279,101.67460000000001,104.3884
1012,8.8538,8.584,0.2015332230675627,8.5504,9.247,9.1,9.0,0.18708286933869706,8.8,9.4,-0.24620000000000003,0.033,0.30480426506202307,-0.7647999999999999,0.2657999999999999,103.09559999999999,103.929,0.7918972534363279,101.76219999999998,104.429
1013,9.2546,9.085,0.12177462789924642,9.051800000000002,9.463799999999999,9.3,9.5,0.12247448713915889,9.1,9.5,-0.0454,0.033,0.1920131766311885,-0.3574,0.2742,103.2902,104.132,0.7588076436093678,101.99640000000001,104.58400000000002
1014,9.555000000000001,9.533,0.1568231488014445,9.262400000000001,9.849,9.5,9.5,0.15811388300841897,9.2,9.8,0.05499999999999998,0.082,0.16865200858572657,-0.2634,0.36439999999999995,103.38340000000001,103.929,0.6153016008430329,102.3378,104.429
1015,9.655000000000001,9.583,0.09562897050580418,9.537385000000002,9.849999999999998,9.5,9.5,0.22360679774997896,9.1,9.9,0.15499999999999997,0.086,0.19948659102806884,-0.1768,0.4775999999999999,103.38340000000001,103.929,0.6153016008430329,102.3378,104.46959999999999
1016,9.555000000000001,9.568,0.0156492811336495,9.523200000000001,9.58,9.4,9.5,0.09999999999999999,9.2,9.5,0.155,0.068,0.10791153784466237,0.0268,0.3700899999999999,103.19000000000001,103.929,0.7500903278939134,101.7284,104.430015
1017,9.6552,9.533,0.24573347350330593,9.273,10.1602,9.8,9.5,0.19999999999999998,9.5,10.2,-0.14479999999999998,0.033,0.12812080237026302,-0.36340000000000006,0.06899999999999999,103.6778,104.418,0.6273323202258916,102.6122,104.7316
1018,10.456199999999999,10.087,0.43117135804689044,9.853,11.2664,11.0,10.5,0.38729833462074165,10.5,11.8,-0.5438,-0.467,0.09438612186121431,-0.7370000000000001,-0.4298,103.29639999999999,103.929,0.6707563342973364,102.1354,104.47460000000001
1019,11.657999999999998,11.589,0.2940598578521047,11.1726,12.1794,12.6,12.5,0.09999999999999999,12.5,12.8,-0.942,-0.968,0.2788748823397331,-1.3552000000000002,-0.43200000000000005,102.804,103.438,0.6714541682050988,101.6408,103.97619999999999
1020,12.6594,12.592,0.2938764366192024,12.174600000000002,13.2488,13.2,13.5,0.19999999999999998,12.8,13.5,-0.5406,-0.908,0.43041068759964596,-1.142,0.269,102.5134,102.946,0.6753418837892413,101.27643499999999,103.60842000000001
1021,13.26,13.093,0.12076713128993326,13.059199999999999,13.4692,13.2,13.0,0.12247448713915889,13.0,13.4,0.06000000000000001,0.032,0.15615601173185742,-0.2244,0.3694,102.12180000000001,102.946,0.7525324843486817,100.686,103.2636
1022,13.460400000000002,13.574,0.11340749534312083,13.230599999999999,13.5896,13.3,13.5,0.12247448713915889,13.1,13.5,0.1604,0.093,0.10474378263171517,0.034890000000000095,0.369405,102.1262,102.59,0.3760362216595643,101.435,102.75399999999999
1023,13.560599999999999,13.574,0.17188531059982975,13.235,13.877600000000001,13.2,13.5,0.19999999999999998,12.8,13.5,0.36060000000000003,0.094,0.20809747715914292,0.0352,0.765,101.81500000000001,101.555,0.6554899694121948,100.7082,102.92179999999999
1024,13.560599999999999,13.574,0.17188531059982975,13.235,13.869200000000001,12.9,13.0,0.09999999999999999,12.7,13.0,0.6606,0.594,0.20053568261035243,0.3208050000000018,0.982,102.2272,103.105,0.6188132513125442,101.08380000000001,103.2414
1025,13.26,13.093,0.12464589844836445,13.051400000000001,13.4686,12.6,12.5,0.09999999999999999,12.5,12.8,0.6599999999999999,0.573,0.10925474818057107,0.5309999999999999,0.8808,102.4126,102.452,0.42800894850458543,101.66040000000001,103.16568500000001
1026,13.16,13.073,0.10925474818057104,13.0304,13.3768,12.5,12.5,0.0,12.5,12.5,0.6599999999999999,0.573,0.10925474818057107,0.5309999999999999,0.8808,102.51939999999999,102.946,0.5439072163522021,101.63161,103.4616
1027,12.859399999999999,13.032,0.12737802008195934,12.637799999999999,13.072399999999998,12.5,12.5,0.0,12.5,12.5,0.35940000000000005,0.532,0.1273780200819592,0.1296,0.5724,102.7086,102.946,0.44072061444865474,101.94800000000001,103.4692
1028,12.7594,12.592,0.13264674892359798,12.5392,12.984399999999999,12.5,12.5,0.0,12.5,12.5,0.2594,0.092,0.13264674892359782,0.0344,0.48440000000000005,102.50999999999999,102.946,0.5594501765126197,101.538,103.45040000000002
1029,12.7594,12.592,0.13264674892359798,12.529599999999999,12.980015,12.5,12.5,0.0,12.5,12.5,0.2594,0.092,0.13264674892359782,0.0392,0.48439999999999994,102.40920000000001,102.452,0.5569152000080443,101.4668,103.4096
1030,12.7594,12.592,0.13264674892359798,12.5392,12.984399999999999,12.5,12.5,0.0,12.5,12.5,0.2594,0.092,0.13264674892359782,0.0344,0.48440000000000005,101.9238,102.073,0.683500358449064,100.64608,103.0146
1031,12.7594,12.592,0.13264674892359798,12.5344,12.980599999999999,12.4,12.5,0.09999999999999999,12.2,12.5,0.35940000000000005,0.092,0.20802682519329083,0.0344,0.6844,102.80420000000001,102.946,0.4850290094417035,101.95240000000001,103.65600000000002
1032,12.7594,12.592,0.13264674892359798,12.5344,12.984400000000003,12.4,12.5,0.09999999999999999,12.2,12.5,0.35940000000000005,0.573,0.13865482321217676,0.1296,0.5882,102.50999999999999,102.946,0.5594501765126197,101.538,103.45040000000002
1033,12.7594,12.592,0.13264674892359798,12.5392,12.980599999999999,12.5,12.5,0.0,12.5,12.5,0.2594,0.092,0.13264674892359782,0.0344,0.48449499999999995,102.521,103.438,0.6289614455592651,101.46959999999999,103.56000000000002
1034,12.7594,12.592,0.13264674892359798,12.5344,12.984399999999999,12.5,12.5,0.0,12.5,12.5,0.2594,0.092,0.13264674892359782,0.029600000000000005,0.47620000000000007,102.3144,102.452,0.6002451665777915,101.24380000000001,103.26320000000001
1035,12.7594,12.592,0.13264674892359798,12.5344,12.984495000000003,12.5,12.5,0.0,12.5,12.5,0.2594,0.092,0.13264674892359782,0.0344,0.48440000000000005,102.60240000000002,102.946,0.5341341217334828,101.7184,103.45039999999999
1036,12.7594,12.592,0.13264674892359798,12.5344,12.980695,12.4,12.5,0.09999999999999999,12.2,12.5,0.35940000000000005,0.573,0.13865482321217676,0.1296,0.5882,102.4126,102.452,0.5818680778320815,101.466,103.40993999999999
1037,12.559199999999999,12.573,0.01679106905470895,12.529399999999999,12.5876,12.4,12.5,0.09999999999999999,12.2,12.5,0.15919999999999998,0.091,0.10474702859747381,0.029600000000000005,0.3686,102.51299999999999,103.105,0.5428289785927057,101.563685,103.37187999999999
1038,12.659199999999998,12.591,0.10474702859747397,12.534200000000002,12.868405000000003,12.2,12.0,0.12247448713915889,12.0,12.4,0.45919999999999994,0.573,0.11332228377508104,0.22960000000000003,0.5878,102.50340000000001,102.946,0.703145689028953,101.2328,103.63640000000001
1039,12.659199999999998,12.591,0.10474702859747397,12.529599999999999,12.880204999999998,12.5,12.5,0.0,12.5,12.5,0.15919999999999998,0.091,0.10474702859747381,0.0340850000000001,0.36360499999999996,102.31980000000001,102.946,0.5560859106289249,101.3744,103.2636
1040,12.659199999999998,12.591,0.10474702859747397,12.534395,12.863800000000001,12.5,12.5,0.0,12.5,12.5,0.15919999999999998,0.091,0.10474702859747381,0.029600000000000005,0.36839999999999995,102.23200000000001,102.946,0.7250349646741173,100.97220000000002,103.4768
1041,12.859399999999999,13.032,0.12737802008195934,12.6416,13.068599999999998,12.9,13.0,0.09999999999999999,12.7,13.0,-0.04060000000000001,0.032,0.19456402545177767,-0.36219999999999997,0.27999999999999997,102.4106,102.946,0.6401770536343844,101.177,103.45119500000001
1042,13.16,13.092,0.10480791954809514,13.030200000000002,13.369200000000001,13.0,13.0,0.0,13.0,13.0,0.15999999999999998,0.092,0.10480791954809521,0.0304,0.36479999999999996,102.22460000000001,102.946,0.7920918254848982,100.96700000000001,103.4616
1043,13.460400000000002,13.574,0.11340749534312083,13.23489,13.589599999999999,13.5,13.5,0.0,13.5,13.5,-0.039599999999999996,0.074,0.11340749534312096,-0.2694,0.08959999999999999,102.2344,101.957,1.0969630166965525,100.39059999999999,104.26980499999999
1044,13.660400000000001,13.593,0.10474378263171513,13.530600000000002,13.869399999999999,13.6,13.5,0.09999999999999999,13.5,13.8,0.06040000000000001,0.074,0.017066341142728866,0.026600000000000002,0.08920499999999998,102.30760000000001,102.59,0.6202209767494171,101.2996,103.31559999999999
1045,14.060999999999998,14.094,0.16911327564682774,13.742695000000001,14.370205,14.0,14.0,0.0,14.0,14.0,0.060999999999999985,0.094,0.1691132756468279,-0.25730499999999973,0.3702,101.8412,102.946,0.9688514540423626,99.9796,103.4692
1046,14.261,14.095,0.12447007672529159,14.0568,14.477599999999999,13.9,14.0,0.09999999999999999,13.7,14.0,0.361,0.532,0.12705431909226855,0.13979999999999998,0.5735999999999999,101.9282,102.452,0.7531168169679918,100.58882,103.16479999999999
1047,14.160999999999998,14.074,0.10928311854993879,14.031600000000001,14.381800000000002,13.9,14.0,0.09999999999999999,13.7,14.0,0.261,0.095,0.1326378528173613,0.0356900000000001,0.48229999999999995,101.8252,102.452,0.7191583553015284,100.4146,102.9864
1048,14.160999999999998,14.074,0.10928311854993879,14.0314,14.377600000000001,13.9,14.0,0.09999999999999999,13.7,14.0,0.261,0.095,0.1326378528173613,0.0402,0.4861999999999999,102.325,102.452,0.4978348119607541,101.466225,103.18319999999999
1049,14.160999999999998,14.074,0.10928311854993879,14.031600000000001,14.3774,13.5,13.5,0.15811388300841897,13.2,13.8,0.6609999999999999,0.595,0.20035668194497533,0.3271000000000001,0.9862,101.83579999999999,101.957,0.5844093086185413,100.793,102.8786
1050,13.7608,13.574,0.13663067005617735,13.531200000000002,13.990200000000002,13.2,13.0,0.12247448713915889,13.0,13.4,0.5608,0.574,0.1720405184832922,0.2306,0.8782,102.0244,102.452,0.7714730455433949,100.69713999999999,103.3566
1051,13.660599999999999,13.574,0.10938263116235583,13.5352,13.88171,13.1,13.0,0.09999999999999999,13.0,13.3,0.5606,0.574,0.17188531059982992,0.23499999999999996,0.8775999999999999,102.2286,102.452,0.6426125271110116,101.14860000000002,103.37039999999999
1052,13.560400000000001,13.574,0.017066341142728744,13.526599999999998,13.589599999999999,13.4,13.5,0.09999999999999999,13.2,13.5,0.1604,0.074,0.10941325331055647,0.0304,0.3776,102.0298,102.946,0.7381672845636016,100.69480000000001,103.2636
1053,13.660400000000001,13.593,0.10474378263171513,13.530600000000002,13.869400000000002,13.5,13.5,0.0,13.5,13.5,0.1604,0.093,0.10474378263171517,0.030595000000000004,0.3696,101.925,102.452,0.8195841018467852,100.47900000000001,103.16480000000001
1054,13.7606,13.594,0.13279518063544316,13.539685,13.985999999999999,13.6,13.5,0.09999999999999999,13.5,13.8,0.16060000000000002,0.094,0.20053568261035237,-0.1734949999999999,0.48599999999999993,102.1134,101.957,0.7950058238780399,100.73839999999998,103.43949500000001
1055,13.9608,14.074,0.11352506331202807,13.730799999999999,14.090205000000001,13.8,14.0,0.12247448713915889,13.6,14.0,0.1608,0.074,0.20312050610413512,-0.1688,0.4904,102.22380000000001,102.452,0.6923420686337065,101.07719999999999,103.37039999999999
1056,14.060999999999998,14.074,0.01711139970896598,14.0314,14.090404999999999,13.9,14.0,0.09999999999999999,13.7,14.0,0.16099999999999998,0.094,0.10460783909440055,0.03560000000000001,0.3696,101.9294,102.452,0.6864383876212043,100.5924,102.97760000000001
1057,14.060999999999998,14.074,0.01711139970896598,14.0314,14.090399999999999,13.7,13.5,0.12247448713915889,13.5,13.9,0.361,0.574,0.13889852411022946,0.1312,0.5903999999999999,101.8306,102.452,0.5165179183726353,100.7818,102.58400000000002
1058,14.060999999999998,14.074,0.01711139970896598,14.0314,14.090399999999999,13.7,13.5,0.12247448713915889,13.5,13.9,0.361,0.574,0.13889852411022946,0.13140000000000002,0.5904,101.8198,102.073,0.6212406458048285,100.81179999999999,102.85239999999999
1059,14.060999999999998,14.074,0.01711139970896598,14.031200000000002,14.090205000000001,13.6,13.5,0.09999999999999999,13.5,13.8,0.46099999999999997,0.574,0.11332607819915061,0.231395,0.5904050000000001,101.8336,101.957,0.6121749423163287,100.7886,102.877
1060,13.660599999999999,13.574,0.10938263116235583,13.530600000000002,13.877599999999997,13.3,13.5,0.12247448713915889,13.1,13.5,0.3606,0.532,0.1311661541709598,0.13899999999999998,0.5815999999999999,102.0298,102.946,0.7381672845636016,100.663,103.2636
1061,13.660400000000001,13.593,0.10474378263171513,13.535,13.8696,13.5,13.5,0.15811388300841897,13.2,13.8,0.1604,0.074,0.10941325331055647,0.0304,0.3814,102.1258,102.452,0.7755860622780677,100.686,103.37039999999999
1062,13.7606,13.594,0.13279518063544316,13.5398,13.989999999999998,13.8,14.0,0.12247448713915889,13.6,14.0,-0.039400000000000025,0.074,0.20242173796309523,-0.3694,0.28600000000000003,101.9384,102.452,0.7073190652032494,100.64240000000002,102.99560000000001
1063,14.060999999999998,14.094,0.16911327564682774,13.743200000000002,14.3702,14.0,14.0,0.0,14.0,14.0,0.060999999999999985,0.094,0.1691132756468279,-0.25680000000000003,0.37020499999999995,101.91900000000001,101.957,0.6053454385720606,100.865,102.85980000000002
1064,14.3612,14.095,0.2005346354124393,14.060599999999999,14.7534,14.3,14.5,0.12247448713915889,14.1,14.5,0.06119999999999999,0.094,0.1689501109795433,-0.25639999999999996,0.3702,101.74019999999999,102.946,0.8464463007184811,100.1084,103.07484000000001
1065,14.761600000000001,14.594,0.20430115026597392,14.535600000000002,15.17081,15.0,15.0,0.0,15.0,15.0,-0.23840000000000003,-0.406,0.20430115026597376,-0.46440000000000003,0.17149999999999968,100.66919999999999,101.7,0.9421604640399638,98.79679999999999,102.1588
1066,15.362199999999998,15.532,0.12759012500973582,15.140199999999998,15.575999999999999,15.4,15.5,0.09999999999999999,15.2,15.5,-0.037800000000000014,0.032,0.1922738671790839,-0.3516,0.2909299999999984,101.34559999999999,101.957,0.7048292417316422,100.0146,102.48500000000001
1067,15.462399999999999,15.576,0.11372141399050587,15.232,15.592800000000002,15.5,15.5,0.0,15.5,15.5,-0.037599999999999995,0.076,0.11372141399050577,-0.26799999999999996,0.0932,101.3472,101.957,0.8847130834343994,99.5188,102.6058
1068,15.5626,15.576,0.017531685600649115,15.532199999999998,15.592400000000001,15.4,15.5,0.09999999999999999,15.2,15.5,0.1626,0.096,0.10477289725878539,0.032600000000000004,0.3674949999999999,101.247,102.59,1.0340039651761506,99.18429,102.7432
1069,15.662600000000001,15.576,0.10944112572520444,15.532599999999999,15.883600000000001,15.2,15.0,0.12247448713915889,15.0,15.4,0.46259999999999996,0.532,0.19719878295770488,0.1414,0.7924,101.2602,101.7,0.8168628648677819,99.7518,102.543
1070,15.662600000000001,15.596,0.10477289725878551,15.536399999999997,15.8716,15.9,16.0,0.09999999999999999,15.7,16.0,-0.2374,-0.404,0.2040768482704493,-0.4636949999999999,0.17159999999999997,101.4438,102.452,1.1981017235610665,99.11800000000001,103.18319999999999
1071,15.962799999999998,16.076,0.1135823049598838,15.732799999999997,16.093200000000003,15.9,16.0,0.09999999999999999,15.7,16.0,0.0628,0.096,0.16899982248511383,-0.2672,0.37179999999999996,100.75840000000001,102.173,1.2941222739756868,98.531915,102.649
1072,15.962799999999998,16.076,0.1135823049598838,15.732799999999997,16.093799999999998,15.5,15.5,0.0,15.5,15.5,0.4628,0.576,0.11358230495988361,0.23279999999999998,0.5932000000000001,100.67,101.226,1.0291987174496473,98.69343,102.26200000000001
1073,15.762799999999999,15.576,0.13704356971416068,15.532399999999999,15.992600000000001,15.4,15.5,0.09999999999999999,15.2,15.5,0.36279999999999996,0.576,0.13943077135266804,0.1322,0.592615,101.152,102.452,0.9287145955566772,99.32759999999999,102.5732
1074,15.662600000000001,15.576,0.10944112572520444,15.5324,15.883600000000001,15.4,15.5,0.09999999999999999,15.2,15.5,0.2626,0.098,0.13284336641323116,0.036800000000000006,0.48840000000000006,101.07,101.7,0.9556962383519153,99.501025,102.5856
1075,15.5626,15.576,0.017531685600649115,15.528199999999998,15.59281,15.2,15.0,0.12247448713915889,15.0,15.4,0.3626,0.532,0.13121493817397467,0.14068500000000028,0.5836,101.2562,102.173,0.9218445313609032,99.38459999999999,102.6016
1076,15.5626,15.576,0.017531685600649115,15.5322,15.592400000000001,15.5,15.5,0.0,15.5,15.5,0.06260000000000002,0.076,0.0175316856006489,0.032200000000000006,0.0928,101.24839999999999,102.173,0.864578197735753,99.50670999999998,102.4514
1077,15.5626,15.576,0.017531685600649115,15.532399999999999,15.5928,15.5,15.5,0.0,15.5,15.5,0.06260000000000002,0.076,0.0175316856006489,0.0324,0.0928,101.053,102.073,0.7711589330352064,99.52920000000002,102.2646
1078,15.5626,15.576,0.017531685600649115,15.532399999999999,15.5928,15.6,15.5,0.09999999999999999,15.5,15.8,-0.037399999999999996,0.076,0.11352250878129853,-0.263,0.0928,101.1492,102.173,0.9593960287597615,99.2098,102.4514
1079,15.662600000000001,15.596,0.10477289725878551,15.536304999999997,15.8716,15.5,15.5,0.0,15.5,15.5,0.1626,0.096,0.10477289725878539,0.0364,0.37160000000000004,100.8556,101.46,0.9132893626885188,99.0312,102.1972
1080,15.662600000000001,15.596,0.10477289725878551,15.536399999999997,15.8716,15.6,15.5,0.09999999999999999,15.5,15.8,0.06259999999999999,0.096,0.16898923042608363,-0.26739999999999997,0.37160000000000004,100.75699999999999,101.7,0.8640749388797242,99.15472,101.9288
1081,15.962799999999998,16.076,0.1135823049598838,15.7322,16.093200000000003,15.6,15.5,0.09999999999999999,15.5,15.8,0.3628,0.576,0.21328605205216772,-0.0672,0.592615,100.951,101.957,1.0263865256325213,98.96360000000001,102.25340000000001
1082,15.862799999999998,16.076,0.1394307713526682,15.632199999999997,16.0932,15.6,15.5,0.09999999999999999,15.5,15.8,0.26280000000000003,0.576,0.21686617993592266,-0.1678999999999999,0.5932,100.9624,102.173,1.1169200777137096,98.8246,102.7322
1083,15.962799999999998,16.076,0.1135823049598838,15.7322,16.093200000000003,15.6,15.5,0.09999999999999999,15.5,15.8,0.3628,0.576,0.21328605205216772,-0.0678,0.5926,100.95360000000001,102.452,1.1038658251798537,98.72160000000001,102.58400000000002
1084,15.862799999999998,16.076,0.1394307713526682,15.6324,16.093200000000003,15.6,15.5,0.09999999999999999,15.5,15.8,0.26280000000000003,0.576,0.21686617993592266,-0.1718,0.5932,101.06,102.452,1.0860613702733382,98.8958,102.79
1085,15.862799999999998,16.076,0.1394307713526682,15.632200000000001,16.093200000000003,15.6,15.5,0.09999999999999999,15.5,15.8,0.26280000000000003,0.576,0.21686617993592266,-0.1672,0.5932000000000001,100.7588,101.957,1.094898324046575,98.63660000000002,102.48500000000001
1086,15.862799999999998,16.076,0.1394307713526682,15.632200000000001,16.0926,15.6,15.5,0.09999999999999999,15.5,15.8,0.26280000000000003,0.576,0.21686617993592266,-0.1678,0.5926,100.95360000000001,102.452,1.1038658251798537,98.72160000000001,102.58400000000002
1087,15.862799999999998,16.076,0.1394307713526682,15.632399999999999,16.0932,15.6,15.5,0.09999999999999999,15.5,15.8,0.26280000000000003,0.576,0.21686617993592266,-0.1672,0.5926,100.7548,101.957,1.165354598394842,98.4222,102.48499999999999
1088,15.962799999999998,16.076,0.1135823049598838,15.732799999999997,16.0938,15.6,15.5,0.09999999999999999,15.5,15.8,0.3628,0.576,0.21328605205216772,-0.0672,0.5926,100.3654,101.957,1.126132922882552,98.147,102.0898
1089,16.0628,16.076,0.017633490862560525,16.0324,16.093200000000003,15.9,16.0,0.09999999999999999,15.7,16.0,0.1628,0.096,0.10474225508360986,0.0364,0.3718,100.6548,101.957,1.2579114992717109,98.12219999999999,102.48500000000001
1090,16.0628,16.076,0.017633490862560525,16.0322,16.093200000000003,15.9,16.0,0.09999999999999999,15.7,16.0,0.1628,0.096,0.10474225508360986,0.0364,0.3718,100.8486,101.957,1.2064216758662794,98.663995,102.67260000000002
1091,16.0628,16.076,0.017633490862560525,16.0322,16.093200000000003,15.6,15.5,0.09999999999999999,15.5,15.8,0.4628,0.576,0.11358230495988361,0.23700000000000002,0.5926,101.04740000000001,102.452,1.1430651599974508,98.8262,102.77159999999999
1092,16.0628,16.076,0.017633490862560525,16.032394999999998,16.092615000000002,15.6,15.5,0.09999999999999999,15.5,15.8,0.4628,0.576,0.11358230495988361,0.23220000000000002,0.5926,100.3726,101.957,1.1998325133117544,98.13419999999999,102.2966
1093,15.962799999999998,16.032,0.09823919787946142,15.767600000000002,16.0844,15.5,15.5,0.15811388300841897,15.2,15.8,0.4628,0.576,0.11358230495988361,0.23280000000000003,0.592615,100.84639999999999,101.957,1.272413674871503,98.52459999999999,102.85979999999999
1094,15.4626,15.576,0.10879963235232006,15.2406,15.5928,14.9,15.0,0.09999999999999999,14.7,15.0,0.5626,0.576,0.01753168560064889,0.5322000000000001,0.5928,101.2436,102.452,1.0513345138441914,99.41919999999999,102.9588
1095,15.462399999999999,15.596,0.20033112588911403,15.132,15.7892,15.5,15.5,0.0,15.5,15.5,-0.03760000000000002,0.096,0.2003311258891139,-0.368,0.28840000000000005,101.2492,102.946,1.2127288814900048,98.8246,103.0764
1096,15.662599999999998,15.532,0.195396161681851,15.340799999999998,15.981459999999998,15.4,15.5,0.24494897427831777,14.9,15.8,0.26259999999999994,0.575,0.216794049733843,-0.1678,0.5923999999999999,101.448,101.957,1.0160004921258663,99.5168,102.98299999999999
1097,15.162199999999999,15.032,0.19532342409450046,14.83459,15.48361,14.6,14.5,0.09999999999999999,14.5,14.8,0.5622,0.532,0.23613817988626912,0.1404,0.984,101.4356,102.452,1.0326762609840505,99.51679999999999,103.14560000000002
1098,14.661600000000002,14.575,0.1094114253631678,14.531794999999999,14.8826,14.6,14.5,0.09999999999999999,14.5,14.8,0.06159999999999999,0.075,0.17190363579633794,-0.2557049999999999,0.37850499999999987,101.54100000000001,102.452,0.9749279460555017,99.7156,103.16480000000001
1099,14.5614,14.575,0.017249927536079634,14.531199999999998,14.591,14.5,14.5,0.15811388300841897,14.2,14.8,0.06139999999999999,0.094,0.16896023200741644,-0.2564,0.3702,101.34200000000001,102.452,1.071706116433045,99.566,103.14560000000002
1100,14.5614,14.575,0.017249927536079634,14.5274,14.591,14.2,14.0,0.19999999999999998,14.0,14.6,0.36140000000000005,0.575,0.21316087821173937,-0.06839999999999999,0.591,101.62,102.073,0.8596244528862583,99.9768,102.90469000000002
1101,14.261199999999999,14.074,0.13666104053460149,14.035499999999999,14.490799999999998,13.9,14.0,0.18708286933869706,13.6,14.2,0.3612,0.532,0.26742520449650964,-0.0688,0.7912,101.9264,102.452,0.8411874107474504,100.4008,103.3516
1102,14.1612,14.094,0.1048052479602046,14.035599999999999,14.3704,14.1,14.0,0.09999999999999999,14.0,14.3,0.06119999999999999,0.094,0.1689501109795433,-0.256205,0.37039999999999995,101.6326,101.46,0.8707211723623118,100.2456,103.1532
1103,14.060999999999998,14.074,0.01711139970896598,14.031400000000001,14.090399999999999,13.9,14.0,0.24494897427831777,13.4,14.3,0.16100000000000003,0.094,0.2532642888367801,-0.25639999999999996,0.6698000000000001,101.93119999999999,102.452,0.9567731915140608,100.26069,103.47140000000002
1104,13.7608,14.01,0.2012747872933914,13.369200000000001,14.0776,12.9,12.5,0.291547594742265,12.5,13.5,0.8608,1.032,0.26734161666302536,0.41880000000000006,1.2904,102.4278,102.946,0.7215918098204848,101.06658499999999,103.5642
1105,13.260200000000001,13.073,0.13645490097464422,13.031,13.489405,12.8,12.5,0.19999999999999998,12.5,13.2,0.46019999999999994,0.573,0.25903656112603096,-0.05740000000000001,0.8775,102.22319999999999,102.946,0.8633039673255294,100.59880000000001,103.60842000000001
1106,12.859799999999998,13.009,0.12654382640018438,12.643800000000002,13.075800000000001,12.5,12.5,0.15811388300841897,12.2,12.8,0.3598,0.073,0.2126342869811922,0.0346,0.7761149999999999,102.71700000000001,103.438,0.7182484249895722,101.47439999999999,103.9596
1107,12.358999999999998,12.508,0.12641439791416167,12.143200000000002,12.5748,12.2,12.0,0.25495097567963926,11.8,12.7,0.15900000000000003,0.072,0.2571587058607972,-0.2706,0.676,102.90480000000002,102.946,0.6536568977682417,101.7628,104.0468
1108,12.158999999999997,12.072,0.10922728596829662,12.030374999999998,12.376,12.0,12.0,0.15811388300841897,11.7,12.3,0.15900000000000003,0.072,0.2571587058607972,-0.2706,0.6878000000000001,102.6134,103.438,0.8803561552008361,100.89060000000002,103.9596
1109,12.058599999999998,12.072,0.016557777628655377,12.0292,12.087,11.8,11.5,0.19999999999999998,11.5,12.1,0.2586,0.532,0.20907931509357874,-0.1706,0.5676,102.8114,103.438,0.774477217224627,101.31899999999999,104.1452
1110,11.758199999999999,11.59,0.13249920754479996,11.533599999999998,11.982800000000001,11.6,11.5,0.09999999999999999,11.5,11.8,0.15819999999999995,0.09,0.20028988990960078,-0.2598,0.48279999999999995,103.1908,103.438,0.6560560494348027,102.05080000000001,104.3308
1111,11.679749999999999,11.561,0.13785038689342394,11.519499999999999,11.950500000000002,11.25,11.0,0.25,11.0,11.75,0.4297500000000001,0.5609999999999999,0.33210600089931125,-0.23675,0.9505000000000001,103.39775,103.774,0.8293796250813029,101.7825,104.63675
