rock,date_time,elapsed_date_time,temperature_in_C,temperature_out_C,temperature_diff_C,humidity_perc_RH
1,7/06/2025 4:59,12/01/2000 4:00,13.574,13,0.574,69.038
1,7/06/2025 5:59,12/01/2000 5:00,13.073,12.5,0.573,69.038
1,7/06/2025 6:59,12/01/2000 6:00,12.573,12,0.573,69.614
1,7/06/2025 7:59,12/01/2000 7:00,12.573,12.5,0.073,69.614
1,7/06/2025 8:59,12/01/2000 8:00,13.574,13,0.574,69.614
1,7/06/2025 9:59,12/01/2000 9:00,13.574,13.5,0.074,69.038
1,7/06/2025 10:59,12/01/2000 10:00,15.075,15,0.075,70.761
1,7/06/2025 11:59,12/01/2000 11:00,11.571,10,1.571,82.439
1,7/06/2025 12:59,12/01/2000 12:00,11.571,11,0.571,84.053
1,7/06/2025 13:59,12/01/2000 13:00,12.573,11.5,1.073,84.053
1,7/06/2025 14:59,12/01/2000 14:00,11.571,11,0.571,84.053
1,7/06/2025 15:59,12/01/2000 15:00,11.571,10.5,1.071,84.588
1,7/06/2025 16:59,12/01/2000 16:00,11.07,10,1.07,84.588
1,7/06/2025 17:59,12/01/2000 17:00,10.57,9.5,1.07,84.588
1,7/06/2025 18:59,12/01/2000 18:00,10.069,9,1.069,85.653
1,7/06/2025 19:59,12/01/2000 19:00,9.568,9.5,0.068,85.653
1,7/06/2025 20:59,12/01/2000 20:00,10.069,9.5,0.569,86.712
1,7/06/2025 21:59,12/01/2000 21:00,10.069,9.5,0.569,87.239
1,7/06/2025 22:59,12/01/2000 22:00,10.069,9,1.069,87.765
1,7/06/2025 23:59,12/01/2000 23:00,9.568,9,0.568,88.812
1,8/06/2025 0:59,13/01/2000 0:00,9.067,8.5,0.567,88.289
1,8/06/2025 1:59,13/01/2000 1:00,8.566,8,0.566,89.333
1,8/06/2025 2:59,13/01/2000 2:00,8.566,8,0.566,88.812
1,8/06/2025 3:59,13/01/2000 3:00,8.066,7.5,0.566,89.333
1,8/06/2025 4:59,13/01/2000 4:00,7.565,7.5,0.065,89.852
1,8/06/2025 5:59,13/01/2000 5:00,7.565,6.5,1.065,90.887
1,8/06/2025 6:59,13/01/2000 6:00,6.563,6.5,0.063,91.402
1,8/06/2025 7:59,13/01/2000 7:00,6.563,6.5,0.063,91.916
1,8/06/2025 8:59,13/01/2000 8:00,7.064,7,0.064,92.428
1,8/06/2025 9:59,13/01/2000 9:00,8.566,8.5,0.066,90.887
1,8/06/2025 10:59,13/01/2000 10:00,10.069,10,0.069,92.428
1,8/06/2025 11:59,13/01/2000 11:00,11.571,12,-0.429,91.402
1,8/06/2025 12:59,13/01/2000 12:00,13.073,13,0.073,91.916
1,8/06/2025 13:59,13/01/2000 13:00,13.574,12.5,1.074,91.402
1,8/06/2025 14:59,13/01/2000 14:00,13.073,12,1.073,91.402
1,8/06/2025 15:59,13/01/2000 15:00,12.573,11.5,1.073,91.402
1,8/06/2025 16:59,13/01/2000 16:00,12.072,11,1.072,91.402
1,8/06/2025 17:59,13/01/2000 17:00,11.571,10.5,1.071,91.402
1,8/06/2025 18:59,13/01/2000 18:00,11.07,10,1.07,91.916
1,8/06/2025 19:59,13/01/2000 19:00,10.57,10,0.57,93.447
1,8/06/2025 20:59,13/01/2000 20:00,10.57,10,0.57,90.887
1,8/06/2025 21:59,13/01/2000 21:00,11.07,10.5,0.57,92.428
1,8/06/2025 22:59,13/01/2000 22:00,10.57,10,0.57,92.428
1,8/06/2025 23:59,13/01/2000 23:00,11.07,10.5,0.57,93.447
1,9/06/2025 0:59,14/01/2000 0:00,11.571,11.5,0.071,92.938
1,9/06/2025 1:59,14/01/2000 1:00,12.072,11,1.072,92.938
1,9/06/2025 2:59,14/01/2000 2:00,12.072,11,1.072,92.938
1,9/06/2025 3:59,14/01/2000 3:00,11.571,11,0.571,92.428
1,9/06/2025 4:59,14/01/2000 4:00,12.072,11.5,0.572,93.447
1,9/06/2025 5:59,14/01/2000 5:00,12.072,11.5,0.572,93.447
1,9/06/2025 6:59,14/01/2000 6:00,12.072,11.5,0.572,94.461
1,9/06/2025 7:59,14/01/2000 7:00,12.072,12,0.072,93.955
1,9/06/2025 8:59,14/01/2000 8:00,13.073,12.5,0.573,93.955
1,9/06/2025 9:59,14/01/2000 9:00,14.074,14,0.074,93.955
1,9/06/2025 10:59,14/01/2000 10:00,15.075,15,0.075,93.447
1,9/06/2025 11:59,14/01/2000 11:00,16.076,16.5,-0.424,93.447
1,9/06/2025 12:59,14/01/2000 12:00,17.578,18,-0.422,90.887
1,9/06/2025 13:59,14/01/2000 13:00,19.079,18,1.079,87.239
1,9/06/2025 14:59,14/01/2000 14:00,18.078,18,0.078,88.289
1,9/06/2025 15:59,14/01/2000 15:00,17.578,17,0.578,88.289
1,9/06/2025 16:59,14/01/2000 16:00,17.077,15,2.077,87.765
1,9/06/2025 17:59,14/01/2000 17:00,15.576,14.5,1.076,88.812
1,9/06/2025 18:59,14/01/2000 18:00,15.075,14,1.075,88.812
1,9/06/2025 19:59,14/01/2000 19:00,14.074,13.5,0.574,89.333
1,9/06/2025 20:59,14/01/2000 20:00,13.574,13,0.574,89.852
1,9/06/2025 21:59,14/01/2000 21:00,13.073,12.5,0.573,89.852
1,9/06/2025 22:59,14/01/2000 22:00,12.072,12,0.072,90.371
1,9/06/2025 23:59,14/01/2000 23:00,12.072,11.5,0.572,90.887
1,10/06/2025 0:59,15/01/2000 0:00,12.072,11.5,0.572,90.371
1,10/06/2025 1:59,15/01/2000 1:00,11.571,11,0.571,90.371
1,10/06/2025 2:59,15/01/2000 2:00,11.07,10.5,0.57,90.887
1,10/06/2025 3:59,15/01/2000 3:00,10.57,10.5,0.07,90.887
1,10/06/2025 4:59,15/01/2000 4:00,10.069,10,0.069,91.402
1,10/06/2025 5:59,15/01/2000 5:00,10.069,10,0.069,90.887
1,10/06/2025 6:59,15/01/2000 6:00,10.069,10,0.069,92.428
1,10/06/2025 7:59,15/01/2000 7:00,10.57,10,0.57,92.938
1,10/06/2025 8:59,15/01/2000 8:00,11.07,11,0.07,93.447
1,10/06/2025 9:59,15/01/2000 9:00,11.571,11.5,0.071,92.428
1,10/06/2025 10:59,15/01/2000 10:00,12.072,12,0.072,92.938
1,10/06/2025 11:59,15/01/2000 11:00,13.073,12.5,0.573,93.447
1,10/06/2025 12:59,15/01/2000 12:00,14.074,14,0.074,93.447
1,10/06/2025 13:59,15/01/2000 13:00,15.576,15,0.576,93.447
1,10/06/2025 14:59,15/01/2000 14:00,16.577,15.5,1.077,93.447
1,10/06/2025 15:59,15/01/2000 15:00,17.077,16,1.077,93.447
1,10/06/2025 16:59,15/01/2000 16:00,16.577,15.5,1.077,93.955
1,10/06/2025 17:59,15/01/2000 17:00,16.577,16,0.577,93.447
1,10/06/2025 18:59,15/01/2000 18:00,16.577,16,0.577,94.965
1,10/06/2025 19:59,15/01/2000 19:00,17.077,16,1.077,94.461
1,10/06/2025 20:59,15/01/2000 20:00,17.077,16,1.077,93.955
1,10/06/2025 21:59,15/01/2000 21:00,17.077,16.5,0.577,93.955
1,10/06/2025 22:59,15/01/2000 22:00,16.577,16,0.577,94.461
1,10/06/2025 23:59,15/01/2000 23:00,16.577,16,0.577,93.955
1,11/06/2025 0:59,16/01/2000 0:00,16.577,16,0.577,93.955
1,11/06/2025 1:59,16/01/2000 1:00,16.577,15.5,1.077,94.965
1,11/06/2025 2:59,16/01/2000 2:00,15.576,15,0.576,94.461
1,11/06/2025 3:59,16/01/2000 3:00,15.075,14.5,0.575,94.965
1,11/06/2025 4:59,16/01/2000 4:00,14.575,14,0.575,94.965
1,11/06/2025 5:59,16/01/2000 5:00,14.074,14,0.074,95.969
1,11/06/2025 6:59,16/01/2000 6:00,14.074,13.5,0.574,94.965
1,11/06/2025 7:59,16/01/2000 7:00,14.074,13.5,0.574,95.468
1,11/06/2025 8:59,16/01/2000 8:00,14.074,14,0.074,94.965
1,11/06/2025 9:59,16/01/2000 9:00,14.575,14.5,0.075,95.468
1,11/06/2025 10:59,16/01/2000 10:00,15.576,15.5,0.076,94.965
1,11/06/2025 11:59,16/01/2000 11:00,16.577,16,0.577,94.965
1,11/06/2025 12:59,16/01/2000 12:00,17.077,16.5,0.577,93.955
1,11/06/2025 13:59,16/01/2000 13:00,17.578,18,-0.422,93.955
1,11/06/2025 14:59,16/01/2000 14:00,17.077,16.5,0.577,93.955
1,11/06/2025 15:59,16/01/2000 15:00,17.077,16,1.077,93.955
1,11/06/2025 16:59,16/01/2000 16:00,16.577,16,0.577,93.955
1,11/06/2025 17:59,16/01/2000 17:00,16.076,15,1.076,93.955
1,11/06/2025 18:59,16/01/2000 18:00,15.576,14.5,1.076,94.461
1,11/06/2025 19:59,16/01/2000 19:00,15.075,14,1.075,93.447
1,11/06/2025 20:59,16/01/2000 20:00,14.575,13.5,1.075,94.461
1,11/06/2025 21:59,16/01/2000 21:00,14.575,14,0.575,94.461
1,11/06/2025 22:59,16/01/2000 22:00,14.074,13.5,0.574,93.955
1,11/06/2025 23:59,16/01/2000 23:00,14.074,13.5,0.574,95.468
1,12/06/2025 0:59,17/01/2000 0:00,13.574,13.5,0.074,94.965
1,12/06/2025 1:59,17/01/2000 1:00,13.574,13.5,0.074,93.955
1,12/06/2025 2:59,17/01/2000 2:00,13.574,13,0.574,94.965
1,12/06/2025 3:59,17/01/2000 3:00,13.574,13,0.574,95.468
1,12/06/2025 4:59,17/01/2000 4:00,13.574,13,0.574,95.468
1,12/06/2025 5:59,17/01/2000 5:00,13.574,13.5,0.074,95.468
1,12/06/2025 6:59,17/01/2000 6:00,13.574,13,0.574,95.468
1,12/06/2025 7:59,17/01/2000 7:00,13.073,13,0.073,95.969
1,12/06/2025 8:59,17/01/2000 8:00,13.574,13,0.574,95.969
1,12/06/2025 9:59,17/01/2000 9:00,14.074,14,0.074,95.969
1,12/06/2025 10:59,17/01/2000 10:00,15.075,14.5,0.575,95.969
1,12/06/2025 11:59,17/01/2000 11:00,15.576,15.5,0.076,95.468
1,12/06/2025 12:59,17/01/2000 12:00,16.076,16.5,-0.424,93.955
1,12/06/2025 13:59,17/01/2000 13:00,17.578,18,-0.422,93.447
1,12/06/2025 14:59,17/01/2000 14:00,17.077,17.5,-0.423,92.938
1,12/06/2025 15:59,17/01/2000 15:00,17.578,17,0.578,91.916
1,12/06/2025 16:59,17/01/2000 16:00,16.577,15.5,1.077,92.938
1,12/06/2025 17:59,17/01/2000 17:00,15.576,14.5,1.076,92.938
1,12/06/2025 18:59,17/01/2000 18:00,15.075,14.5,0.575,92.428
1,12/06/2025 19:59,17/01/2000 19:00,14.575,14,0.575,93.447
1,12/06/2025 20:59,17/01/2000 20:00,14.074,13.5,0.574,93.447
1,12/06/2025 21:59,17/01/2000 21:00,13.574,13,0.574,92.938
1,12/06/2025 22:59,17/01/2000 22:00,13.574,12.5,1.074,93.447
1,12/06/2025 23:59,17/01/2000 23:00,13.073,12.5,0.573,93.447
1,13/06/2025 0:59,18/01/2000 0:00,13.073,12.5,0.573,93.955
1,13/06/2025 1:59,18/01/2000 1:00,13.073,12.5,0.573,92.938
1,13/06/2025 2:59,18/01/2000 2:00,12.573,12.5,0.073,94.461
1,13/06/2025 3:59,18/01/2000 3:00,12.573,12.5,0.073,94.461
1,13/06/2025 4:59,18/01/2000 4:00,12.573,12.5,0.073,94.461
1,13/06/2025 5:59,18/01/2000 5:00,13.073,12.5,0.573,94.461
1,13/06/2025 6:59,18/01/2000 6:00,13.073,12.5,0.573,94.461
1,13/06/2025 7:59,18/01/2000 7:00,13.073,12.5,0.573,94.461
1,13/06/2025 8:59,18/01/2000 8:00,13.574,13,0.574,94.965
1,13/06/2025 9:59,18/01/2000 9:00,14.074,13.5,0.574,93.955
1,13/06/2025 10:59,18/01/2000 10:00,14.575,15,-0.425,95.468
1,13/06/2025 11:59,18/01/2000 11:00,15.576,16,-0.424,93.955
1,13/06/2025 12:59,18/01/2000 12:00,16.577,16,0.577,89.333
1,13/06/2025 13:59,18/01/2000 13:00,17.578,17.5,0.078,88.812
1,13/06/2025 14:59,18/01/2000 14:00,16.577,16,0.577,88.289
1,13/06/2025 15:59,18/01/2000 15:00,16.076,16,0.076,88.289
1,13/06/2025 16:59,18/01/2000 16:00,15.075,13.5,1.575,89.333
1,13/06/2025 17:59,18/01/2000 17:00,14.074,13.5,0.574,89.333
1,13/06/2025 18:59,18/01/2000 18:00,13.574,13,0.574,89.852
1,13/06/2025 19:59,18/01/2000 19:00,13.073,12.5,0.573,90.371
1,13/06/2025 20:59,18/01/2000 20:00,12.573,12,0.573,90.887
1,13/06/2025 21:59,18/01/2000 21:00,12.573,11.5,1.073,89.333
1,13/06/2025 22:59,18/01/2000 22:00,12.072,11,1.072,90.887
1,13/06/2025 23:59,18/01/2000 23:00,12.072,11.5,0.572,90.887
1,14/06/2025 0:59,19/01/2000 0:00,11.571,11,0.571,90.887
1,14/06/2025 1:59,19/01/2000 1:00,11.07,10.5,0.57,91.402
1,14/06/2025 2:59,19/01/2000 2:00,11.07,10.5,0.57,90.887
1,14/06/2025 3:59,19/01/2000 3:00,10.57,10.5,0.07,91.402
1,14/06/2025 4:59,19/01/2000 4:00,10.57,10,0.57,91.916
1,14/06/2025 5:59,19/01/2000 5:00,10.57,10.5,0.07,92.428
1,14/06/2025 6:59,19/01/2000 6:00,10.57,10.5,0.07,92.428
1,14/06/2025 7:59,19/01/2000 7:00,10.57,10,0.57,92.428
1,14/06/2025 8:59,19/01/2000 8:00,11.07,11,0.07,92.428
1,14/06/2025 9:59,19/01/2000 9:00,11.571,12,-0.429,93.447
1,14/06/2025 10:59,19/01/2000 10:00,12.573,13,-0.427,92.938
1,14/06/2025 11:59,19/01/2000 11:00,14.074,15,-0.926,92.938
1,14/06/2025 12:59,19/01/2000 12:00,15.576,16,-0.424,92.938
1,14/06/2025 13:59,19/01/2000 13:00,16.076,15.5,0.576,90.887
1,14/06/2025 14:59,19/01/2000 14:00,16.076,16,0.076,89.852
1,14/06/2025 15:59,19/01/2000 15:00,15.576,14,1.576,90.371
1,14/06/2025 16:59,19/01/2000 16:00,15.075,14,1.075,91.402
1,14/06/2025 17:59,19/01/2000 17:00,14.575,13.5,1.075,90.887
1,14/06/2025 18:59,19/01/2000 18:00,14.074,13,1.074,91.402
1,14/06/2025 19:59,19/01/2000 19:00,13.574,12.5,1.074,91.402
1,14/06/2025 20:59,19/01/2000 20:00,13.073,12.5,0.573,91.402
1,14/06/2025 21:59,19/01/2000 21:00,13.073,12.5,0.573,91.402
1,14/06/2025 22:59,19/01/2000 22:00,12.573,12,0.573,91.916
1,14/06/2025 23:59,19/01/2000 23:00,12.072,11.5,0.572,92.938
1,15/06/2025 0:59,20/01/2000 0:00,11.571,11,0.571,92.428
1,15/06/2025 1:59,20/01/2000 1:00,11.07,10.5,0.57,92.938
1,15/06/2025 2:59,20/01/2000 2:00,11.07,10,1.07,92.938
1,15/06/2025 3:59,20/01/2000 3:00,10.57,10,0.57,93.447
1,15/06/2025 4:59,20/01/2000 4:00,10.069,10,0.069,93.447
1,15/06/2025 5:59,20/01/2000 5:00,10.069,10,0.069,93.447
1,15/06/2025 6:59,20/01/2000 6:00,10.57,10,0.57,94.461
1,15/06/2025 7:59,20/01/2000 7:00,10.069,10,0.069,95.468
1,15/06/2025 8:59,20/01/2000 8:00,10.57,10.5,0.07,95.468
1,15/06/2025 9:59,20/01/2000 9:00,11.07,11,0.07,96.469
1,15/06/2025 10:59,20/01/2000 10:00,12.072,12,0.072,94.461
1,15/06/2025 11:59,20/01/2000 11:00,12.573,12.5,0.073,94.965
1,15/06/2025 12:59,20/01/2000 12:00,13.073,13.5,-0.427,95.468
1,15/06/2025 13:59,20/01/2000 13:00,14.074,14,0.074,95.468
1,15/06/2025 14:59,20/01/2000 14:00,14.575,13.5,1.075,94.461
1,15/06/2025 15:59,20/01/2000 15:00,14.074,13,1.074,95.468
1,15/06/2025 16:59,20/01/2000 16:00,14.074,13,1.074,95.969
1,15/06/2025 17:59,20/01/2000 17:00,13.574,13,0.574,95.969
1,15/06/2025 18:59,20/01/2000 18:00,13.574,12.5,1.074,96.469
1,15/06/2025 19:59,20/01/2000 19:00,13.073,12.5,0.573,94.965
1,15/06/2025 20:59,20/01/2000 20:00,13.073,12.5,0.573,96.469
1,15/06/2025 21:59,20/01/2000 21:00,12.573,12,0.573,95.969
1,15/06/2025 22:59,20/01/2000 22:00,12.573,12,0.573,96.968
1,15/06/2025 23:59,20/01/2000 23:00,12.573,12,0.573,95.468
1,16/06/2025 0:59,21/01/2000 0:00,12.573,12,0.573,96.469
1,16/06/2025 1:59,21/01/2000 1:00,12.573,12,0.573,97.464
1,16/06/2025 2:59,21/01/2000 2:00,12.573,12,0.573,95.969
1,16/06/2025 3:59,21/01/2000 3:00,12.072,11.5,0.572,96.968
1,16/06/2025 4:59,21/01/2000 4:00,12.072,11.5,0.572,96.469
1,16/06/2025 5:59,21/01/2000 5:00,12.573,11.5,1.073,96.469
1,16/06/2025 6:59,21/01/2000 6:00,12.573,11.5,1.073,96.469
1,16/06/2025 7:59,21/01/2000 7:00,12.573,12,0.573,96.469
1,16/06/2025 8:59,21/01/2000 8:00,12.573,12,0.573,95.969
1,16/06/2025 9:59,21/01/2000 9:00,13.073,12.5,0.573,96.968
1,16/06/2025 10:59,21/01/2000 10:00,13.073,12.5,0.573,96.968
1,16/06/2025 11:59,21/01/2000 11:00,13.574,13,0.574,96.968
1,16/06/2025 12:59,21/01/2000 12:00,13.574,13,0.574,96.968
1,16/06/2025 13:59,21/01/2000 13:00,14.074,14,0.074,96.469
1,16/06/2025 14:59,21/01/2000 14:00,14.074,13.5,0.574,95.969
1,16/06/2025 15:59,21/01/2000 15:00,14.074,13,1.074,95.468
1,16/06/2025 16:59,21/01/2000 16:00,14.074,13,1.074,95.969
1,16/06/2025 17:59,21/01/2000 17:00,13.574,12.5,1.074,95.468
1,16/06/2025 18:59,21/01/2000 18:00,13.574,12.5,1.074,96.469
1,16/06/2025 19:59,21/01/2000 19:00,13.073,12.5,0.573,95.468
1,16/06/2025 20:59,21/01/2000 20:00,13.073,12,1.073,96.469
1,16/06/2025 21:59,21/01/2000 21:00,12.573,11.5,1.073,96.469
1,16/06/2025 22:59,21/01/2000 22:00,12.072,11,1.072,95.969
1,16/06/2025 23:59,21/01/2000 23:00,11.07,11,0.07,96.469
1,17/06/2025 0:59,22/01/2000 0:00,11.07,10.5,0.57,96.968
1,17/06/2025 1:59,22/01/2000 1:00,11.07,10.5,0.57,96.968
1,17/06/2025 2:59,22/01/2000 2:00,11.07,10.5,0.57,97.464
1,17/06/2025 3:59,22/01/2000 3:00,12.573,12,0.573,96.968
1,17/06/2025 4:59,22/01/2000 4:00,13.073,12,1.073,95.969
1,17/06/2025 5:59,22/01/2000 5:00,13.073,12,1.073,96.968
1,17/06/2025 6:59,22/01/2000 6:00,12.072,11,1.072,97.464
1,17/06/2025 7:59,22/01/2000 7:00,11.571,11.5,0.071,97.464
1,17/06/2025 8:59,22/01/2000 8:00,12.072,12,0.072,96.968
1,17/06/2025 9:59,22/01/2000 9:00,13.073,12.5,0.573,96.968
1,17/06/2025 10:59,22/01/2000 10:00,13.574,13,0.574,95.969
1,17/06/2025 11:59,22/01/2000 11:00,14.074,13.5,0.574,96.469
1,17/06/2025 12:59,22/01/2000 12:00,14.074,13,1.074,95.969
1,17/06/2025 13:59,22/01/2000 13:00,14.575,14,0.575,94.965
1,17/06/2025 14:59,22/01/2000 14:00,14.575,13.5,1.075,95.468
1,17/06/2025 15:59,22/01/2000 15:00,14.074,13,1.074,95.969
1,17/06/2025 16:59,22/01/2000 16:00,13.574,12.5,1.074,95.969
1,17/06/2025 17:59,22/01/2000 17:00,13.073,12,1.073,95.468
1,17/06/2025 18:59,22/01/2000 18:00,12.072,11,1.072,94.965
1,17/06/2025 19:59,22/01/2000 19:00,11.07,10.5,0.57,95.468
1,17/06/2025 20:59,22/01/2000 20:00,11.07,11,0.07,96.968
1,17/06/2025 21:59,22/01/2000 21:00,10.57,10,0.57,95.468
1,17/06/2025 22:59,22/01/2000 22:00,10.069,9.5,0.569,97.96
1,17/06/2025 23:59,22/01/2000 23:00,9.568,9,0.568,96.968
1,18/06/2025 0:59,23/01/2000 0:00,9.067,9,0.067,96.469
1,18/06/2025 1:59,23/01/2000 1:00,8.566,8.5,0.066,97.464
1,18/06/2025 2:59,23/01/2000 2:00,8.066,8,0.066,96.968
1,18/06/2025 3:59,23/01/2000 3:00,7.565,7.5,0.065,97.464
1,18/06/2025 4:59,23/01/2000 4:00,7.064,7,0.064,97.96
1,18/06/2025 5:59,23/01/2000 5:00,7.064,7,0.064,97.96
1,18/06/2025 6:59,23/01/2000 6:00,7.064,6.5,0.564,97.96
1,18/06/2025 7:59,23/01/2000 7:00,6.563,6.5,0.063,97.96
1,18/06/2025 8:59,23/01/2000 8:00,6.563,7,-0.437,98.946
1,18/06/2025 9:59,23/01/2000 9:00,7.565,8,-0.435,98.453
1,18/06/2025 10:59,23/01/2000 10:00,9.067,10,-0.933,98.453
1,18/06/2025 11:59,23/01/2000 11:00,11.07,11.5,-0.43,98.946
1,18/06/2025 12:59,23/01/2000 12:00,12.072,11.5,0.572,98.453
1,18/06/2025 13:59,23/01/2000 13:00,13.073,13.5,-0.427,97.96
1,18/06/2025 14:59,23/01/2000 14:00,13.574,12,1.574,96.469
1,18/06/2025 15:59,23/01/2000 15:00,13.073,12,1.073,97.464
1,18/06/2025 16:59,23/01/2000 16:00,12.573,11.5,1.073,98.946
1,18/06/2025 17:59,23/01/2000 17:00,12.072,11,1.072,97.464
1,18/06/2025 18:59,23/01/2000 18:00,11.571,10.5,1.071,96.968
1,18/06/2025 19:59,23/01/2000 19:00,11.07,10,1.07,98.453
1,18/06/2025 20:59,23/01/2000 20:00,10.57,9.5,1.07,97.96
1,18/06/2025 21:59,23/01/2000 21:00,9.568,9,0.568,99.926
1,18/06/2025 22:59,23/01/2000 22:00,9.067,9,0.067,98.946
1,18/06/2025 23:59,23/01/2000 23:00,8.566,8.5,0.066,97.96
1,19/06/2025 0:59,24/01/2000 0:00,8.566,8,0.566,98.453
1,19/06/2025 1:59,24/01/2000 1:00,8.066,8,0.066,97.96
1,19/06/2025 2:59,24/01/2000 2:00,8.066,7.5,0.566,98.946
1,19/06/2025 3:59,24/01/2000 3:00,7.565,7.5,0.065,98.946
1,19/06/2025 4:59,24/01/2000 4:00,8.066,7.5,0.566,99.436
1,19/06/2025 5:59,24/01/2000 5:00,7.565,7.5,0.065,99.436
1,19/06/2025 6:59,24/01/2000 6:00,7.565,7.5,0.065,100.413
1,19/06/2025 7:59,24/01/2000 7:00,7.565,7.5,0.065,98.453
1,19/06/2025 8:59,24/01/2000 8:00,8.066,8,0.066,99.926
1,19/06/2025 9:59,24/01/2000 9:00,9.067,9,0.067,98.946
1,19/06/2025 10:59,24/01/2000 10:00,10.57,10.5,0.07,99.436
1,19/06/2025 11:59,24/01/2000 11:00,11.571,12,-0.429,97.96
1,19/06/2025 12:59,24/01/2000 12:00,12.573,13,-0.427,98.453
1,19/06/2025 13:59,24/01/2000 13:00,14.575,15,-0.425,97.96
1,19/06/2025 14:59,24/01/2000 14:00,15.075,14,1.075,97.464
1,19/06/2025 15:59,24/01/2000 15:00,14.575,13.5,1.075,97.96
1,19/06/2025 16:59,24/01/2000 16:00,14.074,13,1.074,97.464
1,19/06/2025 17:59,24/01/2000 17:00,13.574,13,0.574,97.464
1,19/06/2025 18:59,24/01/2000 18:00,13.574,12.5,1.074,97.464
1,19/06/2025 19:59,24/01/2000 19:00,13.073,12,1.073,99.436
1,19/06/2025 20:59,24/01/2000 20:00,12.573,12,0.573,97.96
1,19/06/2025 21:59,24/01/2000 21:00,12.573,11.5,1.073,98.453
1,19/06/2025 22:59,24/01/2000 22:00,12.072,11.5,0.572,98.453
1,19/06/2025 23:59,24/01/2000 23:00,12.072,11.5,0.572,97.464
1,20/06/2025 0:59,25/01/2000 0:00,12.072,11.5,0.572,97.96
1,20/06/2025 1:59,25/01/2000 1:00,11.571,11,0.571,97.96
1,20/06/2025 2:59,25/01/2000 2:00,11.571,11.5,0.071,98.946
1,20/06/2025 3:59,25/01/2000 3:00,12.072,12,0.072,97.464
1,20/06/2025 4:59,25/01/2000 4:00,12.573,12,0.573,97.96
1,20/06/2025 5:59,25/01/2000 5:00,12.573,12,0.573,98.453
1,20/06/2025 6:59,25/01/2000 6:00,12.573,12,0.573,99.926
1,20/06/2025 7:59,25/01/2000 7:00,12.573,12,0.573,99.926
1,20/06/2025 8:59,25/01/2000 8:00,12.573,12.5,0.073,97.464
1,20/06/2025 9:59,25/01/2000 9:00,13.073,13,0.073,97.464
1,20/06/2025 10:59,25/01/2000 10:00,13.574,13.5,0.074,98.453
1,20/06/2025 11:59,25/01/2000 11:00,14.074,13.5,0.574,96.968
1,20/06/2025 12:59,25/01/2000 12:00,14.074,13.5,0.574,97.464
1,20/06/2025 13:59,25/01/2000 13:00,14.575,14,0.575,97.464
1,20/06/2025 14:59,25/01/2000 14:00,14.575,14,0.575,97.464
1,20/06/2025 15:59,25/01/2000 15:00,14.575,14.5,0.075,97.464
1,20/06/2025 16:59,25/01/2000 16:00,14.575,13.5,1.075,97.464
1,20/06/2025 17:59,25/01/2000 17:00,14.074,13,1.074,97.96
1,20/06/2025 18:59,25/01/2000 18:00,13.073,12.5,0.573,99.436
1,20/06/2025 19:59,25/01/2000 19:00,12.573,12,0.573,99.926
1,20/06/2025 20:59,25/01/2000 20:00,12.072,11.5,0.572,98.946
1,20/06/2025 21:59,25/01/2000 21:00,11.571,11,0.571,99.436
1,20/06/2025 22:59,25/01/2000 22:00,11.07,10.5,0.57,99.926
1,20/06/2025 23:59,25/01/2000 23:00,11.07,10,1.07,98.453
1,21/06/2025 0:59,26/01/2000 0:00,10.069,10,0.069,99.436
1,21/06/2025 1:59,26/01/2000 1:00,10.069,10,0.069,99.926
1,21/06/2025 2:59,26/01/2000 2:00,10.069,9.5,0.569,99.436
1,21/06/2025 3:59,26/01/2000 3:00,9.568,9.5,0.068,99.436
1,21/06/2025 4:59,26/01/2000 4:00,9.568,9.5,0.068,100.413
1,21/06/2025 5:59,26/01/2000 5:00,10.069,9.5,0.569,98.453
1,21/06/2025 6:59,26/01/2000 6:00,10.069,9.5,0.569,99.926
1,21/06/2025 7:59,26/01/2000 7:00,9.568,9,0.568,99.436
1,21/06/2025 8:59,26/01/2000 8:00,9.568,9.5,0.068,99.926
1,21/06/2025 9:59,26/01/2000 9:00,10.069,10.5,-0.431,98.946
1,21/06/2025 10:59,26/01/2000 10:00,11.571,12,-0.429,98.946
1,21/06/2025 11:59,26/01/2000 11:00,13.073,13,0.073,97.96
1,21/06/2025 12:59,26/01/2000 12:00,13.574,13.5,0.074,98.453
1,21/06/2025 13:59,26/01/2000 13:00,14.575,14,0.575,95.468
1,21/06/2025 14:59,26/01/2000 14:00,14.575,13.5,1.075,95.468
1,21/06/2025 15:59,26/01/2000 15:00,14.074,13.5,0.574,93.447
1,21/06/2025 16:59,26/01/2000 16:00,14.074,13,1.074,94.965
1,21/06/2025 17:59,26/01/2000 17:00,13.073,12.5,0.573,94.965
1,21/06/2025 18:59,26/01/2000 18:00,12.573,11.5,1.073,95.969
1,21/06/2025 19:59,26/01/2000 19:00,11.571,10.5,1.071,95.969
1,21/06/2025 20:59,26/01/2000 20:00,10.57,10,0.57,96.469
1,21/06/2025 21:59,26/01/2000 21:00,10.57,9.5,1.07,95.969
1,21/06/2025 22:59,26/01/2000 22:00,9.568,9.5,0.068,95.969
1,21/06/2025 23:59,26/01/2000 23:00,9.568,8.5,1.068,95.969
1,22/06/2025 0:59,27/01/2000 0:00,8.566,7.5,1.066,95.969
1,22/06/2025 1:59,27/01/2000 1:00,8.066,8,0.066,96.469
1,22/06/2025 2:59,27/01/2000 2:00,8.066,7.5,0.566,95.969
1,22/06/2025 3:59,27/01/2000 3:00,7.565,7.5,0.065,96.469
1,22/06/2025 4:59,27/01/2000 4:00,7.565,7,0.565,96.469
1,22/06/2025 5:59,27/01/2000 5:00,7.064,7,0.064,95.969
1,22/06/2025 6:59,27/01/2000 6:00,7.064,6.5,0.564,96.469
1,22/06/2025 7:59,27/01/2000 7:00,7.064,7,0.064,96.968
1,22/06/2025 8:59,27/01/2000 8:00,7.064,7,0.064,96.968
1,22/06/2025 9:59,27/01/2000 9:00,8.566,9,-0.434,97.464
1,22/06/2025 10:59,27/01/2000 10:00,9.568,11.5,-1.932,96.968
1,22/06/2025 11:59,27/01/2000 11:00,12.573,13.5,-0.927,96.469
1,22/06/2025 12:59,27/01/2000 12:00,13.574,14,-0.426,90.371
1,22/06/2025 13:59,27/01/2000 13:00,14.575,15,-0.425,89.333
1,22/06/2025 14:59,27/01/2000 14:00,14.074,13.5,0.574,86.712
1,22/06/2025 15:59,27/01/2000 15:00,14.074,14,0.074,86.712
1,22/06/2025 16:59,27/01/2000 16:00,13.574,13,0.574,87.765
1,22/06/2025 17:59,27/01/2000 17:00,13.073,12,1.073,87.765
1,22/06/2025 18:59,27/01/2000 18:00,12.072,11,1.072,88.812
1,22/06/2025 19:59,27/01/2000 19:00,11.571,11,0.571,89.333
1,22/06/2025 20:59,27/01/2000 20:00,11.07,11,0.07,90.371
1,22/06/2025 21:59,27/01/2000 21:00,11.571,11,0.571,89.852
1,22/06/2025 22:59,27/01/2000 22:00,11.571,11,0.571,89.852
1,22/06/2025 23:59,27/01/2000 23:00,11.571,11,0.571,90.371
1,23/06/2025 0:59,28/01/2000 0:00,11.07,11,0.07,90.371
1,23/06/2025 1:59,28/01/2000 1:00,12.573,12.5,0.073,89.852
1,23/06/2025 2:59,28/01/2000 2:00,13.073,12.5,0.573,90.371
1,23/06/2025 3:59,28/01/2000 3:00,13.073,12.5,0.573,90.371
1,23/06/2025 4:59,28/01/2000 4:00,13.073,12.5,0.573,90.887
1,23/06/2025 5:59,28/01/2000 5:00,13.073,12.5,0.573,90.887
1,23/06/2025 6:59,28/01/2000 6:00,13.574,13,0.574,90.887
1,23/06/2025 7:59,28/01/2000 7:00,13.574,13.5,0.074,90.887
1,23/06/2025 8:59,28/01/2000 8:00,14.074,13.5,0.574,91.402
1,23/06/2025 9:59,28/01/2000 9:00,14.575,15,-0.425,91.402
1,23/06/2025 10:59,28/01/2000 10:00,15.576,15.5,0.076,92.428
1,23/06/2025 11:59,28/01/2000 11:00,16.577,17,-0.423,91.402
1,23/06/2025 12:59,28/01/2000 12:00,17.077,17,0.077,89.852
1,23/06/2025 13:59,28/01/2000 13:00,17.077,17,0.077,85.121
1,23/06/2025 14:59,28/01/2000 14:00,16.577,17,-0.423,85.653
1,23/06/2025 15:59,28/01/2000 15:00,16.577,16,0.577,87.239
1,23/06/2025 16:59,28/01/2000 16:00,16.076,15.5,0.576,86.183
1,23/06/2025 17:59,28/01/2000 17:00,15.075,14,1.075,87.239
1,23/06/2025 18:59,28/01/2000 18:00,14.575,14,0.575,88.289
1,23/06/2025 19:59,28/01/2000 19:00,14.575,13.5,1.075,87.239
1,23/06/2025 20:59,28/01/2000 20:00,14.074,14,0.074,87.765
1,23/06/2025 21:59,28/01/2000 21:00,14.575,14,0.575,87.765
1,23/06/2025 22:59,28/01/2000 22:00,14.074,13.5,0.574,88.812
1,23/06/2025 23:59,28/01/2000 23:00,14.074,13.5,0.574,88.812
1,24/06/2025 0:59,29/01/2000 0:00,14.074,13.5,0.574,88.812
1,24/06/2025 1:59,29/01/2000 1:00,13.073,12.5,0.573,88.812
1,24/06/2025 2:59,29/01/2000 2:00,12.573,12,0.573,88.812
1,24/06/2025 3:59,29/01/2000 3:00,12.072,11.5,0.572,89.333
1,24/06/2025 4:59,29/01/2000 4:00,11.07,11,0.07,89.852
1,24/06/2025 5:59,29/01/2000 5:00,11.07,11,0.07,89.852
1,24/06/2025 6:59,29/01/2000 6:00,11.571,11,0.571,90.371
1,24/06/2025 7:59,29/01/2000 7:00,11.07,11,0.07,90.371
1,24/06/2025 8:59,29/01/2000 8:00,11.571,11.5,0.071,90.887
1,24/06/2025 9:59,29/01/2000 9:00,12.573,12.5,0.073,91.916
1,24/06/2025 10:59,29/01/2000 10:00,13.073,13.5,-0.427,91.402
1,24/06/2025 11:59,29/01/2000 11:00,14.575,14.5,0.075,91.402
1,24/06/2025 12:59,29/01/2000 12:00,15.075,16,-0.925,91.402
1,24/06/2025 13:59,29/01/2000 13:00,16.076,16,0.076,90.887
1,24/06/2025 14:59,29/01/2000 14:00,16.076,16,0.076,91.916
1,24/06/2025 15:59,29/01/2000 15:00,15.576,15.5,0.076,91.402
1,24/06/2025 16:59,29/01/2000 16:00,15.576,15,0.576,91.916
1,24/06/2025 17:59,29/01/2000 17:00,15.075,14.5,0.575,90.371
1,24/06/2025 18:59,29/01/2000 18:00,14.575,14,0.575,91.402
1,24/06/2025 19:59,29/01/2000 19:00,14.074,13,1.074,91.402
1,24/06/2025 20:59,29/01/2000 20:00,13.073,12.5,0.573,91.916
1,24/06/2025 21:59,29/01/2000 21:00,13.073,12,1.073,92.938
1,24/06/2025 22:59,29/01/2000 22:00,12.072,12,0.072,90.887
1,24/06/2025 23:59,29/01/2000 23:00,11.571,11,0.571,91.916
1,25/06/2025 0:59,30/01/2000 0:00,11.07,11,0.07,92.938
1,25/06/2025 1:59,30/01/2000 1:00,11.07,10.5,0.57,91.402
1,25/06/2025 2:59,30/01/2000 2:00,10.57,10,0.57,93.955
1,25/06/2025 3:59,30/01/2000 3:00,10.069,9.5,0.569,92.938
1,25/06/2025 4:59,30/01/2000 4:00,9.568,9,0.568,92.938
1,25/06/2025 5:59,30/01/2000 5:00,9.568,9.5,0.068,93.447
1,25/06/2025 6:59,30/01/2000 6:00,10.069,10,0.069,94.965
1,25/06/2025 7:59,30/01/2000 7:00,10.57,10,0.57,93.955
1,25/06/2025 8:59,30/01/2000 8:00,11.07,11,0.07,94.461
1,25/06/2025 9:59,30/01/2000 9:00,12.072,12.5,-0.428,94.461
1,25/06/2025 10:59,30/01/2000 10:00,13.073,13.5,-0.427,95.468
1,25/06/2025 11:59,30/01/2000 11:00,14.074,14,0.074,93.955
1,25/06/2025 12:59,30/01/2000 12:00,14.575,14.5,0.075,94.461
1,25/06/2025 13:59,30/01/2000 13:00,15.576,15,0.576,93.955
1,25/06/2025 14:59,30/01/2000 14:00,15.576,14.5,1.076,94.965
1,25/06/2025 15:59,30/01/2000 15:00,15.075,14.5,0.575,93.447
1,25/06/2025 16:59,30/01/2000 16:00,15.075,14.5,0.575,94.461
1,25/06/2025 17:59,30/01/2000 17:00,14.575,14.5,0.075,95.468
1,25/06/2025 18:59,30/01/2000 18:00,15.075,14,1.075,93.955
1,25/06/2025 19:59,30/01/2000 19:00,14.575,13.5,1.075,94.965
1,25/06/2025 20:59,30/01/2000 20:00,14.575,14,0.575,94.461
1,25/06/2025 21:59,30/01/2000 21:00,14.575,14.5,0.075,94.461
1,25/06/2025 22:59,30/01/2000 22:00,14.575,14,0.575,96.469
1,25/06/2025 23:59,30/01/2000 23:00,14.575,13.5,1.075,95.969
1,26/06/2025 0:59,31/01/2000 0:00,14.074,14,0.074,94.965
1,26/06/2025 1:59,31/01/2000 1:00,14.575,14,0.575,94.965
1,26/06/2025 2:59,31/01/2000 2:00,14.575,14.5,0.075,95.969
1,26/06/2025 3:59,31/01/2000 3:00,15.075,14.5,0.575,94.965
1,26/06/2025 4:59,31/01/2000 4:00,15.075,14,1.075,95.969
1,26/06/2025 5:59,31/01/2000 5:00,14.074,14,0.074,95.468
1,26/06/2025 6:59,31/01/2000 6:00,14.575,14,0.575,96.968
1,26/06/2025 7:59,31/01/2000 7:00,14.575,14,0.575,96.469
1,26/06/2025 8:59,31/01/2000 8:00,15.075,15,0.075,95.969
1,26/06/2025 9:59,31/01/2000 9:00,16.076,15.5,0.576,96.469
1,26/06/2025 10:59,31/01/2000 10:00,16.076,16,0.076,96.968
1,26/06/2025 11:59,31/01/2000 11:00,17.077,17,0.077,96.469
1,26/06/2025 12:59,31/01/2000 12:00,17.578,17,0.578,96.968
1,26/06/2025 13:59,31/01/2000 13:00,17.578,17,0.578,95.468
1,26/06/2025 14:59,31/01/2000 14:00,17.077,16.5,0.577,96.469
1,26/06/2025 15:59,31/01/2000 15:00,17.077,16,1.077,97.464
1,26/06/2025 16:59,31/01/2000 16:00,16.577,16,0.577,96.469
1,26/06/2025 17:59,31/01/2000 17:00,16.577,16,0.577,97.464
1,26/06/2025 18:59,31/01/2000 18:00,16.577,16,0.577,96.968
1,26/06/2025 19:59,31/01/2000 19:00,16.577,16,0.577,95.969
1,26/06/2025 20:59,31/01/2000 20:00,16.577,16,0.577,95.969
1,26/06/2025 21:59,31/01/2000 21:00,16.577,16,0.577,96.469
1,26/06/2025 22:59,31/01/2000 22:00,16.577,16,0.577,96.968
1,26/06/2025 23:59,31/01/2000 23:00,16.577,16,0.577,96.469
1,27/06/2025 0:59,1/02/2000 0:00,16.577,15.5,1.077,96.968
1,27/06/2025 1:59,1/02/2000 1:00,16.577,16,0.577,96.469
1,27/06/2025 2:59,1/02/2000 2:00,16.577,16,0.577,96.469
1,27/06/2025 3:59,1/02/2000 3:00,16.577,16,0.577,96.968
1,27/06/2025 4:59,1/02/2000 4:00,17.077,16.5,0.577,96.469
1,27/06/2025 5:59,1/02/2000 5:00,17.077,16.5,0.577,96.968
1,27/06/2025 6:59,1/02/2000 6:00,17.077,16.5,0.577,96.968
1,27/06/2025 7:59,1/02/2000 7:00,17.077,16.5,0.577,95.468
1,27/06/2025 8:59,1/02/2000 8:00,17.077,16,1.077,95.468
1,27/06/2025 9:59,1/02/2000 9:00,15.576,15.5,0.076,98.453
1,27/06/2025 10:59,1/02/2000 10:00,15.576,15.5,0.076,98.453
1,27/06/2025 11:59,1/02/2000 11:00,15.576,15.5,0.076,97.464
1,27/06/2025 12:59,1/02/2000 12:00,15.576,15,0.576,96.968
1,27/06/2025 13:59,1/02/2000 13:00,15.576,15,0.576,97.96
1,27/06/2025 14:59,1/02/2000 14:00,15.576,15,0.576,96.968
1,27/06/2025 15:59,1/02/2000 15:00,15.576,15,0.576,98.453
1,27/06/2025 16:59,1/02/2000 16:00,15.576,15,0.576,97.96
1,27/06/2025 17:59,1/02/2000 17:00,15.075,14,1.075,97.96
1,27/06/2025 18:59,1/02/2000 18:00,14.074,13.5,0.574,98.453
1,27/06/2025 19:59,1/02/2000 19:00,14.074,13.5,0.574,97.96
1,27/06/2025 20:59,1/02/2000 20:00,13.574,13.5,0.074,97.96
1,27/06/2025 21:59,1/02/2000 21:00,14.074,14,0.074,97.464
1,27/06/2025 22:59,1/02/2000 22:00,14.074,14,0.074,97.464
1,27/06/2025 23:59,1/02/2000 23:00,14.074,14,0.074,97.96
1,28/06/2025 0:59,2/02/2000 0:00,14.074,13.5,0.574,97.464
1,28/06/2025 1:59,2/02/2000 1:00,14.074,13.5,0.574,97.96
1,28/06/2025 2:59,2/02/2000 2:00,14.074,13.5,0.574,98.453
1,28/06/2025 3:59,2/02/2000 3:00,13.574,13,0.574,98.453
1,28/06/2025 4:59,2/02/2000 4:00,13.574,13,0.574,97.96
1,28/06/2025 5:59,2/02/2000 5:00,13.574,13,0.574,97.96
1,28/06/2025 6:59,2/02/2000 6:00,13.073,12.5,0.573,98.453
1,28/06/2025 7:59,2/02/2000 7:00,13.073,13,0.073,99.926
1,28/06/2025 8:59,2/02/2000 8:00,13.073,13,0.073,98.453
1,28/06/2025 9:59,2/02/2000 9:00,13.574,13,0.574,97.96
1,28/06/2025 10:59,2/02/2000 10:00,14.074,13.5,0.574,97.96
1,28/06/2025 11:59,2/02/2000 11:00,14.575,14,0.575,97.96
1,28/06/2025 12:59,2/02/2000 12:00,15.075,14.5,0.575,97.96
1,28/06/2025 13:59,2/02/2000 13:00,16.076,15.5,0.576,98.453
1,28/06/2025 14:59,2/02/2000 14:00,15.576,14,1.576,98.453
1,28/06/2025 15:59,2/02/2000 15:00,15.075,14,1.075,96.469
1,28/06/2025 16:59,2/02/2000 16:00,14.575,13.5,1.075,98.946
1,28/06/2025 17:59,2/02/2000 17:00,14.074,13.5,0.574,99.436
1,28/06/2025 18:59,2/02/2000 18:00,14.074,13,1.074,98.453
1,28/06/2025 19:59,2/02/2000 19:00,13.574,13,0.574,98.453
1,28/06/2025 20:59,2/02/2000 20:00,13.574,13,0.574,98.453
1,28/06/2025 21:59,2/02/2000 21:00,13.574,13,0.574,98.453
1,28/06/2025 22:59,2/02/2000 22:00,13.574,13,0.574,97.464
1,28/06/2025 23:59,2/02/2000 23:00,13.574,13,0.574,98.453
1,29/06/2025 0:59,3/02/2000 0:00,14.074,13,1.074,99.926
1,29/06/2025 1:59,3/02/2000 1:00,13.574,13,0.574,98.453
1,29/06/2025 2:59,3/02/2000 2:00,13.574,12.5,1.074,98.453
1,29/06/2025 3:59,3/02/2000 3:00,13.073,12.5,0.573,97.96
1,29/06/2025 4:59,3/02/2000 4:00,13.073,12.5,0.573,98.946
1,29/06/2025 5:59,3/02/2000 5:00,13.073,12.5,0.573,97.96
1,29/06/2025 6:59,3/02/2000 6:00,13.073,12,1.073,98.453
1,29/06/2025 7:59,3/02/2000 7:00,12.573,12.5,0.073,99.436
1,29/06/2025 8:59,3/02/2000 8:00,13.073,13.5,-0.427,95.969
1,29/06/2025 9:59,3/02/2000 9:00,13.574,14,-0.426,95.969
1,29/06/2025 10:59,3/02/2000 10:00,14.575,15,-0.425,94.965
1,29/06/2025 11:59,3/02/2000 11:00,14.575,14.5,0.075,93.447
1,29/06/2025 12:59,3/02/2000 12:00,15.075,15.5,-0.425,92.938
1,29/06/2025 13:59,3/02/2000 13:00,16.577,17,-0.423,89.852
1,29/06/2025 14:59,3/02/2000 14:00,15.576,15.5,0.076,88.812
1,29/06/2025 15:59,3/02/2000 15:00,15.075,13.5,1.575,87.239
1,29/06/2025 16:59,3/02/2000 16:00,14.074,13.5,0.574,89.333
1,29/06/2025 17:59,3/02/2000 17:00,13.574,12.5,1.074,90.371
1,29/06/2025 18:59,3/02/2000 18:00,13.073,12,1.073,90.371
1,29/06/2025 19:59,3/02/2000 19:00,12.573,12,0.573,90.887
1,29/06/2025 20:59,3/02/2000 20:00,12.573,12,0.573,91.402
1,29/06/2025 21:59,3/02/2000 21:00,12.072,11.5,0.572,91.916
1,29/06/2025 22:59,3/02/2000 22:00,12.072,11.5,0.572,92.938
1,29/06/2025 23:59,3/02/2000 23:00,11.571,11,0.571,91.916
1,30/06/2025 0:59,4/02/2000 0:00,12.072,11.5,0.572,91.916
1,30/06/2025 1:59,4/02/2000 1:00,11.07,10.5,0.57,92.938
1,30/06/2025 2:59,4/02/2000 2:00,11.07,10.5,0.57,91.916
1,30/06/2025 3:59,4/02/2000 3:00,11.07,10.5,0.57,91.916
1,30/06/2025 4:59,4/02/2000 4:00,11.07,10.5,0.57,92.428
1,30/06/2025 5:59,4/02/2000 5:00,11.07,10.5,0.57,92.938
1,30/06/2025 6:59,4/02/2000 6:00,11.07,10.5,0.57,92.938
1,30/06/2025 7:59,4/02/2000 7:00,11.07,10.5,0.57,92.938
1,30/06/2025 8:59,4/02/2000 8:00,11.07,11,0.07,92.938
1,30/06/2025 9:59,4/02/2000 9:00,11.571,12,-0.429,92.938
1,30/06/2025 10:59,4/02/2000 10:00,13.073,14,-0.927,92.428
1,30/06/2025 11:59,4/02/2000 11:00,14.575,15.5,-0.925,88.289
1,30/06/2025 12:59,4/02/2000 12:00,15.075,15.5,-0.425,84.588
1,30/06/2025 13:59,4/02/2000 13:00,16.076,16,0.076,85.121
1,30/06/2025 14:59,4/02/2000 14:00,15.075,15,0.075,88.289
1,30/06/2025 15:59,4/02/2000 15:00,15.576,15,0.576,86.712
1,30/06/2025 16:59,4/02/2000 16:00,15.075,14,1.075,86.712
1,30/06/2025 17:59,4/02/2000 17:00,13.574,12.5,1.074,87.239
1,30/06/2025 18:59,4/02/2000 18:00,12.573,12,0.573,88.289
1,30/06/2025 19:59,4/02/2000 19:00,12.072,11.5,0.572,87.765
1,30/06/2025 20:59,4/02/2000 20:00,11.571,11.5,0.071,88.289
1,30/06/2025 21:59,4/02/2000 21:00,11.571,10.5,1.071,88.289
1,30/06/2025 22:59,4/02/2000 22:00,11.07,9.5,1.57,88.812
1,30/06/2025 23:59,4/02/2000 23:00,10.069,9.5,0.569,88.289
1,1/07/2025 0:59,5/02/2000 0:00,10.069,9.5,0.569,89.852
1,1/07/2025 1:59,5/02/2000 1:00,9.568,9.5,0.068,89.852
1,1/07/2025 2:59,5/02/2000 2:00,9.568,9,0.568,89.852
1,1/07/2025 3:59,5/02/2000 3:00,9.067,8.5,0.567,89.852
1,1/07/2025 4:59,5/02/2000 4:00,8.566,9,-0.434,90.887
1,1/07/2025 5:59,5/02/2000 5:00,8.566,8.5,0.066,90.371
1,1/07/2025 6:59,5/02/2000 6:00,8.566,8,0.566,90.887
1,1/07/2025 7:59,5/02/2000 7:00,8.566,8.5,0.066,90.887
1,1/07/2025 8:59,5/02/2000 8:00,9.568,9.5,0.068,91.916
1,1/07/2025 9:59,5/02/2000 9:00,10.57,11,-0.43,92.938
1,1/07/2025 10:59,5/02/2000 10:00,12.072,12,0.072,92.428
1,1/07/2025 11:59,5/02/2000 11:00,13.073,12.5,0.573,92.938
1,1/07/2025 12:59,5/02/2000 12:00,13.574,13,0.574,92.938
1,1/07/2025 13:59,5/02/2000 13:00,14.074,15,-0.926,90.887
1,1/07/2025 14:59,5/02/2000 14:00,14.074,13,1.074,91.402
1,1/07/2025 15:59,5/02/2000 15:00,13.574,12.5,1.074,90.887
1,1/07/2025 16:59,5/02/2000 16:00,13.073,12,1.073,92.428
1,1/07/2025 17:59,5/02/2000 17:00,12.573,11.5,1.073,91.916
1,1/07/2025 18:59,5/02/2000 18:00,12.072,11,1.072,92.428
1,1/07/2025 19:59,5/02/2000 19:00,11.571,11,0.571,92.938
1,1/07/2025 20:59,5/02/2000 20:00,11.07,11,0.07,93.447
1,1/07/2025 21:59,5/02/2000 21:00,11.07,10.5,0.57,92.428
1,1/07/2025 22:59,5/02/2000 22:00,11.07,10.5,0.57,93.447
1,1/07/2025 23:59,5/02/2000 23:00,10.57,10,0.57,93.447
1,2/07/2025 0:59,6/02/2000 0:00,10.57,10,0.57,93.955
1,2/07/2025 1:59,6/02/2000 1:00,10.069,10,0.069,93.447
1,2/07/2025 2:59,6/02/2000 2:00,10.069,9.5,0.569,93.447
1,2/07/2025 3:59,6/02/2000 3:00,10.069,9.5,0.569,93.955
1,2/07/2025 4:59,6/02/2000 4:00,10.069,9.5,0.569,93.955
1,2/07/2025 5:59,6/02/2000 5:00,10.069,9.5,0.569,93.955
1,2/07/2025 6:59,6/02/2000 6:00,10.069,9.5,0.569,94.461
1,2/07/2025 7:59,6/02/2000 7:00,10.069,10,0.069,96.469
1,2/07/2025 8:59,6/02/2000 8:00,11.07,11.5,-0.43,95.969
1,2/07/2025 9:59,6/02/2000 9:00,13.073,13.5,-0.427,94.965
1,2/07/2025 10:59,6/02/2000 10:00,14.575,14.5,0.075,94.965
1,2/07/2025 11:59,6/02/2000 11:00,15.075,15,0.075,95.468
1,2/07/2025 12:59,6/02/2000 12:00,15.576,15.5,0.076,94.965
1,2/07/2025 13:59,6/02/2000 13:00,16.076,15.5,0.576,94.965
1,2/07/2025 14:59,6/02/2000 14:00,16.076,15.5,0.576,96.469
1,2/07/2025 15:59,6/02/2000 15:00,16.076,15,1.076,95.969
1,2/07/2025 16:59,6/02/2000 16:00,15.576,14.5,1.076,96.469
1,2/07/2025 17:59,6/02/2000 17:00,15.075,14.5,0.575,96.469
1,2/07/2025 18:59,6/02/2000 18:00,15.576,15,0.576,96.968
1,2/07/2025 19:59,6/02/2000 19:00,15.576,15,0.576,95.969
1,2/07/2025 20:59,6/02/2000 20:00,15.576,15,0.576,96.469
1,2/07/2025 21:59,6/02/2000 21:00,16.076,15.5,0.576,97.464
1,2/07/2025 22:59,6/02/2000 22:00,16.076,15.5,0.576,97.464
1,2/07/2025 23:59,6/02/2000 23:00,16.076,15.5,0.576,97.464
1,3/07/2025 0:59,7/02/2000 0:00,16.076,15.5,0.576,97.464
1,3/07/2025 1:59,7/02/2000 1:00,16.076,15.5,0.576,98.453
1,3/07/2025 2:59,7/02/2000 2:00,16.076,15.5,0.576,97.96
1,3/07/2025 3:59,7/02/2000 3:00,16.577,16,0.577,97.464
1,3/07/2025 4:59,7/02/2000 4:00,16.577,16,0.577,97.96
1,3/07/2025 5:59,7/02/2000 5:00,16.577,16,0.577,98.453
1,3/07/2025 6:59,7/02/2000 6:00,16.577,16,0.577,97.96
1,3/07/2025 7:59,7/02/2000 7:00,17.077,16,1.077,97.96
1,3/07/2025 8:59,7/02/2000 8:00,17.077,16.5,0.577,96.968
1,3/07/2025 9:59,7/02/2000 9:00,17.578,17,0.578,95.969
1,3/07/2025 10:59,7/02/2000 10:00,17.578,17,0.578,96.968
1,3/07/2025 11:59,7/02/2000 11:00,17.578,17,0.578,96.469
1,3/07/2025 12:59,7/02/2000 12:00,17.578,17,0.578,96.968
1,3/07/2025 13:59,7/02/2000 13:00,17.578,17,0.578,96.469
1,3/07/2025 14:59,7/02/2000 14:00,17.578,17,0.578,96.968
1,3/07/2025 15:59,7/02/2000 15:00,18.078,17.5,0.578,95.468
1,3/07/2025 16:59,7/02/2000 16:00,18.078,17.5,0.578,95.969
1,3/07/2025 17:59,7/02/2000 17:00,18.078,18,0.078,96.469
1,3/07/2025 18:59,7/02/2000 18:00,18.078,17,1.078,97.96
1,3/07/2025 19:59,7/02/2000 19:00,17.077,16.5,0.577,97.464
1,3/07/2025 20:59,7/02/2000 20:00,16.577,16.5,0.077,98.453
1,3/07/2025 21:59,7/02/2000 21:00,16.577,16,0.577,97.464
1,3/07/2025 22:59,7/02/2000 22:00,16.076,15.5,0.576,98.453
1,3/07/2025 23:59,7/02/2000 23:00,15.576,15.5,0.076,98.453
1,4/07/2025 0:59,8/02/2000 0:00,15.576,15,0.576,98.453
1,4/07/2025 1:59,8/02/2000 1:00,15.576,15.5,0.076,98.946
1,4/07/2025 2:59,8/02/2000 2:00,15.576,15,0.576,98.946
1,4/07/2025 3:59,8/02/2000 3:00,15.576,15,0.576,98.946
1,4/07/2025 4:59,8/02/2000 4:00,15.075,14.5,0.575,99.436
1,4/07/2025 5:59,8/02/2000 5:00,15.075,14.5,0.575,99.436
1,4/07/2025 6:59,8/02/2000 6:00,15.075,14.5,0.575,99.436
1,4/07/2025 7:59,8/02/2000 7:00,15.075,15,0.075,99.436
1,4/07/2025 8:59,8/02/2000 8:00,15.576,15.5,0.076,98.946
1,4/07/2025 9:59,8/02/2000 9:00,16.076,16,0.076,98.946
1,4/07/2025 10:59,8/02/2000 10:00,17.077,17,0.077,97.464
1,4/07/2025 11:59,8/02/2000 11:00,17.578,17,0.578,96.968
1,4/07/2025 12:59,8/02/2000 12:00,17.578,17,0.578,97.464
1,4/07/2025 13:59,8/02/2000 13:00,17.578,18,-0.422,97.96
1,4/07/2025 14:59,8/02/2000 14:00,18.078,17.5,0.578,97.96
1,4/07/2025 15:59,8/02/2000 15:00,17.578,17.5,0.078,97.96
1,4/07/2025 16:59,8/02/2000 16:00,17.578,17,0.578,97.96
1,4/07/2025 17:59,8/02/2000 17:00,17.077,16.5,0.577,98.453
1,4/07/2025 18:59,8/02/2000 18:00,16.577,16,0.577,98.453
1,4/07/2025 19:59,8/02/2000 19:00,16.076,15.5,0.576,99.436
1,4/07/2025 20:59,8/02/2000 20:00,16.076,15.5,0.576,98.946
1,4/07/2025 21:59,8/02/2000 21:00,16.076,15.5,0.576,99.436
1,4/07/2025 22:59,8/02/2000 22:00,16.076,16,0.076,98.946
1,4/07/2025 23:59,8/02/2000 23:00,16.076,15.5,0.576,97.464
1,5/07/2025 0:59,9/02/2000 0:00,15.576,15,0.576,98.453
1,5/07/2025 1:59,9/02/2000 1:00,15.576,15,0.576,98.946
1,5/07/2025 2:59,9/02/2000 2:00,15.576,15,0.576,98.453
1,5/07/2025 3:59,9/02/2000 3:00,15.075,15,0.075,98.946
1,5/07/2025 4:59,9/02/2000 4:00,15.075,14.5,0.575,99.436
1,5/07/2025 5:59,9/02/2000 5:00,14.575,14.5,0.075,98.946
1,5/07/2025 6:59,9/02/2000 6:00,14.575,14,0.575,99.926
1,5/07/2025 7:59,9/02/2000 7:00,14.575,14.5,0.075,99.436
1,5/07/2025 8:59,9/02/2000 8:00,14.575,14.5,0.075,98.946
1,5/07/2025 9:59,9/02/2000 9:00,15.075,15,0.075,100.413
1,5/07/2025 10:59,9/02/2000 10:00,15.576,15.5,0.076,98.946
1,5/07/2025 11:59,9/02/2000 11:00,16.076,16,0.076,97.464
1,5/07/2025 12:59,9/02/2000 12:00,16.076,16,0.076,97.96
1,5/07/2025 13:59,9/02/2000 13:00,16.577,16,0.577,98.946
1,5/07/2025 14:59,9/02/2000 14:00,16.577,16.5,0.077,97.96
1,5/07/2025 15:59,9/02/2000 15:00,16.577,17,-0.423,96.968
1,5/07/2025 16:59,9/02/2000 16:00,16.076,15.5,0.576,97.464
1,5/07/2025 17:59,9/02/2000 17:00,15.576,15,0.576,98.946
1,5/07/2025 18:59,9/02/2000 18:00,15.075,15,0.075,98.946
1,5/07/2025 19:59,9/02/2000 19:00,15.075,14.5,0.575,99.926
1,5/07/2025 20:59,9/02/2000 20:00,14.575,14.5,0.075,98.946
1,5/07/2025 21:59,9/02/2000 21:00,14.575,14,0.575,98.946
1,5/07/2025 22:59,9/02/2000 22:00,14.074,14,0.074,99.436
1,5/07/2025 23:59,9/02/2000 23:00,14.575,14,0.575,98.946
1,6/07/2025 0:59,10/02/2000 0:00,14.074,14,0.074,99.926
1,6/07/2025 1:59,10/02/2000 1:00,14.074,14,0.074,98.946
1,6/07/2025 2:59,10/02/2000 2:00,14.074,13.5,0.574,100.413
1,6/07/2025 3:59,10/02/2000 3:00,13.574,13.5,0.074,99.926
1,6/07/2025 4:59,10/02/2000 4:00,13.574,13,0.574,99.436
1,6/07/2025 5:59,10/02/2000 5:00,13.073,12.5,0.573,100.413
1,6/07/2025 6:59,10/02/2000 6:00,12.573,12.5,0.073,99.926
1,6/07/2025 7:59,10/02/2000 7:00,13.073,12.5,0.573,100.413
1,6/07/2025 8:59,10/02/2000 8:00,13.073,13,0.073,99.926
1,6/07/2025 9:59,10/02/2000 9:00,13.574,13.5,0.074,99.926
1,6/07/2025 10:59,10/02/2000 10:00,14.575,14.5,0.075,98.453
1,6/07/2025 11:59,10/02/2000 11:00,15.075,15,0.075,99.436
1,6/07/2025 12:59,10/02/2000 12:00,15.576,15.5,0.076,99.436
1,6/07/2025 13:59,10/02/2000 13:00,16.076,16,0.076,99.926
1,6/07/2025 14:59,10/02/2000 14:00,15.576,15,0.576,100.413
1,6/07/2025 15:59,10/02/2000 15:00,15.576,15.5,0.076,99.436
1,6/07/2025 16:59,10/02/2000 16:00,15.075,14.5,0.575,98.453
1,6/07/2025 17:59,10/02/2000 17:00,14.074,13,1.074,99.926
1,6/07/2025 18:59,10/02/2000 18:00,13.574,12.5,1.074,98.946
1,6/07/2025 19:59,10/02/2000 19:00,12.573,11.5,1.073,99.926
1,6/07/2025 20:59,10/02/2000 20:00,12.072,11,1.072,99.436
1,6/07/2025 21:59,10/02/2000 21:00,11.07,11,0.07,100.413
1,6/07/2025 22:59,10/02/2000 22:00,10.57,10,0.57,100.413
1,6/07/2025 23:59,10/02/2000 23:00,10.069,9.5,0.569,99.436
1,7/07/2025 0:59,11/02/2000 0:00,10.069,9.5,0.569,99.926
1,7/07/2025 1:59,11/02/2000 1:00,9.067,9,0.067,101.384
1,7/07/2025 2:59,11/02/2000 2:00,8.566,8.5,0.066,99.926
1,7/07/2025 3:59,11/02/2000 3:00,8.566,8.5,0.066,100.413
1,7/07/2025 4:59,11/02/2000 4:00,8.566,8,0.566,98.946
1,7/07/2025 5:59,11/02/2000 5:00,8.066,7.5,0.566,98.946
1,7/07/2025 6:59,11/02/2000 6:00,8.066,8,0.066,99.926
1,7/07/2025 7:59,11/02/2000 7:00,8.066,7.5,0.566,100.413
1,7/07/2025 8:59,11/02/2000 8:00,8.066,8,0.066,100.9
1,7/07/2025 9:59,11/02/2000 9:00,9.067,9,0.067,100.413
1,7/07/2025 10:59,11/02/2000 10:00,10.069,10.5,-0.431,100.9
1,7/07/2025 11:59,11/02/2000 11:00,11.571,11.5,0.071,101.384
1,7/07/2025 12:59,11/02/2000 12:00,12.573,11.5,1.073,100.413
1,7/07/2025 13:59,11/02/2000 13:00,13.073,12,1.073,99.926
1,7/07/2025 14:59,11/02/2000 14:00,13.073,12.5,0.573,99.436
1,7/07/2025 15:59,11/02/2000 15:00,13.073,12,1.073,101.384
1,7/07/2025 16:59,11/02/2000 16:00,12.573,11.5,1.073,99.926
1,7/07/2025 17:59,11/02/2000 17:00,12.072,11,1.072,100.9
1,7/07/2025 18:59,11/02/2000 18:00,11.07,10.5,0.57,99.926
1,7/07/2025 19:59,11/02/2000 19:00,10.57,10,0.57,99.436
1,7/07/2025 20:59,11/02/2000 20:00,10.069,9.5,0.569,100.9
1,7/07/2025 21:59,11/02/2000 21:00,9.568,9,0.568,100.9
1,7/07/2025 22:59,11/02/2000 22:00,9.067,8.5,0.567,100.9
1,7/07/2025 23:59,11/02/2000 23:00,9.067,8.5,0.567,100.413
1,8/07/2025 0:59,12/02/2000 0:00,9.067,8.5,0.567,100.9
1,8/07/2025 1:59,12/02/2000 1:00,9.067,8.5,0.567,100.9
1,8/07/2025 2:59,12/02/2000 2:00,9.067,8.5,0.567,101.867
1,8/07/2025 3:59,12/02/2000 3:00,9.067,9,0.067,100.9
1,8/07/2025 4:59,12/02/2000 4:00,9.568,9,0.568,100.9
1,8/07/2025 5:59,12/02/2000 5:00,9.568,9,0.568,101.384
1,8/07/2025 6:59,12/02/2000 6:00,10.069,9.5,0.569,101.867
1,8/07/2025 7:59,12/02/2000 7:00,9.568,9,0.568,101.867
1,8/07/2025 8:59,12/02/2000 8:00,9.568,9.5,0.068,100.9
1,8/07/2025 9:59,12/02/2000 9:00,10.57,10.5,0.07,101.867
1,8/07/2025 10:59,12/02/2000 10:00,12.072,12.5,-0.428,101.384
1,8/07/2025 11:59,12/02/2000 11:00,12.573,12.5,0.073,101.384
1,8/07/2025 12:59,12/02/2000 12:00,13.574,12.5,1.074,100.413
1,8/07/2025 13:59,12/02/2000 13:00,13.574,13,0.574,99.436
1,8/07/2025 14:59,12/02/2000 14:00,13.574,13,0.574,101.384
1,8/07/2025 15:59,12/02/2000 15:00,13.574,12.5,1.074,99.926
1,8/07/2025 16:59,12/02/2000 16:00,13.574,12.5,1.074,100.413
1,8/07/2025 17:59,12/02/2000 17:00,13.073,12.5,0.573,101.384
1,8/07/2025 18:59,12/02/2000 18:00,13.073,12.5,0.573,101.384
1,8/07/2025 19:59,12/02/2000 19:00,13.073,12.5,0.573,101.384
1,8/07/2025 20:59,12/02/2000 20:00,13.073,12.5,0.573,101.384
1,8/07/2025 21:59,12/02/2000 21:00,13.073,12.5,0.573,100.9
1,8/07/2025 22:59,12/02/2000 22:00,13.073,12.5,0.573,101.384
1,8/07/2025 23:59,12/02/2000 23:00,13.073,12,1.073,101.867
1,9/07/2025 0:59,13/02/2000 0:00,13.073,12.5,0.573,101.384
1,9/07/2025 1:59,13/02/2000 1:00,13.073,12.5,0.573,100.9
1,9/07/2025 2:59,13/02/2000 2:00,13.073,12.5,0.573,100.9
1,9/07/2025 3:59,13/02/2000 3:00,13.073,12.5,0.573,100.9
1,9/07/2025 4:59,13/02/2000 4:00,13.073,12.5,0.573,101.867
1,9/07/2025 5:59,13/02/2000 5:00,12.573,12,0.573,100.9
1,9/07/2025 6:59,13/02/2000 6:00,13.073,12.5,0.573,100.413
1,9/07/2025 7:59,13/02/2000 7:00,13.073,12.5,0.573,100.9
1,9/07/2025 8:59,13/02/2000 8:00,13.073,12.5,0.573,100.9
1,9/07/2025 9:59,13/02/2000 9:00,13.073,13,0.073,100.413
1,9/07/2025 10:59,13/02/2000 10:00,13.574,13,0.574,99.436
1,9/07/2025 11:59,13/02/2000 11:00,13.574,13.5,0.074,98.946
1,9/07/2025 12:59,13/02/2000 12:00,14.074,14,0.074,100.413
1,9/07/2025 13:59,13/02/2000 13:00,14.575,14,0.575,98.946
1,9/07/2025 14:59,13/02/2000 14:00,14.074,13.5,0.574,99.436
1,9/07/2025 15:59,13/02/2000 15:00,14.074,13.5,0.574,99.436
1,9/07/2025 16:59,13/02/2000 16:00,14.074,13.5,0.574,100.9
1,9/07/2025 17:59,13/02/2000 17:00,14.074,13,1.074,100.413
1,9/07/2025 18:59,13/02/2000 18:00,13.574,13,0.574,99.926
1,9/07/2025 19:59,13/02/2000 19:00,13.574,13,0.574,100.9
1,9/07/2025 20:59,13/02/2000 20:00,13.574,13.5,0.074,99.926
1,9/07/2025 21:59,13/02/2000 21:00,14.074,13.5,0.574,98.946
1,9/07/2025 22:59,13/02/2000 22:00,14.074,13.5,0.574,99.926
1,9/07/2025 23:59,13/02/2000 23:00,14.074,14,0.074,99.926
1,10/07/2025 0:59,14/02/2000 0:00,14.074,13.5,0.574,99.436
1,10/07/2025 1:59,14/02/2000 1:00,14.074,13.5,0.574,99.926
1,10/07/2025 2:59,14/02/2000 2:00,14.074,13.5,0.574,99.926
1,10/07/2025 3:59,14/02/2000 3:00,14.074,13.5,0.574,99.926
1,10/07/2025 4:59,14/02/2000 4:00,13.574,13.5,0.074,99.926
1,10/07/2025 5:59,14/02/2000 5:00,14.074,14,0.074,99.436
1,10/07/2025 6:59,14/02/2000 6:00,14.074,14,0.074,99.436
1,10/07/2025 7:59,14/02/2000 7:00,14.575,14,0.575,99.926
1,10/07/2025 8:59,14/02/2000 8:00,15.075,14.5,0.575,98.946
1,10/07/2025 9:59,14/02/2000 9:00,15.576,15,0.576,97.464
1,10/07/2025 10:59,14/02/2000 10:00,15.576,15,0.576,98.946
1,10/07/2025 11:59,14/02/2000 11:00,15.576,15.5,0.076,97.96
1,10/07/2025 12:59,14/02/2000 12:00,15.576,15,0.576,97.464
1,10/07/2025 13:59,14/02/2000 13:00,15.576,15.5,0.076,98.453
1,10/07/2025 14:59,14/02/2000 14:00,16.076,15.5,0.576,96.968
1,10/07/2025 15:59,14/02/2000 15:00,16.076,15.5,0.576,95.969
1,10/07/2025 16:59,14/02/2000 16:00,16.076,15.5,0.576,96.968
1,10/07/2025 17:59,14/02/2000 17:00,15.576,15,0.576,97.96
1,10/07/2025 18:59,14/02/2000 18:00,15.576,15,0.576,97.96
1,10/07/2025 19:59,14/02/2000 19:00,15.576,15.5,0.076,97.96
1,10/07/2025 20:59,14/02/2000 20:00,15.576,15.5,0.076,97.96
1,10/07/2025 21:59,14/02/2000 21:00,15.576,15.5,0.076,98.453
1,10/07/2025 22:59,14/02/2000 22:00,15.576,15.5,0.076,97.464
1,10/07/2025 23:59,14/02/2000 23:00,16.076,15.5,0.576,97.464
1,11/07/2025 0:59,15/02/2000 0:00,16.076,15.5,0.576,97.464
1,11/07/2025 1:59,15/02/2000 1:00,16.076,15.5,0.576,96.968
1,11/07/2025 2:59,15/02/2000 2:00,16.076,15.5,0.576,96.968
1,11/07/2025 3:59,15/02/2000 3:00,16.076,15.5,0.576,96.968
1,11/07/2025 4:59,15/02/2000 4:00,16.076,15.5,0.576,97.464
1,11/07/2025 5:59,15/02/2000 5:00,16.076,15.5,0.576,96.968
1,11/07/2025 6:59,15/02/2000 6:00,16.076,15.5,0.576,96.968
1,11/07/2025 7:59,15/02/2000 7:00,16.076,15.5,0.576,96.469
1,11/07/2025 8:59,15/02/2000 8:00,16.076,15.5,0.576,96.469
1,11/07/2025 9:59,15/02/2000 9:00,16.076,15.5,0.576,95.969
1,11/07/2025 10:59,15/02/2000 10:00,16.076,15.5,0.576,96.469
1,11/07/2025 11:59,15/02/2000 11:00,16.076,15.5,0.576,96.968
1,11/07/2025 12:59,15/02/2000 12:00,16.076,15.5,0.576,96.469
1,11/07/2025 13:59,15/02/2000 13:00,15.576,15,0.576,96.469
1,11/07/2025 14:59,15/02/2000 14:00,15.576,15,0.576,97.96
1,11/07/2025 15:59,15/02/2000 15:00,16.076,15.5,0.576,96.968
1,11/07/2025 16:59,15/02/2000 16:00,15.075,14.5,0.575,97.96
1,11/07/2025 17:59,15/02/2000 17:00,14.575,14.5,0.075,98.453
1,11/07/2025 18:59,15/02/2000 18:00,14.575,14.5,0.075,98.453
1,11/07/2025 19:59,15/02/2000 19:00,14.575,14,0.575,98.946
1,11/07/2025 20:59,15/02/2000 20:00,14.575,14,0.575,98.453
1,11/07/2025 21:59,15/02/2000 21:00,14.074,14,0.074,99.436
1,11/07/2025 22:59,15/02/2000 22:00,14.575,14,0.575,99.436
1,11/07/2025 23:59,15/02/2000 23:00,14.074,13,1.074,98.946
1,12/07/2025 0:59,16/02/2000 0:00,13.073,12.5,0.573,100.413
1,12/07/2025 1:59,16/02/2000 1:00,13.073,12.5,0.573,99.436
1,12/07/2025 2:59,16/02/2000 2:00,12.573,12.5,0.073,100.9
1,12/07/2025 3:59,16/02/2000 3:00,12.072,12,0.072,101.867
1,12/07/2025 4:59,16/02/2000 4:00,12.072,12,0.072,99.436
1,12/07/2025 5:59,16/02/2000 5:00,12.072,11.5,0.572,101.384
1,12/07/2025 6:59,16/02/2000 6:00,12.072,11.5,0.572,101.867
2,7/06/2025 5:00,12/01/2000 5:00,13.593,13,0.593,68.139
2,7/06/2025 6:00,12/01/2000 6:00,13.092,12.5,0.592,68.139
2,7/06/2025 7:00,12/01/2000 7:00,12.591,12,0.591,69.277
2,7/06/2025 8:00,12/01/2000 8:00,12.591,12.5,0.091,69.277
2,7/06/2025 9:00,12/01/2000 9:00,13.092,13,0.092,69.844
2,7/06/2025 10:00,12/01/2000 10:00,13.593,13.5,0.093,69.277
2,7/06/2025 11:00,12/01/2000 11:00,15.095,15,0.095,71.535
2,7/06/2025 12:00,12/01/2000 12:00,11.59,10.5,1.09,82.989
2,7/06/2025 13:00,12/01/2000 13:00,12.091,11.5,0.591,83.518
2,7/06/2025 14:00,12/01/2000 14:00,12.591,12,0.591,82.459
2,7/06/2025 15:00,12/01/2000 15:00,12.591,11.5,1.091,85.095
2,7/06/2025 16:00,12/01/2000 16:00,12.591,11.5,1.091,82.989
2,7/06/2025 17:00,12/01/2000 17:00,12.591,11,1.591,82.989
2,7/06/2025 18:00,12/01/2000 18:00,11.59,10,1.59,82.989
2,7/06/2025 19:00,12/01/2000 19:00,11.089,9.5,1.589,81.927
2,7/06/2025 20:00,12/01/2000 20:00,10.087,9.5,0.587,81.394
2,7/06/2025 21:00,12/01/2000 21:00,10.087,9.5,0.587,80.859
2,7/06/2025 22:00,12/01/2000 22:00,10.588,10,0.588,81.394
2,7/06/2025 23:00,12/01/2000 23:00,10.588,9.5,1.088,82.989
2,8/06/2025 0:00,13/01/2000 0:00,10.087,9.5,0.587,83.518
2,8/06/2025 1:00,13/01/2000 1:00,10.087,8.5,1.587,82.459
2,8/06/2025 2:00,13/01/2000 2:00,9.085,8.5,0.585,82.989
2,8/06/2025 3:00,13/01/2000 3:00,9.085,8,1.085,81.927
2,8/06/2025 4:00,13/01/2000 4:00,8.584,7.5,1.084,85.095
2,8/06/2025 5:00,13/01/2000 5:00,8.083,7,1.083,82.459
2,8/06/2025 6:00,13/01/2000 6:00,7.582,6.5,1.082,82.459
2,8/06/2025 7:00,13/01/2000 7:00,7.081,6.5,0.581,82.459
2,8/06/2025 8:00,13/01/2000 8:00,7.081,6.5,0.581,81.394
2,8/06/2025 9:00,13/01/2000 9:00,6.58,7.5,-0.92,82.459
2,8/06/2025 10:00,13/01/2000 10:00,7.582,9,-1.418,83.518
2,8/06/2025 11:00,13/01/2000 11:00,10.087,10.5,-0.413,84.571
2,8/06/2025 12:00,13/01/2000 12:00,11.59,12,-0.41,86.659
2,8/06/2025 13:00,13/01/2000 13:00,13.092,13.5,-0.408,86.659
2,8/06/2025 14:00,13/01/2000 14:00,13.593,13,0.593,82.989
2,8/06/2025 15:00,13/01/2000 15:00,13.593,12.5,1.093,84.571
2,8/06/2025 16:00,13/01/2000 16:00,13.593,12.5,1.093,83.518
2,8/06/2025 17:00,13/01/2000 17:00,13.092,12,1.092,84.571
2,8/06/2025 18:00,13/01/2000 18:00,13.092,11,2.092,84.571
2,8/06/2025 19:00,13/01/2000 19:00,12.091,10.5,1.591,83.518
2,8/06/2025 20:00,13/01/2000 20:00,11.59,10,1.59,84.045
2,8/06/2025 21:00,13/01/2000 21:00,11.089,10.5,0.589,84.571
2,8/06/2025 22:00,13/01/2000 22:00,11.089,10.5,0.589,84.571
2,8/06/2025 23:00,13/01/2000 23:00,11.089,10.5,0.589,85.618
2,9/06/2025 0:00,14/01/2000 0:00,11.089,11,0.089,85.618
2,9/06/2025 1:00,14/01/2000 1:00,12.091,12,0.091,86.659
2,9/06/2025 2:00,14/01/2000 2:00,12.591,11.5,1.091,86.139
2,9/06/2025 3:00,14/01/2000 3:00,12.591,11.5,1.091,87.177
2,9/06/2025 4:00,14/01/2000 4:00,12.091,11,1.091,85.618
2,9/06/2025 5:00,14/01/2000 5:00,12.091,11.5,0.591,86.139
2,9/06/2025 6:00,14/01/2000 6:00,12.091,11.5,0.591,86.659
2,9/06/2025 7:00,14/01/2000 7:00,12.091,11.5,0.591,85.095
2,9/06/2025 8:00,14/01/2000 8:00,12.091,12,0.091,86.139
2,9/06/2025 9:00,14/01/2000 9:00,12.591,12.5,0.091,86.139
2,9/06/2025 10:00,14/01/2000 10:00,14.094,14,0.094,88.208
2,9/06/2025 11:00,14/01/2000 11:00,15.596,15,0.596,88.208
2,9/06/2025 12:00,14/01/2000 12:00,17.097,17,0.097,86.659
2,9/06/2025 13:00,14/01/2000 13:00,18.098,18,0.098,81.394
2,9/06/2025 14:00,14/01/2000 14:00,18.599,18,0.599,79.246
2,9/06/2025 15:00,14/01/2000 15:00,18.599,17.5,1.099,79.785
2,9/06/2025 16:00,14/01/2000 16:00,18.098,17,1.098,80.859
2,9/06/2025 17:00,14/01/2000 17:00,17.598,16,1.598,81.394
2,9/06/2025 18:00,14/01/2000 18:00,17.097,15,2.097,82.459
2,9/06/2025 19:00,14/01/2000 19:00,16.096,14,2.096,82.989
2,9/06/2025 20:00,14/01/2000 20:00,15.095,13.5,1.595,81.927
2,9/06/2025 21:00,14/01/2000 21:00,14.594,12.5,2.094,82.989
2,9/06/2025 22:00,14/01/2000 22:00,13.593,12,1.593,82.989
2,9/06/2025 23:00,14/01/2000 23:00,13.092,11.5,1.592,82.989
2,10/06/2025 0:00,15/01/2000 0:00,12.591,11.5,1.091,82.989
2,10/06/2025 1:00,15/01/2000 1:00,12.091,11.5,0.591,82.989
2,10/06/2025 2:00,15/01/2000 2:00,11.59,11,0.59,84.571
2,10/06/2025 3:00,15/01/2000 3:00,11.089,10.5,0.589,82.989
2,10/06/2025 4:00,15/01/2000 4:00,11.089,10,1.089,82.459
2,10/06/2025 5:00,15/01/2000 5:00,10.588,9,1.588,82.459
2,10/06/2025 6:00,15/01/2000 6:00,10.087,10,0.087,82.459
2,10/06/2025 7:00,15/01/2000 7:00,10.087,10,0.087,83.518
2,10/06/2025 8:00,15/01/2000 8:00,10.588,10.5,0.088,85.095
2,10/06/2025 9:00,15/01/2000 9:00,10.588,11,-0.412,83.518
2,10/06/2025 10:00,15/01/2000 10:00,11.59,11.5,0.09,85.095
2,10/06/2025 11:00,15/01/2000 11:00,12.091,12,0.091,83.518
2,10/06/2025 12:00,15/01/2000 12:00,12.591,13,-0.409,84.571
2,10/06/2025 13:00,15/01/2000 13:00,14.094,14,0.094,86.139
2,10/06/2025 14:00,15/01/2000 14:00,15.095,16,-0.905,87.177
2,10/06/2025 15:00,15/01/2000 15:00,16.096,16,0.096,87.693
2,10/06/2025 16:00,15/01/2000 16:00,17.097,16.5,0.597,87.693
2,10/06/2025 17:00,15/01/2000 17:00,17.097,16,1.097,88.208
2,10/06/2025 18:00,15/01/2000 18:00,17.097,16,1.097,88.208
2,10/06/2025 19:00,15/01/2000 19:00,16.597,16,0.597,87.693
2,10/06/2025 20:00,15/01/2000 20:00,17.097,16,1.097,87.693
2,10/06/2025 21:00,15/01/2000 21:00,17.097,16.5,0.597,88.208
2,10/06/2025 22:00,15/01/2000 22:00,17.097,16.5,0.597,90.254
2,10/06/2025 23:00,15/01/2000 23:00,17.097,16,1.097,90.254
2,11/06/2025 0:00,16/01/2000 0:00,17.097,16,1.097,89.745
2,11/06/2025 1:00,16/01/2000 1:00,17.097,16,1.097,90.254
2,11/06/2025 2:00,16/01/2000 2:00,16.597,15.5,1.097,90.254
2,11/06/2025 3:00,16/01/2000 3:00,16.096,15,1.096,89.234
2,11/06/2025 4:00,16/01/2000 4:00,15.596,14.5,1.096,90.254
2,11/06/2025 5:00,16/01/2000 5:00,15.095,14,1.095,89.745
2,11/06/2025 6:00,16/01/2000 6:00,14.594,14,0.594,89.234
2,11/06/2025 7:00,16/01/2000 7:00,14.094,13.5,0.594,89.234
2,11/06/2025 8:00,16/01/2000 8:00,14.094,13.5,0.594,89.234
2,11/06/2025 9:00,16/01/2000 9:00,13.593,13.5,0.093,89.745
2,11/06/2025 10:00,16/01/2000 10:00,14.094,14.5,-0.406,89.745
2,11/06/2025 11:00,16/01/2000 11:00,15.596,15,0.596,91.771
2,11/06/2025 12:00,16/01/2000 12:00,16.096,15.5,0.596,92.776
2,11/06/2025 13:00,16/01/2000 13:00,16.597,15.5,1.097,91.267
2,11/06/2025 14:00,16/01/2000 14:00,17.097,16,1.097,87.177
2,11/06/2025 15:00,16/01/2000 15:00,17.598,16.5,1.098,83.518
2,11/06/2025 16:00,16/01/2000 16:00,17.598,16.5,1.098,83.518
2,11/06/2025 17:00,16/01/2000 17:00,17.097,16,1.097,84.571
2,11/06/2025 18:00,16/01/2000 18:00,16.597,15,1.597,86.139
2,11/06/2025 19:00,16/01/2000 19:00,16.096,14.5,1.596,86.659
2,11/06/2025 20:00,16/01/2000 20:00,15.596,14,1.596,86.659
2,11/06/2025 21:00,16/01/2000 21:00,14.594,13.5,1.094,87.177
2,11/06/2025 22:00,16/01/2000 22:00,14.594,13.5,1.094,89.745
2,11/06/2025 23:00,16/01/2000 23:00,14.094,13.5,0.594,88.208
2,12/06/2025 0:00,17/01/2000 0:00,14.094,13.5,0.594,87.177
2,12/06/2025 1:00,17/01/2000 1:00,14.094,13.5,0.594,87.693
2,12/06/2025 2:00,17/01/2000 2:00,14.094,13.5,0.594,88.208
2,12/06/2025 3:00,17/01/2000 3:00,14.094,13.5,0.594,88.208
2,12/06/2025 4:00,17/01/2000 4:00,14.094,13.5,0.594,88.722
2,12/06/2025 5:00,17/01/2000 5:00,13.593,13.5,0.093,88.208
2,12/06/2025 6:00,17/01/2000 6:00,14.094,13.5,0.594,88.722
2,12/06/2025 7:00,17/01/2000 7:00,13.593,13,0.593,89.745
2,12/06/2025 8:00,17/01/2000 8:00,13.593,13,0.593,89.234
2,12/06/2025 9:00,17/01/2000 9:00,13.593,13,0.593,88.722
2,12/06/2025 10:00,17/01/2000 10:00,14.094,14,0.094,90.254
2,12/06/2025 11:00,17/01/2000 11:00,15.095,15,0.095,91.267
2,12/06/2025 12:00,17/01/2000 12:00,16.096,16,0.096,89.234
2,12/06/2025 13:00,17/01/2000 13:00,16.597,16.5,0.097,87.177
2,12/06/2025 14:00,17/01/2000 14:00,17.097,17.5,-0.403,83.518
2,12/06/2025 15:00,17/01/2000 15:00,18.098,17.5,0.598,82.459
2,12/06/2025 16:00,17/01/2000 16:00,18.098,17.5,0.598,82.989
2,12/06/2025 17:00,17/01/2000 17:00,17.598,16.5,1.098,83.518
2,12/06/2025 18:00,17/01/2000 18:00,16.597,15.5,1.097,83.518
2,12/06/2025 19:00,17/01/2000 19:00,16.096,15,1.096,84.571
2,12/06/2025 20:00,17/01/2000 20:00,15.596,14.5,1.096,85.095
2,12/06/2025 21:00,17/01/2000 21:00,15.095,13.5,1.595,84.045
2,12/06/2025 22:00,17/01/2000 22:00,14.594,13,1.594,85.095
2,12/06/2025 23:00,17/01/2000 23:00,14.094,13,1.094,86.659
2,13/06/2025 0:00,18/01/2000 0:00,13.593,13,0.593,87.177
2,13/06/2025 1:00,18/01/2000 1:00,13.593,12.5,1.093,85.618
2,13/06/2025 2:00,18/01/2000 2:00,13.092,12.5,0.592,86.139
2,13/06/2025 3:00,18/01/2000 3:00,13.092,12.5,0.592,87.177
2,13/06/2025 4:00,18/01/2000 4:00,13.092,12.5,0.592,86.139
2,13/06/2025 5:00,18/01/2000 5:00,12.591,12.5,0.091,87.177
2,13/06/2025 6:00,18/01/2000 6:00,13.092,12.5,0.592,87.177
2,13/06/2025 7:00,18/01/2000 7:00,13.092,12.5,0.592,87.693
2,13/06/2025 8:00,18/01/2000 8:00,13.092,13,0.092,87.693
2,13/06/2025 9:00,18/01/2000 9:00,13.092,13.5,-0.408,87.693
2,13/06/2025 10:00,18/01/2000 10:00,14.094,13.5,0.594,88.208
2,13/06/2025 11:00,18/01/2000 11:00,14.594,15,-0.406,89.745
2,13/06/2025 12:00,18/01/2000 12:00,16.096,16,0.096,85.095
2,13/06/2025 13:00,18/01/2000 13:00,16.597,16.5,0.097,79.246
2,13/06/2025 14:00,18/01/2000 14:00,17.097,17,0.097,75.427
2,13/06/2025 15:00,18/01/2000 15:00,17.097,16.5,0.597,79.246
2,13/06/2025 16:00,18/01/2000 16:00,16.597,16,0.597,77.618
2,13/06/2025 17:00,18/01/2000 17:00,16.096,14.5,1.596,81.394
2,13/06/2025 18:00,18/01/2000 18:00,15.095,14.5,0.595,83.518
2,13/06/2025 19:00,18/01/2000 19:00,14.594,13.5,1.094,82.989
2,13/06/2025 20:00,18/01/2000 20:00,13.593,13,0.593,82.989
2,13/06/2025 21:00,18/01/2000 21:00,13.092,12,1.092,84.045
2,13/06/2025 22:00,18/01/2000 22:00,12.591,11.5,1.091,84.045
2,13/06/2025 23:00,18/01/2000 23:00,12.091,11,1.091,82.989
2,14/06/2025 0:00,19/01/2000 0:00,11.59,11.5,0.09,83.518
2,14/06/2025 1:00,19/01/2000 1:00,11.59,11,0.59,82.989
2,14/06/2025 2:00,19/01/2000 2:00,11.089,10.5,0.589,84.045
2,14/06/2025 3:00,19/01/2000 3:00,11.089,10.5,0.589,85.618
2,14/06/2025 4:00,19/01/2000 4:00,10.588,10,0.588,83.518
2,14/06/2025 5:00,19/01/2000 5:00,10.588,10,0.588,85.618
2,14/06/2025 6:00,19/01/2000 6:00,10.588,10.5,0.088,85.095
2,14/06/2025 7:00,19/01/2000 7:00,10.588,10,0.588,84.045
2,14/06/2025 8:00,19/01/2000 8:00,10.588,10,0.588,86.139
2,14/06/2025 9:00,19/01/2000 9:00,10.588,11,-0.412,84.045
2,14/06/2025 10:00,19/01/2000 10:00,11.089,11.5,-0.411,84.571
2,14/06/2025 11:00,19/01/2000 11:00,12.091,12.5,-0.409,86.139
2,14/06/2025 12:00,19/01/2000 12:00,13.593,14.5,-0.907,87.177
2,14/06/2025 13:00,19/01/2000 13:00,15.596,15.5,0.096,84.571
2,14/06/2025 14:00,19/01/2000 14:00,15.596,15,0.596,85.095
2,14/06/2025 15:00,19/01/2000 15:00,16.096,16,0.096,84.571
2,14/06/2025 16:00,19/01/2000 16:00,16.096,15,1.096,85.618
2,14/06/2025 17:00,19/01/2000 17:00,16.096,14.5,1.596,85.618
2,14/06/2025 18:00,19/01/2000 18:00,15.095,13.5,1.595,85.618
2,14/06/2025 19:00,19/01/2000 19:00,14.594,13.5,1.094,86.659
2,14/06/2025 20:00,19/01/2000 20:00,14.094,13,1.094,86.139
2,14/06/2025 21:00,19/01/2000 21:00,13.593,13,0.593,87.177
2,14/06/2025 22:00,19/01/2000 22:00,13.593,12.5,1.093,86.659
2,14/06/2025 23:00,19/01/2000 23:00,13.092,12.5,0.592,86.139
2,15/06/2025 0:00,20/01/2000 0:00,12.591,11,1.591,86.139
2,15/06/2025 1:00,20/01/2000 1:00,12.091,11,1.091,86.139
2,15/06/2025 2:00,20/01/2000 2:00,11.59,11,0.59,86.659
2,15/06/2025 3:00,20/01/2000 3:00,11.089,10.5,0.589,86.139
2,15/06/2025 4:00,20/01/2000 4:00,11.089,10.5,0.589,84.045
2,15/06/2025 5:00,20/01/2000 5:00,10.588,10.5,0.088,87.177
2,15/06/2025 6:00,20/01/2000 6:00,10.588,10.5,0.088,86.659
2,15/06/2025 7:00,20/01/2000 7:00,10.588,10,0.588,86.139
2,15/06/2025 8:00,20/01/2000 8:00,10.588,10,0.588,85.618
2,15/06/2025 9:00,20/01/2000 9:00,10.588,11,-0.412,86.139
2,15/06/2025 10:00,20/01/2000 10:00,11.089,11.5,-0.411,86.139
2,15/06/2025 11:00,20/01/2000 11:00,12.091,12.5,-0.409,87.177
2,15/06/2025 12:00,20/01/2000 12:00,12.591,12.5,0.091,88.208
2,15/06/2025 13:00,20/01/2000 13:00,13.092,14,-0.908,86.659
2,15/06/2025 14:00,20/01/2000 14:00,14.094,14,0.094,87.177
2,15/06/2025 15:00,20/01/2000 15:00,14.594,14,0.594,87.693
2,15/06/2025 16:00,20/01/2000 16:00,14.594,13.5,1.094,88.722
2,15/06/2025 17:00,20/01/2000 17:00,14.094,13.5,0.594,88.208
2,15/06/2025 18:00,20/01/2000 18:00,14.094,13,1.094,88.722
2,15/06/2025 19:00,20/01/2000 19:00,13.593,13,0.593,88.208
2,15/06/2025 20:00,20/01/2000 20:00,13.593,12.5,1.093,89.234
2,15/06/2025 21:00,20/01/2000 21:00,13.092,12.5,0.592,90.254
2,15/06/2025 22:00,20/01/2000 22:00,13.092,12,1.092,91.267
2,15/06/2025 23:00,20/01/2000 23:00,12.591,12,0.591,90.761
2,16/06/2025 0:00,21/01/2000 0:00,12.091,12,0.091,91.267
2,16/06/2025 1:00,21/01/2000 1:00,12.091,12,0.091,91.771
2,16/06/2025 2:00,21/01/2000 2:00,12.091,12,0.091,91.267
2,16/06/2025 3:00,21/01/2000 3:00,12.091,12,0.091,91.771
2,16/06/2025 4:00,21/01/2000 4:00,12.091,11.5,0.591,91.771
2,16/06/2025 5:00,21/01/2000 5:00,11.59,11.5,0.09,91.771
2,16/06/2025 6:00,21/01/2000 6:00,12.091,12,0.091,91.771
2,16/06/2025 7:00,21/01/2000 7:00,12.091,12,0.091,92.274
2,16/06/2025 8:00,21/01/2000 8:00,12.091,12,0.091,92.274
2,16/06/2025 9:00,21/01/2000 9:00,12.591,12.5,0.091,91.771
2,16/06/2025 10:00,21/01/2000 10:00,12.591,12.5,0.091,93.275
2,16/06/2025 11:00,21/01/2000 11:00,13.092,12.5,0.592,93.774
2,16/06/2025 12:00,21/01/2000 12:00,13.092,13,0.092,93.275
2,16/06/2025 13:00,21/01/2000 13:00,13.092,13,0.092,92.274
2,16/06/2025 14:00,21/01/2000 14:00,13.593,13,0.593,92.274
2,16/06/2025 15:00,21/01/2000 15:00,13.593,13.5,0.093,92.776
2,16/06/2025 16:00,21/01/2000 16:00,13.593,13,0.593,91.771
2,16/06/2025 17:00,21/01/2000 17:00,13.593,12.5,1.093,93.275
2,16/06/2025 18:00,21/01/2000 18:00,13.092,12.5,0.592,93.774
2,16/06/2025 19:00,21/01/2000 19:00,13.092,12.5,0.592,91.267
2,16/06/2025 20:00,21/01/2000 20:00,12.591,12.5,0.091,92.776
2,16/06/2025 21:00,21/01/2000 21:00,12.591,12,0.591,92.776
2,16/06/2025 22:00,21/01/2000 22:00,12.591,12,0.591,92.274
2,16/06/2025 23:00,21/01/2000 23:00,12.091,11.5,0.591,92.776
2,17/06/2025 0:00,22/01/2000 0:00,11.59,11,0.59,92.274
2,17/06/2025 1:00,22/01/2000 1:00,11.089,10.5,0.589,93.275
2,17/06/2025 2:00,22/01/2000 2:00,11.089,10.5,0.589,92.274
2,17/06/2025 3:00,22/01/2000 3:00,11.089,11,0.089,92.274
2,17/06/2025 4:00,22/01/2000 4:00,11.089,12,-0.911,93.774
2,17/06/2025 5:00,22/01/2000 5:00,12.091,12,0.091,93.275
2,17/06/2025 6:00,22/01/2000 6:00,12.591,12,0.591,93.275
2,17/06/2025 7:00,22/01/2000 7:00,12.091,11.5,0.591,93.774
2,17/06/2025 8:00,22/01/2000 8:00,12.091,11.5,0.591,93.774
2,17/06/2025 9:00,22/01/2000 9:00,12.091,12,0.091,92.776
2,17/06/2025 10:00,22/01/2000 10:00,12.091,12.5,-0.409,92.776
2,17/06/2025 11:00,22/01/2000 11:00,12.591,13.5,-0.909,94.271
2,17/06/2025 12:00,22/01/2000 12:00,13.092,13.5,-0.408,93.275
2,17/06/2025 13:00,22/01/2000 13:00,13.593,13.5,0.093,93.774
2,17/06/2025 14:00,22/01/2000 14:00,13.593,14,-0.407,93.275
2,17/06/2025 15:00,22/01/2000 15:00,13.593,13.5,0.093,93.774
2,17/06/2025 16:00,22/01/2000 16:00,13.593,13.5,0.093,93.275
2,17/06/2025 17:00,22/01/2000 17:00,13.593,12.5,1.093,94.271
2,17/06/2025 18:00,22/01/2000 18:00,13.092,12,1.092,93.275
2,17/06/2025 19:00,22/01/2000 19:00,12.591,11.5,1.091,93.275
2,17/06/2025 20:00,22/01/2000 20:00,11.59,10,1.59,93.275
2,17/06/2025 21:00,22/01/2000 21:00,11.089,10.5,0.589,92.776
2,17/06/2025 22:00,22/01/2000 22:00,10.588,10,0.588,93.774
2,17/06/2025 23:00,22/01/2000 23:00,10.588,9.5,1.088,93.774
2,18/06/2025 0:00,23/01/2000 0:00,9.586,9,0.586,93.774
2,18/06/2025 1:00,23/01/2000 1:00,9.085,9,0.085,93.774
2,18/06/2025 2:00,23/01/2000 2:00,9.085,8.5,0.585,92.776
2,18/06/2025 3:00,23/01/2000 3:00,8.584,8,0.584,92.776
2,18/06/2025 4:00,23/01/2000 4:00,8.083,7.5,0.583,92.274
2,18/06/2025 5:00,23/01/2000 5:00,7.582,7.5,0.082,92.776
2,18/06/2025 6:00,23/01/2000 6:00,7.582,7.5,0.082,92.274
2,18/06/2025 7:00,23/01/2000 7:00,7.081,7.5,-0.419,93.774
2,18/06/2025 8:00,23/01/2000 8:00,7.081,7,0.081,92.274
2,18/06/2025 9:00,23/01/2000 9:00,7.081,7.5,-0.419,92.776
2,18/06/2025 10:00,23/01/2000 10:00,7.582,8.5,-0.918,93.275
2,18/06/2025 11:00,23/01/2000 11:00,8.584,10,-1.416,94.271
2,18/06/2025 12:00,23/01/2000 12:00,10.087,11,-0.913,93.275
2,18/06/2025 13:00,23/01/2000 13:00,11.089,12,-0.911,94.271
2,18/06/2025 14:00,23/01/2000 14:00,12.091,12.5,-0.409,93.774
2,18/06/2025 15:00,23/01/2000 15:00,12.591,12.5,0.091,94.271
2,18/06/2025 16:00,23/01/2000 16:00,13.092,12.5,0.592,93.275
2,18/06/2025 17:00,23/01/2000 17:00,13.092,12,1.092,93.774
2,18/06/2025 18:00,23/01/2000 18:00,12.591,11,1.591,93.774
2,18/06/2025 19:00,23/01/2000 19:00,12.091,11,1.091,92.776
2,18/06/2025 20:00,23/01/2000 20:00,11.59,10.5,1.09,93.275
2,18/06/2025 21:00,23/01/2000 21:00,10.588,9.5,1.088,94.271
2,18/06/2025 22:00,23/01/2000 22:00,10.087,9,1.087,93.275
2,18/06/2025 23:00,23/01/2000 23:00,9.586,9,0.586,94.271
2,19/06/2025 0:00,24/01/2000 0:00,9.085,8,1.085,94.271
2,19/06/2025 1:00,24/01/2000 1:00,8.584,8,0.584,93.774
2,19/06/2025 2:00,24/01/2000 2:00,8.083,8,0.083,93.774
2,19/06/2025 3:00,24/01/2000 3:00,8.083,8,0.083,94.271
2,19/06/2025 4:00,24/01/2000 4:00,7.582,8,-0.418,92.776
2,19/06/2025 5:00,24/01/2000 5:00,7.582,7.5,0.082,94.271
2,19/06/2025 6:00,24/01/2000 6:00,7.582,7.5,0.082,94.271
2,19/06/2025 7:00,24/01/2000 7:00,7.582,7.5,0.082,94.271
2,19/06/2025 8:00,24/01/2000 8:00,7.582,7,0.582,93.275
2,19/06/2025 9:00,24/01/2000 9:00,7.582,8,-0.418,92.776
2,19/06/2025 10:00,24/01/2000 10:00,8.584,9,-0.416,94.766
2,19/06/2025 11:00,24/01/2000 11:00,9.586,10.5,-0.914,94.766
2,19/06/2025 12:00,24/01/2000 12:00,11.089,11.5,-0.411,94.766
2,19/06/2025 13:00,24/01/2000 13:00,12.091,12.5,-0.409,95.26
2,19/06/2025 14:00,24/01/2000 14:00,13.092,13.5,-0.408,94.271
2,19/06/2025 15:00,24/01/2000 15:00,14.594,14.5,0.094,93.275
2,19/06/2025 16:00,24/01/2000 16:00,15.095,14,1.095,93.774
2,19/06/2025 17:00,24/01/2000 17:00,15.095,13.5,1.595,94.271
2,19/06/2025 18:00,24/01/2000 18:00,14.594,13,1.594,93.275
2,19/06/2025 19:00,24/01/2000 19:00,14.094,13,1.094,93.275
2,19/06/2025 20:00,24/01/2000 20:00,13.593,12,1.593,93.275
2,19/06/2025 21:00,24/01/2000 21:00,13.092,12,1.092,93.774
2,19/06/2025 22:00,24/01/2000 22:00,12.591,12,0.591,94.271
2,19/06/2025 23:00,24/01/2000 23:00,12.591,12,0.591,93.275
2,20/06/2025 0:00,25/01/2000 0:00,12.091,11.5,0.591,93.275
2,20/06/2025 1:00,25/01/2000 1:00,12.091,11.5,0.591,93.275
2,20/06/2025 2:00,25/01/2000 2:00,12.091,11.5,0.591,93.774
2,20/06/2025 3:00,25/01/2000 3:00,12.091,11.5,0.591,93.275
2,20/06/2025 4:00,25/01/2000 4:00,12.091,12,0.091,92.776
2,20/06/2025 5:00,25/01/2000 5:00,12.591,12,0.591,93.774
2,20/06/2025 6:00,25/01/2000 6:00,12.591,12.5,0.091,94.271
2,20/06/2025 7:00,25/01/2000 7:00,12.591,12,0.591,93.275
2,20/06/2025 8:00,25/01/2000 8:00,12.591,12.5,0.091,94.766
2,20/06/2025 9:00,25/01/2000 9:00,13.092,12.5,0.592,93.774
2,20/06/2025 10:00,25/01/2000 10:00,13.092,13,0.092,94.271
2,20/06/2025 11:00,25/01/2000 11:00,13.593,13.5,0.093,94.766
2,20/06/2025 12:00,25/01/2000 12:00,14.094,13.5,0.594,93.774
2,20/06/2025 13:00,25/01/2000 13:00,14.094,14,0.094,95.752
2,20/06/2025 14:00,25/01/2000 14:00,14.594,14,0.594,95.26
2,20/06/2025 15:00,25/01/2000 15:00,14.594,14,0.594,94.766
2,20/06/2025 16:00,25/01/2000 16:00,14.594,14.5,0.094,95.26
2,20/06/2025 17:00,25/01/2000 17:00,14.594,13.5,1.094,93.774
2,20/06/2025 18:00,25/01/2000 18:00,14.594,13,1.594,94.271
2,20/06/2025 19:00,25/01/2000 19:00,13.593,12,1.593,94.766
2,20/06/2025 20:00,25/01/2000 20:00,13.092,11.5,1.592,94.271
2,20/06/2025 21:00,25/01/2000 21:00,12.091,11,1.091,94.271
2,20/06/2025 22:00,25/01/2000 22:00,11.59,10.5,1.09,93.774
2,20/06/2025 23:00,25/01/2000 23:00,11.089,10.5,0.589,93.774
2,21/06/2025 0:00,26/01/2000 0:00,10.588,10,0.588,93.275
2,21/06/2025 1:00,26/01/2000 1:00,10.087,9.5,0.587,93.774
2,21/06/2025 2:00,26/01/2000 2:00,10.087,9.5,0.587,93.275
2,21/06/2025 3:00,26/01/2000 3:00,9.586,9.5,0.086,94.271
2,21/06/2025 4:00,26/01/2000 4:00,9.586,9.5,0.086,93.774
2,21/06/2025 5:00,26/01/2000 5:00,9.586,9.5,0.086,93.774
2,21/06/2025 6:00,26/01/2000 6:00,9.586,9.5,0.086,93.275
2,21/06/2025 7:00,26/01/2000 7:00,9.586,9,0.586,94.766
2,21/06/2025 8:00,26/01/2000 8:00,9.586,9,0.586,93.774
2,21/06/2025 9:00,26/01/2000 9:00,9.085,9.5,-0.415,93.774
2,21/06/2025 10:00,26/01/2000 10:00,9.586,10,-0.414,93.774
2,21/06/2025 11:00,26/01/2000 11:00,10.588,12,-1.412,94.271
2,21/06/2025 12:00,26/01/2000 12:00,11.59,13,-1.41,94.766
2,21/06/2025 13:00,26/01/2000 13:00,12.591,13.5,-0.909,94.766
2,21/06/2025 14:00,26/01/2000 14:00,13.092,14.5,-1.408,94.766
2,21/06/2025 15:00,26/01/2000 15:00,13.593,14,-0.407,94.766
2,21/06/2025 16:00,26/01/2000 16:00,14.094,14,0.094,94.766
2,21/06/2025 17:00,26/01/2000 17:00,13.593,13,0.593,94.271
2,21/06/2025 18:00,26/01/2000 18:00,13.593,12.5,1.093,93.774
2,21/06/2025 19:00,26/01/2000 19:00,13.092,12,1.092,93.774
2,21/06/2025 20:00,26/01/2000 20:00,12.091,11,1.091,93.774
2,21/06/2025 21:00,26/01/2000 21:00,11.59,10.5,1.09,93.275
2,21/06/2025 22:00,26/01/2000 22:00,11.089,10.5,0.589,94.271
2,21/06/2025 23:00,26/01/2000 23:00,10.087,9.5,0.587,95.26
2,22/06/2025 0:00,27/01/2000 0:00,9.586,8.5,1.086,93.774
2,22/06/2025 1:00,27/01/2000 1:00,8.584,7.5,1.084,93.275
2,22/06/2025 2:00,27/01/2000 2:00,8.083,7.5,0.583,92.776
2,22/06/2025 3:00,27/01/2000 3:00,7.582,7.5,0.082,93.275
2,22/06/2025 4:00,27/01/2000 4:00,7.582,8,-0.418,93.774
2,22/06/2025 5:00,27/01/2000 5:00,7.582,7,0.582,92.776
2,22/06/2025 6:00,27/01/2000 6:00,7.081,7,0.081,93.275
2,22/06/2025 7:00,27/01/2000 7:00,7.081,6.5,0.581,93.275
2,22/06/2025 8:00,27/01/2000 8:00,6.58,6.5,0.08,93.275
2,22/06/2025 9:00,27/01/2000 9:00,6.58,7,-0.42,93.275
2,22/06/2025 10:00,27/01/2000 10:00,7.582,9,-1.418,93.774
2,22/06/2025 11:00,27/01/2000 11:00,8.584,10.5,-1.916,92.776
2,22/06/2025 12:00,27/01/2000 12:00,10.588,12.5,-1.912,93.774
2,22/06/2025 13:00,27/01/2000 13:00,12.091,13.5,-1.409,91.267
2,22/06/2025 14:00,27/01/2000 14:00,13.092,14,-0.908,90.761
2,22/06/2025 15:00,27/01/2000 15:00,13.593,13.5,0.093,90.254
2,22/06/2025 16:00,27/01/2000 16:00,13.593,13.5,0.093,90.254
2,22/06/2025 17:00,27/01/2000 17:00,13.593,12.5,1.093,91.267
2,22/06/2025 18:00,27/01/2000 18:00,13.092,12,1.092,90.254
2,22/06/2025 19:00,27/01/2000 19:00,12.591,11.5,1.091,90.254
2,22/06/2025 20:00,27/01/2000 20:00,12.091,10.5,1.591,90.254
2,22/06/2025 21:00,27/01/2000 21:00,11.59,11.5,0.09,88.722
2,22/06/2025 22:00,27/01/2000 22:00,11.59,11.5,0.09,90.254
2,22/06/2025 23:00,27/01/2000 23:00,11.59,11.5,0.09,89.234
2,23/06/2025 0:00,28/01/2000 0:00,11.59,11,0.59,90.761
2,23/06/2025 1:00,28/01/2000 1:00,11.59,11,0.59,90.254
2,23/06/2025 2:00,28/01/2000 2:00,12.591,12.5,0.091,89.745
2,23/06/2025 3:00,28/01/2000 3:00,12.591,12.5,0.091,89.745
2,23/06/2025 4:00,28/01/2000 4:00,13.092,13,0.092,89.745
2,23/06/2025 5:00,28/01/2000 5:00,13.593,13,0.593,88.722
2,23/06/2025 6:00,28/01/2000 6:00,13.593,13,0.593,90.254
2,23/06/2025 7:00,28/01/2000 7:00,14.094,13.5,0.594,90.254
2,23/06/2025 8:00,28/01/2000 8:00,14.094,14,0.094,90.254
2,23/06/2025 9:00,28/01/2000 9:00,14.594,14,0.594,89.745
2,23/06/2025 10:00,28/01/2000 10:00,15.095,15,0.095,90.761
2,23/06/2025 11:00,28/01/2000 11:00,16.096,15.5,0.596,89.234
2,23/06/2025 12:00,28/01/2000 12:00,16.597,16.5,0.097,87.177
2,23/06/2025 13:00,28/01/2000 13:00,17.097,16.5,0.597,84.571
2,23/06/2025 14:00,28/01/2000 14:00,17.097,16.5,0.597,82.459
2,23/06/2025 15:00,28/01/2000 15:00,17.097,16.5,0.597,82.459
2,23/06/2025 16:00,28/01/2000 16:00,17.097,16,1.097,81.394
2,23/06/2025 17:00,28/01/2000 17:00,16.597,15.5,1.097,84.045
2,23/06/2025 18:00,28/01/2000 18:00,16.096,14,2.096,85.618
2,23/06/2025 19:00,28/01/2000 19:00,15.095,14,1.095,86.659
2,23/06/2025 20:00,28/01/2000 20:00,14.594,13.5,1.094,87.177
2,23/06/2025 21:00,28/01/2000 21:00,14.594,14,0.594,86.659
2,23/06/2025 22:00,28/01/2000 22:00,14.594,14,0.594,87.177
2,23/06/2025 23:00,28/01/2000 23:00,14.594,13.5,1.094,89.234
2,24/06/2025 0:00,29/01/2000 0:00,14.594,13.5,1.094,88.208
2,24/06/2025 1:00,29/01/2000 1:00,14.094,13.5,0.594,88.722
2,24/06/2025 2:00,29/01/2000 2:00,13.593,12.5,1.093,88.208
2,24/06/2025 3:00,29/01/2000 3:00,13.092,12,1.092,88.208
2,24/06/2025 4:00,29/01/2000 4:00,12.591,11,1.591,88.208
2,24/06/2025 5:00,29/01/2000 5:00,11.59,11,0.59,88.722
2,24/06/2025 6:00,29/01/2000 6:00,11.089,10.5,0.589,87.177
2,24/06/2025 7:00,29/01/2000 7:00,11.089,11,0.089,88.208
2,24/06/2025 8:00,29/01/2000 8:00,11.089,11,0.089,87.177
2,24/06/2025 9:00,29/01/2000 9:00,11.59,11.5,0.09,88.722
2,24/06/2025 10:00,29/01/2000 10:00,12.091,12.5,-0.409,88.722
2,24/06/2025 11:00,29/01/2000 11:00,13.092,13,0.092,89.234
2,24/06/2025 12:00,29/01/2000 12:00,13.593,14,-0.407,89.745
2,24/06/2025 13:00,29/01/2000 13:00,14.094,15,-0.906,89.234
2,24/06/2025 14:00,29/01/2000 14:00,15.095,15.5,-0.405,89.745
2,24/06/2025 15:00,29/01/2000 15:00,15.596,15.5,0.096,89.234
2,24/06/2025 16:00,29/01/2000 16:00,15.596,15,0.596,90.254
2,24/06/2025 17:00,29/01/2000 17:00,15.596,15,0.596,89.234
2,24/06/2025 18:00,29/01/2000 18:00,15.596,14.5,1.096,89.234
2,24/06/2025 19:00,29/01/2000 19:00,15.095,13.5,1.595,89.745
2,24/06/2025 20:00,29/01/2000 20:00,14.594,13,1.594,88.722
2,24/06/2025 21:00,29/01/2000 21:00,14.094,13,1.094,89.234
2,24/06/2025 22:00,29/01/2000 22:00,13.593,12.5,1.093,88.722
2,24/06/2025 23:00,29/01/2000 23:00,12.591,11.5,1.091,90.254
2,25/06/2025 0:00,30/01/2000 0:00,12.091,11,1.091,90.254
2,25/06/2025 1:00,30/01/2000 1:00,11.59,11,0.59,88.722
2,25/06/2025 2:00,30/01/2000 2:00,11.089,10.5,0.589,89.234
2,25/06/2025 3:00,30/01/2000 3:00,10.588,9.5,1.088,89.234
2,25/06/2025 4:00,30/01/2000 4:00,10.087,9.5,0.587,89.745
2,25/06/2025 5:00,30/01/2000 5:00,9.586,9.5,0.086,89.234
2,25/06/2025 6:00,30/01/2000 6:00,9.586,9.5,0.086,89.745
2,25/06/2025 7:00,30/01/2000 7:00,9.586,10,-0.414,89.745
2,25/06/2025 8:00,30/01/2000 8:00,10.087,10.5,-0.413,88.208
2,25/06/2025 9:00,30/01/2000 9:00,10.588,11.5,-0.912,89.234
2,25/06/2025 10:00,30/01/2000 10:00,11.59,12,-0.41,89.234
2,25/06/2025 11:00,30/01/2000 11:00,12.591,13.5,-0.909,91.267
2,25/06/2025 12:00,30/01/2000 12:00,13.593,14,-0.407,90.761
2,25/06/2025 13:00,30/01/2000 13:00,14.594,15,-0.406,90.254
2,25/06/2025 14:00,30/01/2000 14:00,15.095,15,0.095,91.771
2,25/06/2025 15:00,30/01/2000 15:00,15.095,14.5,0.595,90.761
2,25/06/2025 16:00,30/01/2000 16:00,15.095,14.5,0.595,91.771
2,25/06/2025 17:00,30/01/2000 17:00,15.095,14.5,0.595,90.254
2,25/06/2025 18:00,30/01/2000 18:00,15.095,14,1.095,90.254
2,25/06/2025 19:00,30/01/2000 19:00,15.095,14,1.095,90.761
2,25/06/2025 20:00,30/01/2000 20:00,15.095,14,1.095,90.761
2,25/06/2025 21:00,30/01/2000 21:00,14.594,14,0.594,91.267
2,25/06/2025 22:00,30/01/2000 22:00,14.594,14,0.594,91.267
2,25/06/2025 23:00,30/01/2000 23:00,14.594,14,0.594,91.267
2,26/06/2025 0:00,31/01/2000 0:00,14.594,14,0.594,90.761
2,26/06/2025 1:00,31/01/2000 1:00,14.594,14,0.594,90.254
2,26/06/2025 2:00,31/01/2000 2:00,14.594,14,0.594,92.274
2,26/06/2025 3:00,31/01/2000 3:00,14.594,14.5,0.094,91.771
2,26/06/2025 4:00,31/01/2000 4:00,14.594,14.5,0.094,90.254
2,26/06/2025 5:00,31/01/2000 5:00,15.095,14,1.095,91.771
2,26/06/2025 6:00,31/01/2000 6:00,14.594,13.5,1.094,90.761
2,26/06/2025 7:00,31/01/2000 7:00,14.594,14,0.594,91.771
2,26/06/2025 8:00,31/01/2000 8:00,14.594,13.5,1.094,91.771
2,26/06/2025 9:00,31/01/2000 9:00,14.594,14.5,0.094,92.274
2,26/06/2025 10:00,31/01/2000 10:00,15.095,15.5,-0.405,92.776
2,26/06/2025 11:00,31/01/2000 11:00,15.596,15.5,0.096,92.776
2,26/06/2025 12:00,31/01/2000 12:00,16.096,16.5,-0.404,92.274
2,26/06/2025 13:00,31/01/2000 13:00,17.097,17.5,-0.403,93.275
2,26/06/2025 14:00,31/01/2000 14:00,17.598,17.5,0.098,93.774
2,26/06/2025 15:00,31/01/2000 15:00,17.598,16.5,1.098,92.776
2,26/06/2025 16:00,31/01/2000 16:00,17.598,16.5,1.098,92.776
2,26/06/2025 17:00,31/01/2000 17:00,17.097,16,1.097,93.275
2,26/06/2025 18:00,31/01/2000 18:00,17.097,16,1.097,93.275
2,26/06/2025 19:00,31/01/2000 19:00,16.597,16,0.597,93.275
2,26/06/2025 20:00,31/01/2000 20:00,16.597,16,0.597,93.774
2,26/06/2025 21:00,31/01/2000 21:00,17.097,16.5,0.597,94.271
2,26/06/2025 22:00,31/01/2000 22:00,16.597,16,0.597,94.271
2,26/06/2025 23:00,31/01/2000 23:00,16.597,16,0.597,93.275
2,27/06/2025 0:00,1/02/2000 0:00,16.597,16.5,0.097,94.271
2,27/06/2025 1:00,1/02/2000 1:00,16.597,15.5,1.097,95.26
2,27/06/2025 2:00,1/02/2000 2:00,16.597,16,0.597,95.26
2,27/06/2025 3:00,1/02/2000 3:00,16.597,16,0.597,94.766
2,27/06/2025 4:00,1/02/2000 4:00,16.597,16,0.597,95.26
2,27/06/2025 5:00,1/02/2000 5:00,17.097,16.5,0.597,96.243
2,27/06/2025 6:00,1/02/2000 6:00,17.097,16.5,0.597,96.732
2,27/06/2025 7:00,1/02/2000 7:00,17.097,16.5,0.597,96.732
2,27/06/2025 8:00,1/02/2000 8:00,17.097,16.5,0.597,97.706
2,27/06/2025 9:00,1/02/2000 9:00,17.097,16,1.097,98.19
2,27/06/2025 10:00,1/02/2000 10:00,16.096,15.5,0.596,97.22
2,27/06/2025 11:00,1/02/2000 11:00,16.096,15.5,0.596,97.706
2,27/06/2025 12:00,1/02/2000 12:00,16.096,15.5,0.596,98.19
2,27/06/2025 13:00,1/02/2000 13:00,16.096,15,1.096,97.706
2,27/06/2025 14:00,1/02/2000 14:00,15.596,15.5,0.096,97.706
2,27/06/2025 15:00,1/02/2000 15:00,15.596,15,0.596,98.19
2,27/06/2025 16:00,1/02/2000 16:00,15.596,15.5,0.096,98.674
2,27/06/2025 17:00,1/02/2000 17:00,15.596,15,0.596,97.22
2,27/06/2025 18:00,1/02/2000 18:00,15.095,14,1.095,98.19
2,27/06/2025 19:00,1/02/2000 19:00,14.594,13.5,1.094,98.19
2,27/06/2025 20:00,1/02/2000 20:00,14.094,13.5,0.594,98.674
2,27/06/2025 21:00,1/02/2000 21:00,14.094,13.5,0.594,98.19
2,27/06/2025 22:00,1/02/2000 22:00,13.593,13.5,0.093,98.674
2,27/06/2025 23:00,1/02/2000 23:00,14.094,14,0.094,98.19
2,28/06/2025 0:00,2/02/2000 0:00,14.094,13.5,0.594,99.635
2,28/06/2025 1:00,2/02/2000 1:00,14.094,13.5,0.594,99.155
2,28/06/2025 2:00,2/02/2000 2:00,14.094,13.5,0.594,98.674
2,28/06/2025 3:00,2/02/2000 3:00,13.593,13,0.593,98.674
2,28/06/2025 4:00,2/02/2000 4:00,13.593,13.5,0.093,99.155
2,28/06/2025 5:00,2/02/2000 5:00,13.593,13,0.593,99.155
2,28/06/2025 6:00,2/02/2000 6:00,13.092,13,0.092,99.635
2,28/06/2025 7:00,2/02/2000 7:00,13.092,12.5,0.592,99.155
2,28/06/2025 8:00,2/02/2000 8:00,12.591,13,-0.409,99.155
2,28/06/2025 9:00,2/02/2000 9:00,13.092,13,0.092,99.155
2,28/06/2025 10:00,2/02/2000 10:00,13.092,13,0.092,100.114
2,28/06/2025 11:00,2/02/2000 11:00,14.094,13.5,0.594,99.635
2,28/06/2025 12:00,2/02/2000 12:00,14.594,14,0.594,98.674
2,28/06/2025 13:00,2/02/2000 13:00,15.095,14.5,0.595,97.22
2,28/06/2025 14:00,2/02/2000 14:00,15.095,15,0.095,96.243
2,28/06/2025 15:00,2/02/2000 15:00,15.095,14.5,0.595,89.234
2,28/06/2025 16:00,2/02/2000 16:00,15.095,14.5,0.595,92.776
2,28/06/2025 17:00,2/02/2000 17:00,14.594,14,0.594,92.776
2,28/06/2025 18:00,2/02/2000 18:00,14.094,13.5,0.594,94.271
2,28/06/2025 19:00,2/02/2000 19:00,14.094,13.5,0.594,94.766
2,28/06/2025 20:00,2/02/2000 20:00,13.593,13,0.593,95.752
2,28/06/2025 21:00,2/02/2000 21:00,13.593,13,0.593,95.752
2,28/06/2025 22:00,2/02/2000 22:00,13.593,13,0.593,96.243
2,28/06/2025 23:00,2/02/2000 23:00,13.593,13.5,0.093,96.732
2,29/06/2025 0:00,3/02/2000 0:00,13.593,13.5,0.093,97.22
2,29/06/2025 1:00,3/02/2000 1:00,14.094,13.5,0.594,97.706
2,29/06/2025 2:00,3/02/2000 2:00,13.593,13.5,0.093,96.732
2,29/06/2025 3:00,3/02/2000 3:00,13.593,13.5,0.093,96.243
2,29/06/2025 4:00,3/02/2000 4:00,13.593,13.5,0.093,94.766
2,29/06/2025 5:00,3/02/2000 5:00,13.092,13,0.092,94.766
2,29/06/2025 6:00,3/02/2000 6:00,13.092,13,0.092,92.274
2,29/06/2025 7:00,3/02/2000 7:00,13.092,13,0.092,92.776
2,29/06/2025 8:00,3/02/2000 8:00,13.092,13.5,-0.408,92.776
2,29/06/2025 9:00,3/02/2000 9:00,13.593,14,-0.407,92.776
2,29/06/2025 10:00,3/02/2000 10:00,14.094,14.5,-0.406,88.722
2,29/06/2025 11:00,3/02/2000 11:00,14.594,15,-0.406,89.234
2,29/06/2025 12:00,3/02/2000 12:00,14.594,15,-0.406,87.177
2,29/06/2025 13:00,3/02/2000 13:00,15.596,15.5,0.096,85.618
2,29/06/2025 14:00,3/02/2000 14:00,16.096,16.5,-0.404,79.246
2,29/06/2025 15:00,3/02/2000 15:00,16.597,16,0.597,80.859
2,29/06/2025 16:00,3/02/2000 16:00,15.596,14.5,1.096,83.518
2,29/06/2025 17:00,3/02/2000 17:00,14.594,14,0.594,86.139
2,29/06/2025 18:00,3/02/2000 18:00,14.094,13.5,0.594,87.177
2,29/06/2025 19:00,3/02/2000 19:00,14.094,13,1.094,87.693
2,29/06/2025 20:00,3/02/2000 20:00,13.593,13,0.593,88.208
2,29/06/2025 21:00,3/02/2000 21:00,13.092,12.5,0.592,87.693
2,29/06/2025 22:00,3/02/2000 22:00,12.591,12.5,0.091,90.761
2,29/06/2025 23:00,3/02/2000 23:00,12.591,12.5,0.091,89.234
2,30/06/2025 0:00,4/02/2000 0:00,12.591,12,0.591,90.254
2,30/06/2025 1:00,4/02/2000 1:00,12.091,12,0.091,89.745
2,30/06/2025 2:00,4/02/2000 2:00,12.091,11.5,0.591,90.761
2,30/06/2025 3:00,4/02/2000 3:00,11.59,10.5,1.09,88.722
2,30/06/2025 4:00,4/02/2000 4:00,11.59,11,0.59,89.234
2,30/06/2025 5:00,4/02/2000 5:00,11.089,11.5,-0.411,89.745
2,30/06/2025 6:00,4/02/2000 6:00,11.089,11,0.089,89.745
2,30/06/2025 7:00,4/02/2000 7:00,11.089,11,0.089,91.267
2,30/06/2025 8:00,4/02/2000 8:00,11.089,11,0.089,89.745
2,30/06/2025 9:00,4/02/2000 9:00,11.089,11,0.089,90.761
2,30/06/2025 10:00,4/02/2000 10:00,11.089,12,-0.911,90.254
2,30/06/2025 11:00,4/02/2000 11:00,12.091,13.5,-1.409,90.254
2,30/06/2025 12:00,4/02/2000 12:00,13.593,15,-1.407,89.234
2,30/06/2025 13:00,4/02/2000 13:00,14.594,15,-0.406,86.659
2,30/06/2025 14:00,4/02/2000 14:00,15.095,15.5,-0.405,86.139
2,30/06/2025 15:00,4/02/2000 15:00,15.095,15,0.095,87.177
2,30/06/2025 16:00,4/02/2000 16:00,15.596,15.5,0.096,87.177
2,30/06/2025 17:00,4/02/2000 17:00,15.596,14.5,1.096,87.693
2,30/06/2025 18:00,4/02/2000 18:00,14.594,13,1.594,86.659
2,30/06/2025 19:00,4/02/2000 19:00,14.094,12,2.094,88.208
2,30/06/2025 20:00,4/02/2000 20:00,12.591,11.5,1.091,88.208
2,30/06/2025 21:00,4/02/2000 21:00,12.091,11.5,0.591,87.177
2,30/06/2025 22:00,4/02/2000 22:00,11.59,10.5,1.09,88.208
2,30/06/2025 23:00,4/02/2000 23:00,11.089,10,1.089,88.208
2,1/07/2025 0:00,5/02/2000 0:00,10.588,10,0.588,87.693
2,1/07/2025 1:00,5/02/2000 1:00,10.087,9.5,0.587,89.234
2,1/07/2025 2:00,5/02/2000 2:00,10.087,9.5,0.587,88.208
2,1/07/2025 3:00,5/02/2000 3:00,9.586,9,0.586,87.693
2,1/07/2025 4:00,5/02/2000 4:00,9.085,9,0.085,89.745
2,1/07/2025 5:00,5/02/2000 5:00,9.085,9,0.085,89.234
2,1/07/2025 6:00,5/02/2000 6:00,8.584,8.5,0.084,89.234
2,1/07/2025 7:00,5/02/2000 7:00,8.584,8,0.584,89.745
2,1/07/2025 8:00,5/02/2000 8:00,8.584,9,-0.416,89.745
2,1/07/2025 9:00,5/02/2000 9:00,9.085,9.5,-0.415,89.234
2,1/07/2025 10:00,5/02/2000 10:00,9.586,11,-1.414,89.745
2,1/07/2025 11:00,5/02/2000 11:00,11.089,11.5,-0.411,90.254
2,1/07/2025 12:00,5/02/2000 12:00,12.091,12.5,-0.409,90.254
2,1/07/2025 13:00,5/02/2000 13:00,12.591,13.5,-0.909,90.254
2,1/07/2025 14:00,5/02/2000 14:00,13.092,14,-0.908,90.254
2,1/07/2025 15:00,5/02/2000 15:00,14.094,13.5,0.594,90.254
2,1/07/2025 16:00,5/02/2000 16:00,14.094,13,1.094,89.745
2,1/07/2025 17:00,5/02/2000 17:00,13.593,12.5,1.093,90.254
2,1/07/2025 18:00,5/02/2000 18:00,13.092,12,1.092,90.254
2,1/07/2025 19:00,5/02/2000 19:00,12.591,11.5,1.091,90.254
2,1/07/2025 20:00,5/02/2000 20:00,12.091,11,1.091,89.745
2,1/07/2025 21:00,5/02/2000 21:00,11.59,10.5,1.09,89.234
2,1/07/2025 22:00,5/02/2000 22:00,11.089,10.5,0.589,89.234
2,1/07/2025 23:00,5/02/2000 23:00,11.089,10.5,0.589,89.234
2,2/07/2025 0:00,6/02/2000 0:00,11.089,10.5,0.589,89.745
2,2/07/2025 1:00,6/02/2000 1:00,10.588,10,0.588,89.745
2,2/07/2025 2:00,6/02/2000 2:00,10.588,10,0.588,90.254
2,2/07/2025 3:00,6/02/2000 3:00,10.087,10,0.087,90.254
2,2/07/2025 4:00,6/02/2000 4:00,10.087,10,0.087,89.234
2,2/07/2025 5:00,6/02/2000 5:00,10.087,9.5,0.587,90.254
2,2/07/2025 6:00,6/02/2000 6:00,10.087,9.5,0.587,89.234
2,2/07/2025 7:00,6/02/2000 7:00,10.087,10,0.087,89.745
2,2/07/2025 8:00,6/02/2000 8:00,10.087,10,0.087,90.254
2,2/07/2025 9:00,6/02/2000 9:00,10.588,11.5,-0.912,90.761
2,2/07/2025 10:00,6/02/2000 10:00,12.091,13.5,-1.409,91.771
2,2/07/2025 11:00,6/02/2000 11:00,13.593,15,-1.407,91.771
2,2/07/2025 12:00,6/02/2000 12:00,15.095,15.5,-0.405,91.771
2,2/07/2025 13:00,6/02/2000 13:00,15.596,16,-0.404,90.761
2,2/07/2025 14:00,6/02/2000 14:00,16.096,16,0.096,92.274
2,2/07/2025 15:00,6/02/2000 15:00,16.096,16,0.096,91.771
2,2/07/2025 16:00,6/02/2000 16:00,16.096,15.5,0.596,90.761
2,2/07/2025 17:00,6/02/2000 17:00,16.096,14.5,1.596,91.771
2,2/07/2025 18:00,6/02/2000 18:00,15.596,15,0.596,92.776
2,2/07/2025 19:00,6/02/2000 19:00,15.596,15,0.596,91.771
2,2/07/2025 20:00,6/02/2000 20:00,15.596,15.5,0.096,92.776
2,2/07/2025 21:00,6/02/2000 21:00,15.596,15.5,0.096,92.776
2,2/07/2025 22:00,6/02/2000 22:00,15.596,15.5,0.096,93.275
2,2/07/2025 23:00,6/02/2000 23:00,16.096,15.5,0.596,92.776
2,3/07/2025 0:00,7/02/2000 0:00,16.096,15.5,0.596,92.776
2,3/07/2025 1:00,7/02/2000 1:00,16.096,15.5,0.596,94.271
2,3/07/2025 2:00,7/02/2000 2:00,16.096,15.5,0.596,93.774
2,3/07/2025 3:00,7/02/2000 3:00,16.096,15.5,0.596,94.271
2,3/07/2025 4:00,7/02/2000 4:00,16.597,16,0.597,94.766
2,3/07/2025 5:00,7/02/2000 5:00,16.597,16,0.597,95.26
2,3/07/2025 6:00,7/02/2000 6:00,16.597,16,0.597,95.26
2,3/07/2025 7:00,7/02/2000 7:00,16.597,16.5,0.097,95.752
2,3/07/2025 8:00,7/02/2000 8:00,17.097,16.5,0.597,96.243
2,3/07/2025 9:00,7/02/2000 9:00,17.097,17,0.097,97.22
2,3/07/2025 10:00,7/02/2000 10:00,17.097,17,0.097,97.22
2,3/07/2025 11:00,7/02/2000 11:00,17.598,17.5,0.098,97.706
2,3/07/2025 12:00,7/02/2000 12:00,17.598,17,0.598,98.674
2,3/07/2025 13:00,7/02/2000 13:00,17.598,17,0.598,98.674
2,3/07/2025 14:00,7/02/2000 14:00,17.598,17,0.598,98.674
2,3/07/2025 15:00,7/02/2000 15:00,17.598,17.5,0.098,98.674
2,3/07/2025 16:00,7/02/2000 16:00,18.098,17.5,0.598,99.635
2,3/07/2025 17:00,7/02/2000 17:00,18.599,18,0.599,98.674
2,3/07/2025 18:00,7/02/2000 18:00,18.599,18,0.599,98.19
2,3/07/2025 19:00,7/02/2000 19:00,18.098,17,1.098,98.674
2,3/07/2025 20:00,7/02/2000 20:00,17.598,16.5,1.098,98.674
2,3/07/2025 21:00,7/02/2000 21:00,17.097,16,1.097,99.155
2,3/07/2025 22:00,7/02/2000 22:00,16.597,16,0.597,99.155
2,3/07/2025 23:00,7/02/2000 23:00,16.096,15.5,0.596,99.155
2,4/07/2025 0:00,8/02/2000 0:00,16.096,15.5,0.596,99.635
2,4/07/2025 1:00,8/02/2000 1:00,15.596,15,0.596,99.635
2,4/07/2025 2:00,8/02/2000 2:00,15.596,15.5,0.096,99.155
2,4/07/2025 3:00,8/02/2000 3:00,15.596,15,0.596,99.155
2,4/07/2025 4:00,8/02/2000 4:00,15.596,15,0.596,100.114
2,4/07/2025 5:00,8/02/2000 5:00,15.596,14.5,1.096,100.591
2,4/07/2025 6:00,8/02/2000 6:00,15.095,15,0.095,99.635
2,4/07/2025 7:00,8/02/2000 7:00,15.095,14.5,0.595,100.114
2,4/07/2025 8:00,8/02/2000 8:00,15.095,15,0.095,100.591
2,4/07/2025 9:00,8/02/2000 9:00,15.095,15.5,-0.405,99.635
2,4/07/2025 10:00,8/02/2000 10:00,16.096,16,0.096,99.635
2,4/07/2025 11:00,8/02/2000 11:00,17.097,16.5,0.597,99.635
2,4/07/2025 12:00,8/02/2000 12:00,17.598,17,0.598,99.635
2,4/07/2025 13:00,8/02/2000 13:00,17.598,17,0.598,99.155
2,4/07/2025 14:00,8/02/2000 14:00,17.598,17,0.598,98.674
2,4/07/2025 15:00,8/02/2000 15:00,18.098,17.5,0.598,98.674
2,4/07/2025 16:00,8/02/2000 16:00,18.098,17,1.098,99.635
2,4/07/2025 17:00,8/02/2000 17:00,17.598,16.5,1.098,99.155
2,4/07/2025 18:00,8/02/2000 18:00,17.097,16,1.097,98.674
2,4/07/2025 19:00,8/02/2000 19:00,16.597,16,0.597,100.114
2,4/07/2025 20:00,8/02/2000 20:00,16.096,15.5,0.596,100.114
2,4/07/2025 21:00,8/02/2000 21:00,16.096,15.5,0.596,99.635
2,4/07/2025 22:00,8/02/2000 22:00,15.596,15.5,0.096,99.635
2,4/07/2025 23:00,8/02/2000 23:00,15.596,16,-0.404,99.635
2,5/07/2025 0:00,9/02/2000 0:00,16.096,15.5,0.596,99.155
2,5/07/2025 1:00,9/02/2000 1:00,15.596,15,0.596,100.114
2,5/07/2025 2:00,9/02/2000 2:00,15.596,15,0.596,100.114
2,5/07/2025 3:00,9/02/2000 3:00,15.596,15,0.596,99.635
2,5/07/2025 4:00,9/02/2000 4:00,15.596,15,0.596,100.591
2,5/07/2025 5:00,9/02/2000 5:00,15.095,15,0.095,101.067
2,5/07/2025 6:00,9/02/2000 6:00,15.095,14,1.095,100.114
2,5/07/2025 7:00,9/02/2000 7:00,14.594,14,0.594,101.541
2,5/07/2025 8:00,9/02/2000 8:00,14.594,14.5,0.094,100.591
2,5/07/2025 9:00,9/02/2000 9:00,14.594,14.5,0.094,101.067
2,5/07/2025 10:00,9/02/2000 10:00,15.095,15,0.095,101.067
2,5/07/2025 11:00,9/02/2000 11:00,15.596,15.5,0.096,100.591
2,5/07/2025 12:00,9/02/2000 12:00,16.096,16,0.096,99.155
2,5/07/2025 13:00,9/02/2000 13:00,16.096,16,0.096,100.114
2,5/07/2025 14:00,9/02/2000 14:00,16.597,16,0.597,99.635
2,5/07/2025 15:00,9/02/2000 15:00,16.597,16.5,0.097,99.635
2,5/07/2025 16:00,9/02/2000 16:00,16.597,16,0.597,99.635
2,5/07/2025 17:00,9/02/2000 17:00,16.597,15.5,1.097,98.674
2,5/07/2025 18:00,9/02/2000 18:00,16.096,15.5,0.596,99.155
2,5/07/2025 19:00,9/02/2000 19:00,15.596,15,0.596,99.155
2,5/07/2025 20:00,9/02/2000 20:00,15.095,14.5,0.595,100.591
2,5/07/2025 21:00,9/02/2000 21:00,15.095,14,1.095,99.635
2,5/07/2025 22:00,9/02/2000 22:00,14.594,14.5,0.094,99.155
2,5/07/2025 23:00,9/02/2000 23:00,14.594,14,0.594,101.067
2,6/07/2025 0:00,10/02/2000 0:00,14.594,14,0.594,100.114
2,6/07/2025 1:00,10/02/2000 1:00,14.094,14,0.094,101.067
2,6/07/2025 2:00,10/02/2000 2:00,14.094,14,0.094,100.591
2,6/07/2025 3:00,10/02/2000 3:00,14.094,14,0.094,100.591
2,6/07/2025 4:00,10/02/2000 4:00,14.094,13.5,0.594,101.067
2,6/07/2025 5:00,10/02/2000 5:00,13.593,13,0.593,101.067
2,6/07/2025 6:00,10/02/2000 6:00,13.092,13,0.092,101.541
2,6/07/2025 7:00,10/02/2000 7:00,13.092,12.5,0.592,101.541
2,6/07/2025 8:00,10/02/2000 8:00,13.092,13,0.092,101.541
2,6/07/2025 9:00,10/02/2000 9:00,13.092,13,0.092,101.541
2,6/07/2025 10:00,10/02/2000 10:00,13.092,13.5,-0.408,101.541
2,6/07/2025 11:00,10/02/2000 11:00,13.593,14,-0.407,100.591
2,6/07/2025 12:00,10/02/2000 12:00,14.094,14.5,-0.406,101.541
2,6/07/2025 13:00,10/02/2000 13:00,14.594,15,-0.406,100.114
2,6/07/2025 14:00,10/02/2000 14:00,14.594,15,-0.406,101.541
2,6/07/2025 15:00,10/02/2000 15:00,14.594,15,-0.406,100.114
2,6/07/2025 16:00,10/02/2000 16:00,15.095,14.5,0.595,101.067
2,6/07/2025 17:00,10/02/2000 17:00,14.594,14,0.594,102.484
2,6/07/2025 18:00,10/02/2000 18:00,14.094,13.5,0.594,102.013
2,6/07/2025 19:00,10/02/2000 19:00,13.593,13,0.593,102.013
2,6/07/2025 20:00,10/02/2000 20:00,13.092,12,1.092,100.114
2,6/07/2025 21:00,10/02/2000 21:00,12.591,11.5,1.091,100.591
2,6/07/2025 22:00,10/02/2000 22:00,11.59,11,0.59,101.067
2,6/07/2025 23:00,10/02/2000 23:00,11.089,10,1.089,101.067
2,7/07/2025 0:00,11/02/2000 0:00,10.087,9.5,0.587,101.541
2,7/07/2025 1:00,11/02/2000 1:00,9.586,9.5,0.086,102.484
2,7/07/2025 2:00,11/02/2000 2:00,9.085,9,0.085,102.013
2,7/07/2025 3:00,11/02/2000 3:00,8.584,9,-0.416,101.541
2,7/07/2025 4:00,11/02/2000 4:00,8.584,8.5,0.084,102.484
2,7/07/2025 5:00,11/02/2000 5:00,8.083,8,0.083,101.541
2,7/07/2025 6:00,11/02/2000 6:00,8.083,8,0.083,102.484
2,7/07/2025 7:00,11/02/2000 7:00,7.582,7.5,0.082,102.484
2,7/07/2025 8:00,11/02/2000 8:00,7.582,8,-0.418,102.013
2,7/07/2025 9:00,11/02/2000 9:00,7.582,8.5,-0.918,101.541
2,7/07/2025 10:00,11/02/2000 10:00,8.083,9.5,-1.417,102.013
2,7/07/2025 11:00,11/02/2000 11:00,9.085,11,-1.915,102.484
2,7/07/2025 12:00,11/02/2000 12:00,10.588,12,-1.412,102.484
2,7/07/2025 13:00,11/02/2000 13:00,11.59,12.5,-0.91,101.541
2,7/07/2025 14:00,11/02/2000 14:00,12.091,13,-0.909,101.541
2,7/07/2025 15:00,11/02/2000 15:00,12.591,13,-0.409,101.067
2,7/07/2025 16:00,11/02/2000 16:00,13.092,12.5,0.592,101.541
2,7/07/2025 17:00,11/02/2000 17:00,13.092,12,1.092,101.541
2,7/07/2025 18:00,11/02/2000 18:00,12.591,11.5,1.091,101.541
2,7/07/2025 19:00,11/02/2000 19:00,11.59,11,0.59,101.067
2,7/07/2025 20:00,11/02/2000 20:00,11.089,10.5,0.589,101.541
2,7/07/2025 21:00,11/02/2000 21:00,10.087,9.5,0.587,102.484
2,7/07/2025 22:00,11/02/2000 22:00,9.586,9,0.586,102.484
2,7/07/2025 23:00,11/02/2000 23:00,9.085,8,1.085,101.541
2,8/07/2025 0:00,12/02/2000 0:00,8.584,9,-0.416,100.591
2,8/07/2025 1:00,12/02/2000 1:00,8.584,8.5,0.084,101.541
2,8/07/2025 2:00,12/02/2000 2:00,8.584,8.5,0.084,101.067
2,8/07/2025 3:00,12/02/2000 3:00,8.584,8.5,0.084,101.541
2,8/07/2025 4:00,12/02/2000 4:00,8.584,9.5,-0.916,101.541
2,8/07/2025 5:00,12/02/2000 5:00,9.085,9.5,-0.415,101.541
2,8/07/2025 6:00,12/02/2000 6:00,9.586,9.5,0.086,102.013
2,8/07/2025 7:00,12/02/2000 7:00,9.586,9.5,0.086,102.013
2,8/07/2025 8:00,12/02/2000 8:00,9.586,9.5,0.086,102.013
2,8/07/2025 9:00,12/02/2000 9:00,9.586,9.5,0.086,102.484
2,8/07/2025 10:00,12/02/2000 10:00,10.087,10.5,-0.413,102.013
2,8/07/2025 11:00,12/02/2000 11:00,11.089,12.5,-1.411,101.067
2,8/07/2025 12:00,12/02/2000 12:00,12.091,13.5,-1.409,101.541
2,8/07/2025 13:00,12/02/2000 13:00,13.092,13.5,-0.408,101.541
2,8/07/2025 14:00,12/02/2000 14:00,13.593,13.5,0.093,101.067
2,8/07/2025 15:00,12/02/2000 15:00,14.094,13.5,0.594,101.067
2,8/07/2025 16:00,12/02/2000 16:00,14.094,13,1.094,101.067
2,8/07/2025 17:00,12/02/2000 17:00,13.593,12.5,1.093,101.541
2,8/07/2025 18:00,12/02/2000 18:00,13.593,12.5,1.093,101.067
2,8/07/2025 19:00,12/02/2000 19:00,13.092,12.5,0.592,102.013
2,8/07/2025 20:00,12/02/2000 20:00,13.092,12.5,0.592,101.067
2,8/07/2025 21:00,12/02/2000 21:00,13.092,12.5,0.592,101.541
2,8/07/2025 22:00,12/02/2000 22:00,13.092,12.5,0.592,99.635
2,8/07/2025 23:00,12/02/2000 23:00,13.092,12.5,0.592,101.541
2,9/07/2025 0:00,13/02/2000 0:00,13.092,12.5,0.592,101.067
2,9/07/2025 1:00,13/02/2000 1:00,13.092,12.5,0.592,101.067
2,9/07/2025 2:00,13/02/2000 2:00,13.092,12.5,0.592,101.067
2,9/07/2025 3:00,13/02/2000 3:00,13.092,12.5,0.592,102.013
2,9/07/2025 4:00,13/02/2000 4:00,13.092,12.5,0.592,100.591
2,9/07/2025 5:00,13/02/2000 5:00,12.591,12.5,0.091,101.541
2,9/07/2025 6:00,13/02/2000 6:00,12.591,12,0.591,101.541
2,9/07/2025 7:00,13/02/2000 7:00,12.591,12.5,0.091,101.067
2,9/07/2025 8:00,13/02/2000 8:00,12.591,12.5,0.091,100.114
2,9/07/2025 9:00,13/02/2000 9:00,13.092,12.5,0.592,101.541
2,9/07/2025 10:00,13/02/2000 10:00,13.092,13,0.092,101.541
2,9/07/2025 11:00,13/02/2000 11:00,13.593,13.5,0.093,101.067
2,9/07/2025 12:00,13/02/2000 12:00,13.593,13.5,0.093,101.541
2,9/07/2025 13:00,13/02/2000 13:00,14.094,14,0.094,100.114
2,9/07/2025 14:00,13/02/2000 14:00,14.594,14,0.594,101.067
2,9/07/2025 15:00,13/02/2000 15:00,14.594,14,0.594,101.067
2,9/07/2025 16:00,13/02/2000 16:00,14.594,14,0.594,101.541
2,9/07/2025 17:00,13/02/2000 17:00,14.594,13.5,1.094,100.591
2,9/07/2025 18:00,13/02/2000 18:00,14.094,13.5,0.594,100.591
2,9/07/2025 19:00,13/02/2000 19:00,14.094,13,1.094,100.591
2,9/07/2025 20:00,13/02/2000 20:00,13.593,13.5,0.093,100.591
2,9/07/2025 21:00,13/02/2000 21:00,13.593,13.5,0.093,101.541
2,9/07/2025 22:00,13/02/2000 22:00,14.094,13.5,0.594,101.067
2,9/07/2025 23:00,13/02/2000 23:00,14.094,13.5,0.594,101.541
2,10/07/2025 0:00,14/02/2000 0:00,14.094,14,0.094,101.541
2,10/07/2025 1:00,14/02/2000 1:00,14.094,13.5,0.594,101.541
2,10/07/2025 2:00,14/02/2000 2:00,14.094,13.5,0.594,101.067
2,10/07/2025 3:00,14/02/2000 3:00,14.094,13.5,0.594,101.067
2,10/07/2025 4:00,14/02/2000 4:00,14.094,13.5,0.594,100.591
2,10/07/2025 5:00,14/02/2000 5:00,13.593,13.5,0.093,101.541
2,10/07/2025 6:00,14/02/2000 6:00,14.094,13.5,0.594,101.541
2,10/07/2025 7:00,14/02/2000 7:00,14.094,14,0.094,101.541
2,10/07/2025 8:00,14/02/2000 8:00,14.094,14,0.094,100.591
2,10/07/2025 9:00,14/02/2000 9:00,14.594,15,-0.406,99.635
2,10/07/2025 10:00,14/02/2000 10:00,15.095,15.5,-0.405,100.591
2,10/07/2025 11:00,14/02/2000 11:00,15.596,15.5,0.096,101.541
2,10/07/2025 12:00,14/02/2000 12:00,15.596,15.5,0.096,100.591
2,10/07/2025 13:00,14/02/2000 13:00,16.096,15,1.096,100.591
2,10/07/2025 14:00,14/02/2000 14:00,15.596,16,-0.404,101.067
2,10/07/2025 15:00,14/02/2000 15:00,16.096,16,0.096,100.114
2,10/07/2025 16:00,14/02/2000 16:00,16.096,15.5,0.596,100.114
2,10/07/2025 17:00,14/02/2000 17:00,16.096,15.5,0.596,100.114
2,10/07/2025 18:00,14/02/2000 18:00,16.096,15.5,0.596,100.114
2,10/07/2025 19:00,14/02/2000 19:00,15.596,15,0.596,100.591
2,10/07/2025 20:00,14/02/2000 20:00,15.596,15.5,0.096,101.067
2,10/07/2025 21:00,14/02/2000 21:00,15.596,15.5,0.096,100.114
2,10/07/2025 22:00,14/02/2000 22:00,15.596,15.5,0.096,101.067
2,10/07/2025 23:00,14/02/2000 23:00,15.596,15.5,0.096,100.591
2,11/07/2025 0:00,15/02/2000 0:00,15.596,15.5,0.096,100.591
2,11/07/2025 1:00,15/02/2000 1:00,16.096,15.5,0.596,101.067
2,11/07/2025 2:00,15/02/2000 2:00,16.096,15.5,0.596,100.114
2,11/07/2025 3:00,15/02/2000 3:00,16.096,15.5,0.596,100.114
2,11/07/2025 4:00,15/02/2000 4:00,16.096,15.5,0.596,99.635
2,11/07/2025 5:00,15/02/2000 5:00,16.096,15.5,0.596,99.635
2,11/07/2025 6:00,15/02/2000 6:00,16.096,15.5,0.596,100.114
2,11/07/2025 7:00,15/02/2000 7:00,16.096,15.5,0.596,100.114
2,11/07/2025 8:00,15/02/2000 8:00,16.096,15.5,0.596,99.155
2,11/07/2025 9:00,15/02/2000 9:00,16.096,16,0.096,100.114
2,11/07/2025 10:00,15/02/2000 10:00,16.096,16,0.096,100.114
2,11/07/2025 11:00,15/02/2000 11:00,16.096,15.5,0.596,100.114
2,11/07/2025 12:00,15/02/2000 12:00,16.096,15.5,0.596,98.674
2,11/07/2025 13:00,15/02/2000 13:00,16.096,15.5,0.596,99.635
2,11/07/2025 14:00,15/02/2000 14:00,15.596,15,0.596,99.635
2,11/07/2025 15:00,15/02/2000 15:00,15.596,15.5,0.096,100.114
2,11/07/2025 16:00,15/02/2000 16:00,16.096,15.5,0.596,100.591
2,11/07/2025 17:00,15/02/2000 17:00,15.596,14.5,1.096,99.635
2,11/07/2025 18:00,15/02/2000 18:00,15.095,14.5,0.595,100.114
2,11/07/2025 19:00,15/02/2000 19:00,14.594,14.5,0.094,98.674
2,11/07/2025 20:00,15/02/2000 20:00,14.594,14,0.594,101.541
2,11/07/2025 21:00,15/02/2000 21:00,14.594,14,0.594,100.591
2,11/07/2025 22:00,15/02/2000 22:00,14.094,14,0.094,100.114
2,11/07/2025 23:00,15/02/2000 23:00,14.094,14,0.094,100.591
2,12/07/2025 0:00,16/02/2000 0:00,14.094,13,1.094,101.067
2,12/07/2025 1:00,16/02/2000 1:00,13.593,13,0.593,101.067
2,12/07/2025 2:00,16/02/2000 2:00,13.092,12.5,0.592,101.067
2,12/07/2025 3:00,16/02/2000 3:00,12.591,12.5,0.091,101.067
2,12/07/2025 4:00,16/02/2000 4:00,12.091,12,0.091,102.013
2,12/07/2025 5:00,16/02/2000 5:00,12.091,12,0.091,100.591
2,12/07/2025 6:00,16/02/2000 6:00,11.59,11.5,0.09,101.541
2,12/07/2025 7:00,16/02/2000 7:00,11.59,11,0.59,101.067
3,7/06/2025 5:00,12/01/2000 5:00,13.594,13,0.594,68.748
3,7/06/2025 6:00,12/01/2000 6:00,13.093,12.5,0.593,69.341
3,7/06/2025 7:00,12/01/2000 7:00,12.592,12.5,0.092,69.341
3,7/06/2025 8:00,12/01/2000 8:00,12.592,12.5,0.092,69.341
3,7/06/2025 9:00,12/01/2000 9:00,13.093,13,0.093,69.341
3,7/06/2025 10:00,12/01/2000 10:00,13.594,13.5,0.094,69.341
3,7/06/2025 11:00,12/01/2000 11:00,15.097,14.5,0.597,71.112
3,7/06/2025 12:00,12/01/2000 12:00,11.589,10,1.589,83.751
3,7/06/2025 13:00,12/01/2000 13:00,11.589,11,0.589,87.092
3,7/06/2025 14:00,12/01/2000 14:00,12.09,11.5,0.59,86.538
3,7/06/2025 15:00,12/01/2000 15:00,11.589,11,0.589,87.092
3,7/06/2025 16:00,12/01/2000 16:00,11.589,10,1.589,87.644
3,7/06/2025 17:00,12/01/2000 17:00,11.088,9.5,1.588,87.644
3,7/06/2025 18:00,12/01/2000 18:00,10.586,9,1.586,87.092
3,7/06/2025 19:00,12/01/2000 19:00,10.085,8.5,1.585,87.092
3,7/06/2025 20:00,12/01/2000 20:00,9.583,9,0.583,87.092
3,7/06/2025 21:00,12/01/2000 21:00,9.583,9,0.583,87.092
3,7/06/2025 22:00,12/01/2000 22:00,10.085,9.5,0.585,87.644
3,7/06/2025 23:00,12/01/2000 23:00,10.085,9,1.085,88.744
3,8/06/2025 0:00,13/01/2000 0:00,9.583,9,0.583,89.84
3,8/06/2025 1:00,13/01/2000 1:00,9.082,8,1.082,88.744
3,8/06/2025 2:00,13/01/2000 2:00,8.58,7.5,1.08,89.84
3,8/06/2025 3:00,13/01/2000 3:00,8.58,7,1.58,90.931
3,8/06/2025 4:00,13/01/2000 4:00,8.078,6.5,1.578,89.293
3,8/06/2025 5:00,13/01/2000 5:00,7.577,6.5,1.077,90.386
3,8/06/2025 6:00,13/01/2000 6:00,7.075,6,1.075,90.931
3,8/06/2025 7:00,13/01/2000 7:00,7.075,5.5,1.575,90.931
3,8/06/2025 8:00,13/01/2000 8:00,6.573,6,0.573,90.386
3,8/06/2025 9:00,13/01/2000 9:00,6.573,6.5,0.073,91.474
3,8/06/2025 10:00,13/01/2000 10:00,7.577,9,-1.423,90.931
3,8/06/2025 11:00,13/01/2000 11:00,9.583,10,-0.417,93.634
3,8/06/2025 12:00,13/01/2000 12:00,10.586,11,-0.414,94.171
3,8/06/2025 13:00,13/01/2000 13:00,12.09,12,0.09,94.171
3,8/06/2025 14:00,13/01/2000 14:00,12.09,11.5,0.59,93.634
3,8/06/2025 15:00,13/01/2000 15:00,12.592,11.5,1.092,93.634
3,8/06/2025 16:00,13/01/2000 16:00,12.09,11.5,0.59,92.557
3,8/06/2025 17:00,13/01/2000 17:00,12.09,11,1.09,93.096
3,8/06/2025 18:00,13/01/2000 18:00,11.589,10,1.589,92.557
3,8/06/2025 19:00,13/01/2000 19:00,11.088,10,1.088,93.096
3,8/06/2025 20:00,13/01/2000 20:00,10.586,9.5,1.086,92.557
3,8/06/2025 21:00,13/01/2000 21:00,10.586,10,0.586,93.096
3,8/06/2025 22:00,13/01/2000 22:00,10.586,10,0.586,92.557
3,8/06/2025 23:00,13/01/2000 23:00,10.586,10,0.586,93.096
3,9/06/2025 0:00,14/01/2000 0:00,10.586,10.5,0.086,93.096
3,9/06/2025 1:00,14/01/2000 1:00,11.589,12,-0.411,95.242
3,9/06/2025 2:00,14/01/2000 2:00,12.09,11.5,0.59,95.242
3,9/06/2025 3:00,14/01/2000 3:00,12.09,11.5,0.59,94.707
3,9/06/2025 4:00,14/01/2000 4:00,11.589,10.5,1.089,94.171
3,9/06/2025 5:00,14/01/2000 5:00,11.589,11,0.589,94.171
3,9/06/2025 6:00,14/01/2000 6:00,11.589,11,0.589,95.242
3,9/06/2025 7:00,14/01/2000 7:00,11.589,11.5,0.089,96.307
3,9/06/2025 8:00,14/01/2000 8:00,12.09,12,0.09,95.775
3,9/06/2025 9:00,14/01/2000 9:00,12.592,13,-0.408,96.837
3,9/06/2025 10:00,14/01/2000 10:00,13.594,14,-0.406,96.837
3,9/06/2025 11:00,14/01/2000 11:00,14.596,15,-0.404,97.367
3,9/06/2025 12:00,14/01/2000 12:00,15.598,16,-0.402,96.307
3,9/06/2025 13:00,14/01/2000 13:00,16.6,17,-0.4,90.386
3,9/06/2025 14:00,14/01/2000 14:00,17.101,17,0.101,89.84
3,9/06/2025 15:00,14/01/2000 15:00,16.6,17,-0.4,90.931
3,9/06/2025 16:00,14/01/2000 16:00,16.6,16,0.6,90.931
3,9/06/2025 17:00,14/01/2000 17:00,16.099,15,1.099,91.474
3,9/06/2025 18:00,14/01/2000 18:00,15.598,14,1.598,91.474
3,9/06/2025 19:00,14/01/2000 19:00,14.596,14,0.596,92.557
3,9/06/2025 20:00,14/01/2000 20:00,14.095,13,1.095,92.557
3,9/06/2025 21:00,14/01/2000 21:00,13.594,12,1.594,92.016
3,9/06/2025 22:00,14/01/2000 22:00,13.093,12,1.093,92.557
3,9/06/2025 23:00,14/01/2000 23:00,12.09,11.5,0.59,93.096
3,10/06/2025 0:00,15/01/2000 0:00,12.09,11,1.09,93.096
3,10/06/2025 1:00,15/01/2000 1:00,11.589,10.5,1.089,92.557
3,10/06/2025 2:00,15/01/2000 2:00,11.589,10.5,1.089,92.557
3,10/06/2025 3:00,15/01/2000 3:00,11.088,10,1.088,92.016
3,10/06/2025 4:00,15/01/2000 4:00,10.586,10,0.586,92.557
3,10/06/2025 5:00,15/01/2000 5:00,10.085,8.5,1.585,92.557
3,10/06/2025 6:00,15/01/2000 6:00,10.085,9,1.085,92.557
3,10/06/2025 7:00,15/01/2000 7:00,10.085,9.5,0.585,93.634
3,10/06/2025 8:00,15/01/2000 8:00,10.085,10,0.085,93.634
3,10/06/2025 9:00,15/01/2000 9:00,10.586,11,-0.414,93.634
3,10/06/2025 10:00,15/01/2000 10:00,11.589,11.5,0.089,94.171
3,10/06/2025 11:00,15/01/2000 11:00,12.09,12,0.09,93.096
3,10/06/2025 12:00,15/01/2000 12:00,12.592,13,-0.408,95.242
3,10/06/2025 13:00,15/01/2000 13:00,13.594,14.5,-0.906,95.775
3,10/06/2025 14:00,15/01/2000 14:00,14.596,15.5,-0.904,95.775
3,10/06/2025 15:00,15/01/2000 15:00,15.598,16,-0.402,95.242
3,10/06/2025 16:00,15/01/2000 16:00,16.6,16,0.6,95.242
3,10/06/2025 17:00,15/01/2000 17:00,16.6,16,0.6,95.775
3,10/06/2025 18:00,15/01/2000 18:00,16.6,16,0.6,95.242
3,10/06/2025 19:00,15/01/2000 19:00,16.6,16,0.6,95.775
3,10/06/2025 20:00,15/01/2000 20:00,16.6,16,0.6,95.775
3,10/06/2025 21:00,15/01/2000 21:00,16.6,16.5,0.1,95.242
3,10/06/2025 22:00,15/01/2000 22:00,17.101,16.5,0.601,96.307
3,10/06/2025 23:00,15/01/2000 23:00,16.6,16,0.6,95.775
3,11/06/2025 0:00,16/01/2000 0:00,16.6,16,0.6,94.707
3,11/06/2025 1:00,16/01/2000 1:00,16.6,16,0.6,96.307
3,11/06/2025 2:00,16/01/2000 2:00,16.6,15.5,1.1,96.307
3,11/06/2025 3:00,16/01/2000 3:00,15.598,15,0.598,95.775
3,11/06/2025 4:00,16/01/2000 4:00,15.097,14.5,0.597,96.307
3,11/06/2025 5:00,16/01/2000 5:00,15.097,14,1.097,96.307
3,11/06/2025 6:00,16/01/2000 6:00,14.596,13.5,1.096,96.837
3,11/06/2025 7:00,16/01/2000 7:00,14.095,13,1.095,96.307
3,11/06/2025 8:00,16/01/2000 8:00,13.594,13,0.594,97.367
3,11/06/2025 9:00,16/01/2000 9:00,13.594,13.5,0.094,97.367
3,11/06/2025 10:00,16/01/2000 10:00,14.095,14.5,-0.405,97.367
3,11/06/2025 11:00,16/01/2000 11:00,15.097,15,0.097,97.895
3,11/06/2025 12:00,16/01/2000 12:00,15.598,16,-0.402,97.895
3,11/06/2025 13:00,16/01/2000 13:00,16.099,15.5,0.599,97.367
3,11/06/2025 14:00,16/01/2000 14:00,16.6,16,0.6,92.557
3,11/06/2025 15:00,16/01/2000 15:00,16.099,16.5,-0.401,92.016
3,11/06/2025 16:00,16/01/2000 16:00,16.099,16,0.099,92.557
3,11/06/2025 17:00,16/01/2000 17:00,16.099,15.5,0.599,92.016
3,11/06/2025 18:00,16/01/2000 18:00,15.598,15,0.598,94.707
3,11/06/2025 19:00,16/01/2000 19:00,15.097,14,1.097,94.707
3,11/06/2025 20:00,16/01/2000 20:00,14.596,14,0.596,95.242
3,11/06/2025 21:00,16/01/2000 21:00,14.596,13.5,1.096,95.242
3,11/06/2025 22:00,16/01/2000 22:00,14.095,13.5,0.595,95.775
3,11/06/2025 23:00,16/01/2000 23:00,14.095,13.5,0.595,95.775
3,12/06/2025 0:00,17/01/2000 0:00,13.594,13,0.594,95.775
3,12/06/2025 1:00,17/01/2000 1:00,13.594,13,0.594,95.775
3,12/06/2025 2:00,17/01/2000 2:00,13.594,13,0.594,96.307
3,12/06/2025 3:00,17/01/2000 3:00,13.594,13,0.594,95.775
3,12/06/2025 4:00,17/01/2000 4:00,13.594,13,0.594,95.775
3,12/06/2025 5:00,17/01/2000 5:00,13.594,13,0.594,96.837
3,12/06/2025 6:00,17/01/2000 6:00,13.594,13.5,0.094,95.775
3,12/06/2025 7:00,17/01/2000 7:00,13.594,12.5,1.094,96.307
3,12/06/2025 8:00,17/01/2000 8:00,13.093,12.5,0.593,96.837
3,12/06/2025 9:00,17/01/2000 9:00,13.093,13,0.093,96.837
3,12/06/2025 10:00,17/01/2000 10:00,13.594,14,-0.406,97.367
3,12/06/2025 11:00,17/01/2000 11:00,14.596,14.5,0.096,97.367
3,12/06/2025 12:00,17/01/2000 12:00,15.097,15.5,-0.403,97.895
3,12/06/2025 13:00,17/01/2000 13:00,15.598,16,-0.402,95.775
3,12/06/2025 14:00,17/01/2000 14:00,16.099,16.5,-0.401,93.096
3,12/06/2025 15:00,17/01/2000 15:00,16.099,17,-0.901,92.016
3,12/06/2025 16:00,17/01/2000 16:00,16.6,16.5,0.1,93.634
3,12/06/2025 17:00,17/01/2000 17:00,16.099,15.5,0.599,92.016
3,12/06/2025 18:00,17/01/2000 18:00,15.598,14.5,1.098,93.096
3,12/06/2025 19:00,17/01/2000 19:00,15.097,14.5,0.597,93.634
3,12/06/2025 20:00,17/01/2000 20:00,14.596,14,0.596,93.634
3,12/06/2025 21:00,17/01/2000 21:00,14.095,13,1.095,93.634
3,12/06/2025 22:00,17/01/2000 22:00,13.594,12.5,1.094,94.171
3,12/06/2025 23:00,17/01/2000 23:00,13.594,12.5,1.094,94.707
3,13/06/2025 0:00,18/01/2000 0:00,13.093,12.5,0.593,94.707
3,13/06/2025 1:00,18/01/2000 1:00,13.093,12.5,0.593,94.707
3,13/06/2025 2:00,18/01/2000 2:00,13.093,12,1.093,94.707
3,13/06/2025 3:00,18/01/2000 3:00,12.592,12,0.592,95.775
3,13/06/2025 4:00,18/01/2000 4:00,12.592,12,0.592,95.242
3,13/06/2025 5:00,18/01/2000 5:00,12.592,12,0.592,95.775
3,13/06/2025 6:00,18/01/2000 6:00,12.592,12,0.592,96.837
3,13/06/2025 7:00,18/01/2000 7:00,12.592,12,0.592,96.307
3,13/06/2025 8:00,18/01/2000 8:00,12.592,13,-0.408,96.837
3,13/06/2025 9:00,18/01/2000 9:00,13.093,13,0.093,96.837
3,13/06/2025 10:00,18/01/2000 10:00,13.594,13.5,0.094,97.895
3,13/06/2025 11:00,18/01/2000 11:00,14.095,14.5,-0.405,97.895
3,13/06/2025 12:00,18/01/2000 12:00,14.596,15.5,-0.904,94.707
3,13/06/2025 13:00,18/01/2000 13:00,15.598,16,-0.402,90.386
3,13/06/2025 14:00,18/01/2000 14:00,15.598,16.5,-0.902,86.538
3,13/06/2025 15:00,18/01/2000 15:00,15.598,16,-0.402,88.744
3,13/06/2025 16:00,18/01/2000 16:00,15.598,15.5,0.098,88.744
3,13/06/2025 17:00,18/01/2000 17:00,14.596,13.5,1.096,92.016
3,13/06/2025 18:00,18/01/2000 18:00,14.095,13.5,0.595,93.096
3,13/06/2025 19:00,18/01/2000 19:00,13.594,12.5,1.094,92.557
3,13/06/2025 20:00,18/01/2000 20:00,12.592,12,0.592,92.557
3,13/06/2025 21:00,18/01/2000 21:00,12.592,11.5,1.092,93.096
3,13/06/2025 22:00,18/01/2000 22:00,12.09,11,1.09,93.096
3,13/06/2025 23:00,18/01/2000 23:00,12.09,10.5,1.59,93.096
3,14/06/2025 0:00,19/01/2000 0:00,11.589,11,0.589,93.634
3,14/06/2025 1:00,19/01/2000 1:00,11.589,10.5,1.089,94.171
3,14/06/2025 2:00,19/01/2000 2:00,11.088,10,1.088,93.096
3,14/06/2025 3:00,19/01/2000 3:00,10.586,9.5,1.086,94.707
3,14/06/2025 4:00,19/01/2000 4:00,10.586,10,0.586,94.707
3,14/06/2025 5:00,19/01/2000 5:00,10.586,9.5,1.086,94.707
3,14/06/2025 6:00,19/01/2000 6:00,10.586,10,0.586,95.242
3,14/06/2025 7:00,19/01/2000 7:00,10.085,9.5,0.585,94.171
3,14/06/2025 8:00,19/01/2000 8:00,10.085,9.5,0.585,96.837
3,14/06/2025 9:00,19/01/2000 9:00,10.586,10.5,0.086,95.242
3,14/06/2025 10:00,19/01/2000 10:00,11.088,11,0.088,96.307
3,14/06/2025 11:00,19/01/2000 11:00,11.589,12.5,-0.911,95.242
3,14/06/2025 12:00,19/01/2000 12:00,13.093,14,-0.907,95.775
3,14/06/2025 13:00,19/01/2000 13:00,14.095,15.5,-1.405,94.171
3,14/06/2025 14:00,19/01/2000 14:00,14.596,15,-0.404,94.171
3,14/06/2025 15:00,19/01/2000 15:00,14.596,15.5,-0.904,94.707
3,14/06/2025 16:00,19/01/2000 16:00,15.097,14.5,0.597,94.171
3,14/06/2025 17:00,19/01/2000 17:00,14.596,14,0.596,94.171
3,14/06/2025 18:00,19/01/2000 18:00,14.095,13,1.095,94.707
3,14/06/2025 19:00,19/01/2000 19:00,13.594,13,0.594,94.171
3,14/06/2025 20:00,19/01/2000 20:00,13.594,12.5,1.094,94.171
3,14/06/2025 21:00,19/01/2000 21:00,13.093,12.5,0.593,94.707
3,14/06/2025 22:00,19/01/2000 22:00,13.093,12.5,0.593,93.634
3,14/06/2025 23:00,19/01/2000 23:00,12.592,11.5,1.092,93.634
3,15/06/2025 0:00,20/01/2000 0:00,12.09,10.5,1.59,94.707
3,15/06/2025 1:00,20/01/2000 1:00,11.589,10.5,1.089,94.707
3,15/06/2025 2:00,20/01/2000 2:00,11.088,10,1.088,95.242
3,15/06/2025 3:00,20/01/2000 3:00,11.088,10,1.088,94.707
3,15/06/2025 4:00,20/01/2000 4:00,10.586,9.5,1.086,95.242
3,15/06/2025 5:00,20/01/2000 5:00,10.586,9.5,1.086,94.171
3,15/06/2025 6:00,20/01/2000 6:00,10.586,10,0.586,95.242
3,15/06/2025 7:00,20/01/2000 7:00,10.586,9.5,1.086,95.775
3,15/06/2025 8:00,20/01/2000 8:00,10.085,9.5,0.585,95.775
3,15/06/2025 9:00,20/01/2000 9:00,10.586,10.5,0.086,95.775
3,15/06/2025 10:00,20/01/2000 10:00,11.088,11.5,-0.412,96.307
3,15/06/2025 11:00,20/01/2000 11:00,11.589,12,-0.411,96.307
3,15/06/2025 12:00,20/01/2000 12:00,12.592,12.5,0.092,96.307
3,15/06/2025 13:00,20/01/2000 13:00,13.093,14,-0.907,97.367
3,15/06/2025 14:00,20/01/2000 14:00,14.095,14.5,-0.405,97.367
3,15/06/2025 15:00,20/01/2000 15:00,14.596,14,0.596,97.895
3,15/06/2025 16:00,20/01/2000 16:00,14.095,13.5,0.595,97.895
3,15/06/2025 17:00,20/01/2000 17:00,14.095,13,1.095,98.947
3,15/06/2025 18:00,20/01/2000 18:00,13.594,13,0.594,99.471
3,15/06/2025 19:00,20/01/2000 19:00,13.594,13,0.594,98.421
3,15/06/2025 20:00,20/01/2000 20:00,13.093,12.5,0.593,101.036
3,15/06/2025 21:00,20/01/2000 21:00,13.093,12,1.093,100.516
3,15/06/2025 22:00,20/01/2000 22:00,12.592,11.5,1.092,99.994
3,15/06/2025 23:00,20/01/2000 23:00,12.09,11.5,0.59,99.994
3,16/06/2025 0:00,21/01/2000 0:00,12.09,12,0.09,100.516
3,16/06/2025 1:00,21/01/2000 1:00,12.09,11.5,0.59,100.516
3,16/06/2025 2:00,21/01/2000 2:00,12.09,11.5,0.59,99.994
3,16/06/2025 3:00,21/01/2000 3:00,11.589,11,0.589,99.994
3,16/06/2025 4:00,21/01/2000 4:00,11.589,11,0.589,99.471
3,16/06/2025 5:00,21/01/2000 5:00,11.589,11,0.589,99.994
3,16/06/2025 6:00,21/01/2000 6:00,11.589,11.5,0.089,100.516
3,16/06/2025 7:00,21/01/2000 7:00,12.09,11.5,0.59,100.516
3,16/06/2025 8:00,21/01/2000 8:00,12.09,12,0.09,100.516
3,16/06/2025 9:00,21/01/2000 9:00,12.592,12.5,0.092,101.555
3,16/06/2025 10:00,21/01/2000 10:00,12.592,12.5,0.092,101.036
3,16/06/2025 11:00,21/01/2000 11:00,13.093,13,0.093,100.516
3,16/06/2025 12:00,21/01/2000 12:00,13.093,12.5,0.593,100.516
3,16/06/2025 13:00,21/01/2000 13:00,13.093,13,0.093,100.516
3,16/06/2025 14:00,21/01/2000 14:00,13.594,13,0.594,100.516
3,16/06/2025 15:00,21/01/2000 15:00,13.594,13.5,0.094,99.994
3,16/06/2025 16:00,21/01/2000 16:00,13.594,13,0.594,99.994
3,16/06/2025 17:00,21/01/2000 17:00,13.594,12.5,1.094,99.994
3,16/06/2025 18:00,21/01/2000 18:00,13.093,12.5,0.593,99.471
3,16/06/2025 19:00,21/01/2000 19:00,13.093,12.5,0.593,99.994
3,16/06/2025 20:00,21/01/2000 20:00,12.592,12,0.592,99.994
3,16/06/2025 21:00,21/01/2000 21:00,12.592,12,0.592,99.994
3,16/06/2025 22:00,21/01/2000 22:00,12.592,11.5,1.092,99.994
3,16/06/2025 23:00,21/01/2000 23:00,12.09,11,1.09,99.994
3,17/06/2025 0:00,22/01/2000 0:00,11.589,10.5,1.089,101.555
3,17/06/2025 1:00,22/01/2000 1:00,11.088,10,1.088,100.516
3,17/06/2025 2:00,22/01/2000 2:00,11.088,10,1.088,99.994
3,17/06/2025 3:00,22/01/2000 3:00,11.088,10.5,0.588,101.036
3,17/06/2025 4:00,22/01/2000 4:00,11.589,12,-0.411,101.036
3,17/06/2025 5:00,22/01/2000 5:00,12.09,12,0.09,99.994
3,17/06/2025 6:00,22/01/2000 6:00,12.592,12,0.592,100.516
3,17/06/2025 7:00,22/01/2000 7:00,12.09,11,1.09,100.516
3,17/06/2025 8:00,22/01/2000 8:00,11.589,11,0.589,100.516
3,17/06/2025 9:00,22/01/2000 9:00,12.09,11.5,0.59,101.555
3,17/06/2025 10:00,22/01/2000 10:00,12.592,12.5,0.092,101.036
3,17/06/2025 11:00,22/01/2000 11:00,13.093,13.5,-0.407,101.036
3,17/06/2025 12:00,22/01/2000 12:00,13.594,13.5,0.094,100.516
3,17/06/2025 13:00,22/01/2000 13:00,13.594,13.5,0.094,100.516
3,17/06/2025 14:00,22/01/2000 14:00,14.095,13.5,0.595,99.471
3,17/06/2025 15:00,22/01/2000 15:00,14.095,13.5,0.595,98.947
3,17/06/2025 16:00,22/01/2000 16:00,13.594,13,0.594,99.471
3,17/06/2025 17:00,22/01/2000 17:00,13.093,12,1.093,99.471
3,17/06/2025 18:00,22/01/2000 18:00,12.592,11,1.592,99.471
3,17/06/2025 19:00,22/01/2000 19:00,12.09,10.5,1.59,99.994
3,17/06/2025 20:00,22/01/2000 20:00,11.589,9.5,2.089,99.994
3,17/06/2025 21:00,22/01/2000 21:00,11.088,10,1.088,99.471
3,17/06/2025 22:00,22/01/2000 22:00,10.586,9.5,1.086,100.516
3,17/06/2025 23:00,22/01/2000 23:00,10.085,9,1.085,99.994
3,18/06/2025 0:00,23/01/2000 0:00,9.583,8,1.583,99.994
3,18/06/2025 1:00,23/01/2000 1:00,9.082,8,1.082,99.994
3,18/06/2025 2:00,23/01/2000 2:00,9.082,8,1.082,99.471
3,18/06/2025 3:00,23/01/2000 3:00,8.58,7.5,1.08,99.471
3,18/06/2025 4:00,23/01/2000 4:00,8.078,7,1.078,98.947
3,18/06/2025 5:00,23/01/2000 5:00,7.577,6.5,1.077,98.421
3,18/06/2025 6:00,23/01/2000 6:00,7.577,6.5,1.077,99.994
3,18/06/2025 7:00,23/01/2000 7:00,7.577,6.5,1.077,99.471
3,18/06/2025 8:00,23/01/2000 8:00,7.075,6,1.075,99.471
3,18/06/2025 9:00,23/01/2000 9:00,7.075,6.5,0.575,99.994
3,18/06/2025 10:00,23/01/2000 10:00,7.577,7.5,0.077,99.994
3,18/06/2025 11:00,23/01/2000 11:00,8.58,10,-1.42,100.516
3,18/06/2025 12:00,23/01/2000 12:00,10.085,11.5,-1.415,99.471
3,18/06/2025 13:00,23/01/2000 13:00,11.589,12,-0.411,100.516
3,18/06/2025 14:00,23/01/2000 14:00,12.09,12.5,-0.41,100.516
3,18/06/2025 15:00,23/01/2000 15:00,12.592,12,0.592,100.516
3,18/06/2025 16:00,23/01/2000 16:00,12.592,12,0.592,101.036
3,18/06/2025 17:00,23/01/2000 17:00,12.09,11.5,0.59,100.516
3,18/06/2025 18:00,23/01/2000 18:00,11.589,11,0.589,99.994
3,18/06/2025 19:00,23/01/2000 19:00,11.589,10.5,1.089,101.036
3,18/06/2025 20:00,23/01/2000 20:00,11.088,9.5,1.588,99.994
3,18/06/2025 21:00,23/01/2000 21:00,10.085,9,1.085,99.994
3,18/06/2025 22:00,23/01/2000 22:00,9.583,9,0.583,99.994
3,18/06/2025 23:00,23/01/2000 23:00,9.082,8,1.082,99.994
3,19/06/2025 0:00,24/01/2000 0:00,8.58,7.5,1.08,100.516
3,19/06/2025 1:00,24/01/2000 1:00,8.078,7,1.078,99.994
3,19/06/2025 2:00,24/01/2000 2:00,8.078,7.5,0.578,100.516
3,19/06/2025 3:00,24/01/2000 3:00,8.078,7,1.078,99.994
3,19/06/2025 4:00,24/01/2000 4:00,7.577,7,0.577,100.516
3,19/06/2025 5:00,24/01/2000 5:00,7.577,6.5,1.077,101.036
3,19/06/2025 6:00,24/01/2000 6:00,7.577,7,0.577,101.036
3,19/06/2025 7:00,24/01/2000 7:00,7.577,7,0.577,100.516
3,19/06/2025 8:00,24/01/2000 8:00,7.577,6.5,1.077,99.994
3,19/06/2025 9:00,24/01/2000 9:00,7.577,8,-0.423,101.036
3,19/06/2025 10:00,24/01/2000 10:00,8.58,9,-0.42,101.036
3,19/06/2025 11:00,24/01/2000 11:00,9.583,11,-1.417,101.555
3,19/06/2025 12:00,24/01/2000 12:00,10.586,11.5,-0.914,100.516
3,19/06/2025 13:00,24/01/2000 13:00,12.09,12.5,-0.41,100.516
3,19/06/2025 14:00,24/01/2000 14:00,12.592,14,-1.408,99.471
3,19/06/2025 15:00,24/01/2000 15:00,13.594,14,-0.406,99.994
3,19/06/2025 16:00,24/01/2000 16:00,13.594,14,-0.406,99.471
3,19/06/2025 17:00,24/01/2000 17:00,13.594,13,0.594,99.471
3,19/06/2025 18:00,24/01/2000 18:00,13.594,13,0.594,99.994
3,19/06/2025 19:00,24/01/2000 19:00,13.093,12.5,0.593,99.994
3,19/06/2025 20:00,24/01/2000 20:00,12.592,12,0.592,99.994
3,19/06/2025 21:00,24/01/2000 21:00,12.09,11.5,0.59,99.994
3,19/06/2025 22:00,24/01/2000 22:00,12.09,11.5,0.59,99.994
3,19/06/2025 23:00,24/01/2000 23:00,12.09,11.5,0.59,99.994
3,20/06/2025 0:00,25/01/2000 0:00,11.589,11.5,0.089,99.994
3,20/06/2025 1:00,25/01/2000 1:00,11.589,11.5,0.089,99.994
3,20/06/2025 2:00,25/01/2000 2:00,11.589,11,0.589,99.994
3,20/06/2025 3:00,25/01/2000 3:00,11.589,11.5,0.089,100.516
3,20/06/2025 4:00,25/01/2000 4:00,12.09,12,0.09,99.994
3,20/06/2025 5:00,25/01/2000 5:00,12.09,12,0.09,101.036
3,20/06/2025 6:00,25/01/2000 6:00,12.09,12.5,-0.41,99.994
3,20/06/2025 7:00,25/01/2000 7:00,12.592,12,0.592,99.994
3,20/06/2025 8:00,25/01/2000 8:00,12.592,12.5,0.092,101.036
3,20/06/2025 9:00,25/01/2000 9:00,12.592,12.5,0.092,100.516
3,20/06/2025 10:00,25/01/2000 10:00,13.093,13,0.093,99.994
3,20/06/2025 11:00,25/01/2000 11:00,13.093,13.5,-0.407,99.994
3,20/06/2025 12:00,25/01/2000 12:00,13.594,14,-0.406,98.421
3,20/06/2025 13:00,25/01/2000 13:00,14.095,14,0.095,99.471
3,20/06/2025 14:00,25/01/2000 14:00,14.095,14,0.095,99.471
3,20/06/2025 15:00,25/01/2000 15:00,14.095,14,0.095,99.994
3,20/06/2025 16:00,25/01/2000 16:00,14.596,14.5,0.096,99.994
3,20/06/2025 17:00,25/01/2000 17:00,14.095,13.5,0.595,99.994
3,20/06/2025 18:00,25/01/2000 18:00,13.594,12.5,1.094,99.994
3,20/06/2025 19:00,25/01/2000 19:00,13.093,12,1.093,99.994
3,20/06/2025 20:00,25/01/2000 20:00,12.592,11,1.592,99.994
3,20/06/2025 21:00,25/01/2000 21:00,12.09,10.5,1.59,100.516
3,20/06/2025 22:00,25/01/2000 22:00,11.589,10,1.589,99.994
3,20/06/2025 23:00,25/01/2000 23:00,11.088,9.5,1.588,98.947
3,21/06/2025 0:00,26/01/2000 0:00,10.586,9,1.586,99.471
3,21/06/2025 1:00,26/01/2000 1:00,10.085,9.5,0.585,99.994
3,21/06/2025 2:00,26/01/2000 2:00,10.085,9.5,0.585,99.994
3,21/06/2025 3:00,26/01/2000 3:00,9.583,9,0.583,99.994
3,21/06/2025 4:00,26/01/2000 4:00,9.583,9,0.583,99.994
3,21/06/2025 5:00,26/01/2000 5:00,9.583,9,0.583,100.516
3,21/06/2025 6:00,26/01/2000 6:00,9.583,9,0.583,99.994
3,21/06/2025 7:00,26/01/2000 7:00,9.583,9,0.583,99.471
3,21/06/2025 8:00,26/01/2000 8:00,9.583,8.5,1.083,99.994
3,21/06/2025 9:00,26/01/2000 9:00,9.082,9,0.082,100.516
3,21/06/2025 10:00,26/01/2000 10:00,9.583,10,-0.417,99.994
3,21/06/2025 11:00,26/01/2000 11:00,10.586,12.5,-1.914,100.516
3,21/06/2025 12:00,26/01/2000 12:00,12.09,13,-0.91,101.036
3,21/06/2025 13:00,26/01/2000 13:00,13.093,13.5,-0.407,100.516
3,21/06/2025 14:00,26/01/2000 14:00,13.093,14,-0.907,99.994
3,21/06/2025 15:00,26/01/2000 15:00,13.594,14,-0.406,98.947
3,21/06/2025 16:00,26/01/2000 16:00,13.594,13.5,0.094,99.471
3,21/06/2025 17:00,26/01/2000 17:00,13.093,12.5,0.593,98.947
3,21/06/2025 18:00,26/01/2000 18:00,12.592,12,0.592,99.471
3,21/06/2025 19:00,26/01/2000 19:00,12.09,11,1.09,99.471
3,21/06/2025 20:00,26/01/2000 20:00,11.589,10.5,1.089,99.994
3,21/06/2025 21:00,26/01/2000 21:00,11.088,10,1.088,99.471
3,21/06/2025 22:00,26/01/2000 22:00,10.586,9.5,1.086,101.036
3,21/06/2025 23:00,26/01/2000 23:00,10.085,9,1.085,99.994
3,22/06/2025 0:00,27/01/2000 0:00,9.583,7.5,2.083,99.471
3,22/06/2025 1:00,27/01/2000 1:00,8.58,7,1.58,101.036
3,22/06/2025 2:00,27/01/2000 2:00,8.078,7,1.078,98.421
3,22/06/2025 3:00,27/01/2000 3:00,7.577,6.5,1.077,99.471
3,22/06/2025 4:00,27/01/2000 4:00,7.577,7,0.577,99.471
3,22/06/2025 5:00,27/01/2000 5:00,7.577,6,1.577,99.471
3,22/06/2025 6:00,27/01/2000 6:00,7.075,6.5,0.575,98.947
3,22/06/2025 7:00,27/01/2000 7:00,7.075,5.5,1.575,98.947
3,22/06/2025 8:00,27/01/2000 8:00,6.573,6,0.573,99.471
3,22/06/2025 9:00,27/01/2000 9:00,6.573,6.5,0.073,99.471
3,22/06/2025 10:00,27/01/2000 10:00,7.577,8.5,-0.923,99.471
3,22/06/2025 11:00,27/01/2000 11:00,8.58,10,-1.42,99.994
3,22/06/2025 12:00,27/01/2000 12:00,10.586,12.5,-1.914,98.947
3,22/06/2025 13:00,27/01/2000 13:00,12.09,13.5,-1.41,95.242
3,22/06/2025 14:00,27/01/2000 14:00,13.093,14,-0.907,94.707
3,22/06/2025 15:00,27/01/2000 15:00,13.093,13,0.093,94.171
3,22/06/2025 16:00,27/01/2000 16:00,13.093,13.5,-0.407,94.707
3,22/06/2025 17:00,27/01/2000 17:00,13.093,12.5,0.593,93.634
3,22/06/2025 18:00,27/01/2000 18:00,12.592,12,0.592,95.775
3,22/06/2025 19:00,27/01/2000 19:00,12.09,11,1.09,95.242
3,22/06/2025 20:00,27/01/2000 20:00,11.589,10.5,1.089,95.775
3,22/06/2025 21:00,27/01/2000 21:00,11.088,11,0.088,95.775
3,22/06/2025 22:00,27/01/2000 22:00,11.088,11,0.088,96.307
3,22/06/2025 23:00,27/01/2000 23:00,11.088,11,0.088,96.837
3,23/06/2025 0:00,28/01/2000 0:00,11.088,11,0.088,96.837
3,23/06/2025 1:00,28/01/2000 1:00,11.088,11,0.088,96.307
3,23/06/2025 2:00,28/01/2000 2:00,11.589,12,-0.411,96.307
3,23/06/2025 3:00,28/01/2000 3:00,12.09,12.5,-0.41,96.837
3,23/06/2025 4:00,28/01/2000 4:00,12.592,12.5,0.092,96.837
3,23/06/2025 5:00,28/01/2000 5:00,12.592,13,-0.408,96.307
3,23/06/2025 6:00,28/01/2000 6:00,13.093,13,0.093,96.837
3,23/06/2025 7:00,28/01/2000 7:00,13.093,13.5,-0.407,96.307
3,23/06/2025 8:00,28/01/2000 8:00,13.594,14,-0.406,96.307
3,23/06/2025 9:00,28/01/2000 9:00,13.594,14,-0.406,96.837
3,23/06/2025 10:00,28/01/2000 10:00,14.095,14.5,-0.405,97.367
3,23/06/2025 11:00,28/01/2000 11:00,15.097,15.5,-0.403,95.775
3,23/06/2025 12:00,28/01/2000 12:00,15.598,16.5,-0.902,95.775
3,23/06/2025 13:00,28/01/2000 13:00,16.099,16.5,-0.401,90.931
3,23/06/2025 14:00,28/01/2000 14:00,16.099,16.5,-0.401,91.474
3,23/06/2025 15:00,28/01/2000 15:00,16.099,16.5,-0.401,92.016
3,23/06/2025 16:00,28/01/2000 16:00,16.099,16,0.099,90.386
3,23/06/2025 17:00,28/01/2000 17:00,15.598,15,0.598,90.931
3,23/06/2025 18:00,28/01/2000 18:00,15.097,14,1.097,93.096
3,23/06/2025 19:00,28/01/2000 19:00,14.596,13.5,1.096,94.171
3,23/06/2025 20:00,28/01/2000 20:00,14.095,13,1.095,95.242
3,23/06/2025 21:00,28/01/2000 21:00,14.095,13.5,0.595,93.634
3,23/06/2025 22:00,28/01/2000 22:00,14.095,13.5,0.595,94.707
3,23/06/2025 23:00,28/01/2000 23:00,14.095,13.5,0.595,95.775
3,24/06/2025 0:00,29/01/2000 0:00,14.095,13.5,0.595,95.775
3,24/06/2025 1:00,29/01/2000 1:00,13.594,13,0.594,95.242
3,24/06/2025 2:00,29/01/2000 2:00,13.093,12.5,0.593,94.171
3,24/06/2025 3:00,29/01/2000 3:00,12.592,11.5,1.092,94.707
3,24/06/2025 4:00,29/01/2000 4:00,12.09,10.5,1.59,95.775
3,24/06/2025 5:00,29/01/2000 5:00,11.589,10.5,1.089,95.775
3,24/06/2025 6:00,29/01/2000 6:00,11.088,10.5,0.588,94.707
3,24/06/2025 7:00,29/01/2000 7:00,11.088,11,0.088,95.242
3,24/06/2025 8:00,29/01/2000 8:00,11.088,10.5,0.588,95.775
3,24/06/2025 9:00,29/01/2000 9:00,11.589,11.5,0.089,95.242
3,24/06/2025 10:00,29/01/2000 10:00,12.09,12.5,-0.41,96.307
3,24/06/2025 11:00,29/01/2000 11:00,12.592,13,-0.408,95.775
3,24/06/2025 12:00,29/01/2000 12:00,13.594,14,-0.406,95.775
3,24/06/2025 13:00,29/01/2000 13:00,14.095,15.5,-1.405,95.775
3,24/06/2025 14:00,29/01/2000 14:00,15.097,15.5,-0.403,95.242
3,24/06/2025 15:00,29/01/2000 15:00,15.097,15.5,-0.403,95.242
3,24/06/2025 16:00,29/01/2000 16:00,15.097,15,0.097,97.367
3,24/06/2025 17:00,29/01/2000 17:00,15.097,15,0.097,96.837
3,24/06/2025 18:00,29/01/2000 18:00,15.097,14,1.097,95.242
3,24/06/2025 19:00,29/01/2000 19:00,14.596,13.5,1.096,95.775
3,24/06/2025 20:00,29/01/2000 20:00,14.095,13,1.095,95.775
3,24/06/2025 21:00,29/01/2000 21:00,13.093,12.5,0.593,95.775
3,24/06/2025 22:00,29/01/2000 22:00,13.093,12,1.093,95.775
3,24/06/2025 23:00,29/01/2000 23:00,12.592,11,1.592,95.775
3,25/06/2025 0:00,30/01/2000 0:00,12.09,11,1.09,95.242
3,25/06/2025 1:00,30/01/2000 1:00,11.088,10,1.088,95.775
3,25/06/2025 2:00,30/01/2000 2:00,11.088,10,1.088,95.775
3,25/06/2025 3:00,30/01/2000 3:00,10.586,9,1.586,96.307
3,25/06/2025 4:00,30/01/2000 4:00,10.085,9,1.085,96.307
3,25/06/2025 5:00,30/01/2000 5:00,9.583,8.5,1.083,95.775
3,25/06/2025 6:00,30/01/2000 6:00,9.583,9,0.583,96.307
3,25/06/2025 7:00,30/01/2000 7:00,9.583,9.5,0.083,96.307
3,25/06/2025 8:00,30/01/2000 8:00,10.085,10,0.085,96.837
3,25/06/2025 9:00,30/01/2000 9:00,10.586,11,-0.414,96.837
3,25/06/2025 10:00,30/01/2000 10:00,11.589,12.5,-0.911,96.837
3,25/06/2025 11:00,30/01/2000 11:00,12.592,13.5,-0.908,96.837
3,25/06/2025 12:00,30/01/2000 12:00,13.594,14.5,-0.906,98.421
3,25/06/2025 13:00,30/01/2000 13:00,14.596,15.5,-0.904,97.367
3,25/06/2025 14:00,30/01/2000 14:00,15.097,15.5,-0.403,95.775
3,25/06/2025 15:00,30/01/2000 15:00,15.097,15,0.097,96.307
3,25/06/2025 16:00,30/01/2000 16:00,15.097,14.5,0.597,96.307
3,25/06/2025 17:00,30/01/2000 17:00,15.097,14.5,0.597,96.837
3,25/06/2025 18:00,30/01/2000 18:00,14.596,14,0.596,96.307
3,25/06/2025 19:00,30/01/2000 19:00,14.596,14,0.596,96.307
3,25/06/2025 20:00,30/01/2000 20:00,14.596,13.5,1.096,96.837
3,25/06/2025 21:00,30/01/2000 21:00,14.596,14,0.596,96.307
3,25/06/2025 22:00,30/01/2000 22:00,14.596,14,0.596,96.837
3,25/06/2025 23:00,30/01/2000 23:00,14.596,14,0.596,97.367
3,26/06/2025 0:00,31/01/2000 0:00,14.596,13.5,1.096,97.367
3,26/06/2025 1:00,31/01/2000 1:00,14.095,13.5,0.595,97.367
3,26/06/2025 2:00,31/01/2000 2:00,14.095,13.5,0.595,98.421
3,26/06/2025 3:00,31/01/2000 3:00,14.095,14.5,-0.405,98.421
3,26/06/2025 4:00,31/01/2000 4:00,14.596,14.5,0.096,97.895
3,26/06/2025 5:00,31/01/2000 5:00,15.097,14,1.097,97.895
3,26/06/2025 6:00,31/01/2000 6:00,14.095,13.5,0.595,97.895
3,26/06/2025 7:00,31/01/2000 7:00,14.596,14,0.596,97.895
3,26/06/2025 8:00,31/01/2000 8:00,14.095,14,0.095,97.895
3,26/06/2025 9:00,31/01/2000 9:00,14.596,14.5,0.096,97.895
3,26/06/2025 10:00,31/01/2000 10:00,15.598,16,-0.402,98.947
3,26/06/2025 11:00,31/01/2000 11:00,16.099,16,0.099,97.895
3,26/06/2025 12:00,31/01/2000 12:00,16.6,17,-0.4,99.471
3,26/06/2025 13:00,31/01/2000 13:00,17.101,17.5,-0.399,98.421
3,26/06/2025 14:00,31/01/2000 14:00,17.602,17.5,0.102,97.367
3,26/06/2025 15:00,31/01/2000 15:00,17.602,16.5,1.102,97.367
3,26/06/2025 16:00,31/01/2000 16:00,17.101,16.5,0.601,98.421
3,26/06/2025 17:00,31/01/2000 17:00,17.101,16.5,0.601,98.421
3,26/06/2025 18:00,31/01/2000 18:00,16.6,16,0.6,98.421
3,26/06/2025 19:00,31/01/2000 19:00,16.6,16,0.6,98.421
3,26/06/2025 20:00,31/01/2000 20:00,16.6,16,0.6,98.947
3,26/06/2025 21:00,31/01/2000 21:00,16.6,16.5,0.1,99.471
3,26/06/2025 22:00,31/01/2000 22:00,16.6,16,0.6,98.947
3,26/06/2025 23:00,31/01/2000 23:00,16.6,16,0.6,97.895
3,27/06/2025 0:00,1/02/2000 0:00,16.6,16.5,0.1,98.421
3,27/06/2025 1:00,1/02/2000 1:00,16.6,15.5,1.1,100.516
3,27/06/2025 2:00,1/02/2000 2:00,16.099,16,0.099,99.994
3,27/06/2025 3:00,1/02/2000 3:00,16.099,16,0.099,99.471
3,27/06/2025 4:00,1/02/2000 4:00,16.6,16.5,0.1,100.516
3,27/06/2025 5:00,1/02/2000 5:00,17.101,16.5,0.601,98.947
3,27/06/2025 6:00,1/02/2000 6:00,17.101,16.5,0.601,99.471
3,27/06/2025 7:00,1/02/2000 7:00,17.101,17,0.101,99.994
3,27/06/2025 8:00,1/02/2000 8:00,17.101,17,0.101,100.516
3,27/06/2025 9:00,1/02/2000 9:00,17.101,15.5,1.601,99.471
3,27/06/2025 10:00,1/02/2000 10:00,16.099,15.5,0.599,100.516
3,27/06/2025 11:00,1/02/2000 11:00,16.099,15.5,0.599,100.516
3,27/06/2025 12:00,1/02/2000 12:00,16.099,15.5,0.599,100.516
3,27/06/2025 13:00,1/02/2000 13:00,15.598,15,0.598,99.471
3,27/06/2025 14:00,1/02/2000 14:00,15.598,15.5,0.098,99.994
3,27/06/2025 15:00,1/02/2000 15:00,15.598,15,0.598,101.555
3,27/06/2025 16:00,1/02/2000 16:00,15.598,15.5,0.098,101.036
3,27/06/2025 17:00,1/02/2000 17:00,15.598,15,0.598,102.59
3,27/06/2025 18:00,1/02/2000 18:00,15.097,14,1.097,101.036
3,27/06/2025 19:00,1/02/2000 19:00,14.596,13.5,1.096,101.036
3,27/06/2025 20:00,1/02/2000 20:00,14.095,13.5,0.595,101.036
3,27/06/2025 21:00,1/02/2000 21:00,14.095,13.5,0.595,99.994
3,27/06/2025 22:00,1/02/2000 22:00,14.095,13.5,0.595,100.516
3,27/06/2025 23:00,1/02/2000 23:00,14.095,14,0.095,101.555
3,28/06/2025 0:00,2/02/2000 0:00,14.095,13.5,0.595,101.555
3,28/06/2025 1:00,2/02/2000 1:00,14.095,13.5,0.595,101.555
3,28/06/2025 2:00,2/02/2000 2:00,14.095,13.5,0.595,101.036
3,28/06/2025 3:00,2/02/2000 3:00,14.095,13,1.095,101.555
3,28/06/2025 4:00,2/02/2000 4:00,13.594,13,0.594,102.59
3,28/06/2025 5:00,2/02/2000 5:00,13.594,13,0.594,101.036
3,28/06/2025 6:00,2/02/2000 6:00,13.594,12.5,1.094,102.073
3,28/06/2025 7:00,2/02/2000 7:00,13.093,12,1.093,102.073
3,28/06/2025 8:00,2/02/2000 8:00,12.592,12.5,0.092,102.073
3,28/06/2025 9:00,2/02/2000 9:00,13.093,12.5,0.593,101.555
3,28/06/2025 10:00,2/02/2000 10:00,13.093,13,0.093,102.073
3,28/06/2025 11:00,2/02/2000 11:00,13.594,13.5,0.094,102.073
3,28/06/2025 12:00,2/02/2000 12:00,14.095,14,0.095,101.036
3,28/06/2025 13:00,2/02/2000 13:00,14.596,14.5,0.096,98.947
3,28/06/2025 14:00,2/02/2000 14:00,14.596,15,-0.404,99.994
3,28/06/2025 15:00,2/02/2000 15:00,14.596,14.5,0.096,96.837
3,28/06/2025 16:00,2/02/2000 16:00,14.596,14,0.596,97.895
3,28/06/2025 17:00,2/02/2000 17:00,14.095,13.5,0.595,97.895
3,28/06/2025 18:00,2/02/2000 18:00,13.594,13,0.594,98.947
3,28/06/2025 19:00,2/02/2000 19:00,13.594,13,0.594,99.471
3,28/06/2025 20:00,2/02/2000 20:00,13.594,12.5,1.094,99.471
3,28/06/2025 21:00,2/02/2000 21:00,13.093,12.5,0.593,99.471
3,28/06/2025 22:00,2/02/2000 22:00,13.093,12.5,0.593,99.994
3,28/06/2025 23:00,2/02/2000 23:00,13.594,13,0.594,100.516
3,29/06/2025 0:00,3/02/2000 0:00,13.594,13,0.594,101.036
3,29/06/2025 1:00,3/02/2000 1:00,13.594,13,0.594,100.516
3,29/06/2025 2:00,3/02/2000 2:00,13.594,13,0.594,99.471
3,29/06/2025 3:00,3/02/2000 3:00,13.093,12.5,0.593,99.994
3,29/06/2025 4:00,3/02/2000 4:00,13.093,12.5,0.593,100.516
3,29/06/2025 5:00,3/02/2000 5:00,12.592,12.5,0.092,99.471
3,29/06/2025 6:00,3/02/2000 6:00,12.592,12.5,0.092,97.895
3,29/06/2025 7:00,3/02/2000 7:00,12.592,12.5,0.092,98.947
3,29/06/2025 8:00,3/02/2000 8:00,12.592,12.5,0.092,99.471
3,29/06/2025 9:00,3/02/2000 9:00,12.592,13.5,-0.908,97.895
3,29/06/2025 10:00,3/02/2000 10:00,13.093,14,-0.907,96.307
3,29/06/2025 11:00,3/02/2000 11:00,13.594,15,-1.406,96.307
3,29/06/2025 12:00,3/02/2000 12:00,14.095,14.5,-0.405,95.242
3,29/06/2025 13:00,3/02/2000 13:00,14.596,15.5,-0.904,91.474
3,29/06/2025 14:00,3/02/2000 14:00,15.097,16,-0.903,88.195
3,29/06/2025 15:00,3/02/2000 15:00,15.097,15.5,-0.403,90.386
3,29/06/2025 16:00,3/02/2000 16:00,14.596,14,0.596,92.557
3,29/06/2025 17:00,3/02/2000 17:00,14.095,13.5,0.595,94.171
3,29/06/2025 18:00,3/02/2000 18:00,13.594,12.5,1.094,94.707
3,29/06/2025 19:00,3/02/2000 19:00,13.093,12,1.093,94.707
3,29/06/2025 20:00,3/02/2000 20:00,12.592,12.5,0.092,95.242
3,29/06/2025 21:00,3/02/2000 21:00,12.592,12,0.592,95.775
3,29/06/2025 22:00,3/02/2000 22:00,12.09,11.5,0.59,95.775
3,29/06/2025 23:00,3/02/2000 23:00,12.09,12,0.09,96.837
3,30/06/2025 0:00,4/02/2000 0:00,12.09,11.5,0.59,96.307
3,30/06/2025 1:00,4/02/2000 1:00,11.589,11.5,0.089,96.837
3,30/06/2025 2:00,4/02/2000 2:00,11.589,10.5,1.089,96.307
3,30/06/2025 3:00,4/02/2000 3:00,11.088,9.5,1.588,96.307
3,30/06/2025 4:00,4/02/2000 4:00,11.088,10.5,0.588,96.307
3,30/06/2025 5:00,4/02/2000 5:00,11.088,10.5,0.588,96.837
3,30/06/2025 6:00,4/02/2000 6:00,11.088,10.5,0.588,97.367
3,30/06/2025 7:00,4/02/2000 7:00,11.088,10.5,0.588,97.367
3,30/06/2025 8:00,4/02/2000 8:00,11.088,10.5,0.588,96.837
3,30/06/2025 9:00,4/02/2000 9:00,10.586,10.5,0.086,97.367
3,30/06/2025 10:00,4/02/2000 10:00,11.088,11.5,-0.412,97.895
3,30/06/2025 11:00,4/02/2000 11:00,11.589,13.5,-1.911,97.367
3,30/06/2025 12:00,4/02/2000 12:00,13.594,15,-1.406,95.242
3,30/06/2025 13:00,4/02/2000 13:00,14.596,15,-0.404,93.634
3,30/06/2025 14:00,4/02/2000 14:00,14.596,15.5,-0.904,91.474
3,30/06/2025 15:00,4/02/2000 15:00,14.596,15,-0.404,93.634
3,30/06/2025 16:00,4/02/2000 16:00,15.097,15,0.097,93.634
3,30/06/2025 17:00,4/02/2000 17:00,14.596,14,0.596,94.707
3,30/06/2025 18:00,4/02/2000 18:00,13.594,12,1.594,93.634
3,30/06/2025 19:00,4/02/2000 19:00,13.093,11,2.093,93.634
3,30/06/2025 20:00,4/02/2000 20:00,12.09,11,1.09,94.171
3,30/06/2025 21:00,4/02/2000 21:00,11.589,10.5,1.089,94.707
3,30/06/2025 22:00,4/02/2000 22:00,11.088,10,1.088,94.707
3,30/06/2025 23:00,4/02/2000 23:00,10.586,9.5,1.086,94.707
3,1/07/2025 0:00,5/02/2000 0:00,10.085,9,1.085,94.707
3,1/07/2025 1:00,5/02/2000 1:00,10.085,9.5,0.585,94.707
3,1/07/2025 2:00,5/02/2000 2:00,10.085,8.5,1.585,95.242
3,1/07/2025 3:00,5/02/2000 3:00,9.583,8,1.583,94.707
3,1/07/2025 4:00,5/02/2000 4:00,9.082,8,1.082,95.242
3,1/07/2025 5:00,5/02/2000 5:00,9.082,8.5,0.582,95.242
3,1/07/2025 6:00,5/02/2000 6:00,8.58,7.5,1.08,94.707
3,1/07/2025 7:00,5/02/2000 7:00,8.58,7.5,1.08,94.707
3,1/07/2025 8:00,5/02/2000 8:00,8.58,8.5,0.08,95.242
3,1/07/2025 9:00,5/02/2000 9:00,9.082,9,0.082,95.242
3,1/07/2025 10:00,5/02/2000 10:00,10.085,11,-0.915,95.775
3,1/07/2025 11:00,5/02/2000 11:00,11.088,11.5,-0.412,95.775
3,1/07/2025 12:00,5/02/2000 12:00,12.09,12.5,-0.41,96.837
3,1/07/2025 13:00,5/02/2000 13:00,12.592,13.5,-0.908,96.307
3,1/07/2025 14:00,5/02/2000 14:00,13.093,14,-0.907,96.307
3,1/07/2025 15:00,5/02/2000 15:00,13.594,13.5,0.094,95.775
3,1/07/2025 16:00,5/02/2000 16:00,13.093,13,0.093,95.242
3,1/07/2025 17:00,5/02/2000 17:00,13.093,12,1.093,95.775
3,1/07/2025 18:00,5/02/2000 18:00,12.09,11,1.09,95.242
3,1/07/2025 19:00,5/02/2000 19:00,11.589,11,0.589,95.775
3,1/07/2025 20:00,5/02/2000 20:00,11.589,10.5,1.089,96.307
3,1/07/2025 21:00,5/02/2000 21:00,11.088,10.5,0.588,95.775
3,1/07/2025 22:00,5/02/2000 22:00,11.088,10,1.088,96.307
3,1/07/2025 23:00,5/02/2000 23:00,11.088,10,1.088,95.775
3,2/07/2025 0:00,6/02/2000 0:00,10.586,10,0.586,95.775
3,2/07/2025 1:00,6/02/2000 1:00,10.586,9.5,1.086,96.307
3,2/07/2025 2:00,6/02/2000 2:00,10.085,9.5,0.585,96.837
3,2/07/2025 3:00,6/02/2000 3:00,10.085,9.5,0.585,96.837
3,2/07/2025 4:00,6/02/2000 4:00,10.085,9,1.085,96.837
3,2/07/2025 5:00,6/02/2000 5:00,10.085,9,1.085,96.837
3,2/07/2025 6:00,6/02/2000 6:00,9.583,9.5,0.083,97.367
3,2/07/2025 7:00,6/02/2000 7:00,10.085,9.5,0.585,96.837
3,2/07/2025 8:00,6/02/2000 8:00,10.085,10,0.085,97.895
3,2/07/2025 9:00,6/02/2000 9:00,10.586,11.5,-0.914,97.895
3,2/07/2025 10:00,6/02/2000 10:00,12.592,14,-1.408,98.947
3,2/07/2025 11:00,6/02/2000 11:00,14.095,15.5,-1.405,98.947
3,2/07/2025 12:00,6/02/2000 12:00,15.097,16,-0.903,97.367
3,2/07/2025 13:00,6/02/2000 13:00,15.598,16.5,-0.902,96.837
3,2/07/2025 14:00,6/02/2000 14:00,16.099,16,0.099,96.837
3,2/07/2025 15:00,6/02/2000 15:00,16.099,16,0.099,95.775
3,2/07/2025 16:00,6/02/2000 16:00,16.099,15.5,0.599,96.837
3,2/07/2025 17:00,6/02/2000 17:00,15.598,15,0.598,96.837
3,2/07/2025 18:00,6/02/2000 18:00,15.598,15,0.598,98.421
3,2/07/2025 19:00,6/02/2000 19:00,15.598,15,0.598,97.895
3,2/07/2025 20:00,6/02/2000 20:00,15.598,15.5,0.098,98.421
3,2/07/2025 21:00,6/02/2000 21:00,15.598,15.5,0.098,98.421
3,2/07/2025 22:00,6/02/2000 22:00,16.099,16,0.099,97.895
3,2/07/2025 23:00,6/02/2000 23:00,16.099,15.5,0.599,98.947
3,3/07/2025 0:00,7/02/2000 0:00,16.099,15.5,0.599,98.947
3,3/07/2025 1:00,7/02/2000 1:00,16.099,15.5,0.599,99.994
3,3/07/2025 2:00,7/02/2000 2:00,16.099,15.5,0.599,99.471
3,3/07/2025 3:00,7/02/2000 3:00,16.099,16,0.099,99.471
3,3/07/2025 4:00,7/02/2000 4:00,16.099,16,0.099,99.994
3,3/07/2025 5:00,7/02/2000 5:00,16.6,16,0.6,100.516
3,3/07/2025 6:00,7/02/2000 6:00,16.6,16,0.6,99.994
3,3/07/2025 7:00,7/02/2000 7:00,16.6,16.5,0.1,99.994
3,3/07/2025 8:00,7/02/2000 8:00,16.6,16.5,0.1,99.994
3,3/07/2025 9:00,7/02/2000 9:00,17.101,17,0.101,99.471
3,3/07/2025 10:00,7/02/2000 10:00,17.101,17,0.101,100.516
3,3/07/2025 11:00,7/02/2000 11:00,17.602,17,0.602,99.994
3,3/07/2025 12:00,7/02/2000 12:00,17.602,17,0.602,100.516
3,3/07/2025 13:00,7/02/2000 13:00,17.602,17,0.602,100.516
3,3/07/2025 14:00,7/02/2000 14:00,17.602,17,0.602,98.947
3,3/07/2025 15:00,7/02/2000 15:00,17.602,17.5,0.102,99.994
3,3/07/2025 16:00,7/02/2000 16:00,18.102,17.5,0.602,101.036
3,3/07/2025 17:00,7/02/2000 17:00,18.102,18,0.102,100.516
3,3/07/2025 18:00,7/02/2000 18:00,18.102,18,0.102,99.994
3,3/07/2025 19:00,7/02/2000 19:00,18.102,17,1.102,100.516
3,3/07/2025 20:00,7/02/2000 20:00,17.602,16.5,1.102,99.471
3,3/07/2025 21:00,7/02/2000 21:00,17.101,16,1.101,101.555
3,3/07/2025 22:00,7/02/2000 22:00,16.6,16,0.6,100.516
3,3/07/2025 23:00,7/02/2000 23:00,16.6,15.5,1.1,101.555
3,4/07/2025 0:00,8/02/2000 0:00,16.099,15.5,0.599,101.555
3,4/07/2025 1:00,8/02/2000 1:00,15.598,15,0.598,101.555
3,4/07/2025 2:00,8/02/2000 2:00,15.598,15.5,0.098,101.555
3,4/07/2025 3:00,8/02/2000 3:00,15.598,15,0.598,102.59
3,4/07/2025 4:00,8/02/2000 4:00,15.598,15,0.598,102.59
3,4/07/2025 5:00,8/02/2000 5:00,15.598,14.5,1.098,103.105
3,4/07/2025 6:00,8/02/2000 6:00,15.097,15,0.097,102.59
3,4/07/2025 7:00,8/02/2000 7:00,15.097,15,0.097,102.59
3,4/07/2025 8:00,8/02/2000 8:00,15.097,15,0.097,102.59
3,4/07/2025 9:00,8/02/2000 9:00,15.598,16,-0.402,102.59
3,4/07/2025 10:00,8/02/2000 10:00,16.099,16.5,-0.401,101.036
3,4/07/2025 11:00,8/02/2000 11:00,17.101,17,0.101,102.073
3,4/07/2025 12:00,8/02/2000 12:00,17.602,17.5,0.102,101.036
3,4/07/2025 13:00,8/02/2000 13:00,17.602,17,0.602,102.073
3,4/07/2025 14:00,8/02/2000 14:00,17.602,17.5,0.102,102.073
3,4/07/2025 15:00,8/02/2000 15:00,17.602,17.5,0.102,101.555
3,4/07/2025 16:00,8/02/2000 16:00,17.602,17.5,0.102,101.555
3,4/07/2025 17:00,8/02/2000 17:00,17.602,16.5,1.102,101.555
3,4/07/2025 18:00,8/02/2000 18:00,17.101,16,1.101,102.073
3,4/07/2025 19:00,8/02/2000 19:00,16.6,15.5,1.1,102.073
3,4/07/2025 20:00,8/02/2000 20:00,16.099,15.5,0.599,102.073
3,4/07/2025 21:00,8/02/2000 21:00,16.099,15,1.099,102.59
3,4/07/2025 22:00,8/02/2000 22:00,15.598,15.5,0.098,103.105
3,4/07/2025 23:00,8/02/2000 23:00,16.099,16,0.099,102.073
3,5/07/2025 0:00,9/02/2000 0:00,16.099,15.5,0.599,102.59
3,5/07/2025 1:00,9/02/2000 1:00,15.598,15,0.598,103.619
3,5/07/2025 2:00,9/02/2000 2:00,15.598,15,0.598,102.59
3,5/07/2025 3:00,9/02/2000 3:00,15.598,15,0.598,103.105
3,5/07/2025 4:00,9/02/2000 4:00,15.097,14.5,0.597,103.105
3,5/07/2025 5:00,9/02/2000 5:00,15.097,14.5,0.597,102.59
3,5/07/2025 6:00,9/02/2000 6:00,14.596,14,0.596,103.105
3,5/07/2025 7:00,9/02/2000 7:00,14.596,13.5,1.096,103.619
3,5/07/2025 8:00,9/02/2000 8:00,14.095,14.5,-0.405,103.105
3,5/07/2025 9:00,9/02/2000 9:00,14.596,14.5,0.096,103.105
3,5/07/2025 10:00,9/02/2000 10:00,15.097,15,0.097,103.619
3,5/07/2025 11:00,9/02/2000 11:00,15.097,15.5,-0.403,103.619
3,5/07/2025 12:00,9/02/2000 12:00,16.099,16,0.099,103.105
3,5/07/2025 13:00,9/02/2000 13:00,16.099,16,0.099,102.073
3,5/07/2025 14:00,9/02/2000 14:00,16.099,16,0.099,104.132
3,5/07/2025 15:00,9/02/2000 15:00,16.099,16.5,-0.401,103.105
3,5/07/2025 16:00,9/02/2000 16:00,16.099,16,0.099,103.105
3,5/07/2025 17:00,9/02/2000 17:00,16.099,15.5,0.599,103.619
3,5/07/2025 18:00,9/02/2000 18:00,15.598,15,0.598,103.619
3,5/07/2025 19:00,9/02/2000 19:00,15.097,14.5,0.597,102.59
3,5/07/2025 20:00,9/02/2000 20:00,15.097,14,1.097,103.105
3,5/07/2025 21:00,9/02/2000 21:00,14.596,14,0.596,103.619
3,5/07/2025 22:00,9/02/2000 22:00,14.596,14,0.596,103.619
3,5/07/2025 23:00,9/02/2000 23:00,14.596,14,0.596,103.619
3,6/07/2025 0:00,10/02/2000 0:00,14.596,14,0.596,103.619
3,6/07/2025 1:00,10/02/2000 1:00,14.095,14,0.095,103.619
3,6/07/2025 2:00,10/02/2000 2:00,14.095,14,0.095,103.105
3,6/07/2025 3:00,10/02/2000 3:00,14.095,13.5,0.595,103.619
3,6/07/2025 4:00,10/02/2000 4:00,14.095,13,1.095,104.132
3,6/07/2025 5:00,10/02/2000 5:00,13.594,13,0.594,104.644
3,6/07/2025 6:00,10/02/2000 6:00,13.093,12.5,0.593,104.132
3,6/07/2025 7:00,10/02/2000 7:00,13.093,12,1.093,104.132
3,6/07/2025 8:00,10/02/2000 8:00,13.093,12.5,0.593,104.644
3,6/07/2025 9:00,10/02/2000 9:00,13.093,13,0.093,103.105
3,6/07/2025 10:00,10/02/2000 10:00,13.594,13.5,0.094,103.619
3,6/07/2025 11:00,10/02/2000 11:00,14.095,14,0.095,103.619
3,6/07/2025 12:00,10/02/2000 12:00,14.095,14.5,-0.405,102.073
3,6/07/2025 13:00,10/02/2000 13:00,14.596,14.5,0.096,103.105
3,6/07/2025 14:00,10/02/2000 14:00,14.596,14.5,0.096,102.59
3,6/07/2025 15:00,10/02/2000 15:00,15.097,15,0.097,102.073
3,6/07/2025 16:00,10/02/2000 16:00,14.596,14.5,0.096,103.105
3,6/07/2025 17:00,10/02/2000 17:00,14.596,13.5,1.096,102.59
3,6/07/2025 18:00,10/02/2000 18:00,14.095,13,1.095,103.105
3,6/07/2025 19:00,10/02/2000 19:00,13.594,12.5,1.094,103.105
3,6/07/2025 20:00,10/02/2000 20:00,13.093,11,2.093,103.619
3,6/07/2025 21:00,10/02/2000 21:00,12.09,11,1.09,103.619
3,6/07/2025 22:00,10/02/2000 22:00,11.589,10.5,1.089,104.132
3,6/07/2025 23:00,10/02/2000 23:00,11.088,9.5,1.588,103.619
3,7/07/2025 0:00,11/02/2000 0:00,10.085,9,1.085,104.132
3,7/07/2025 1:00,11/02/2000 1:00,9.583,8,1.583,104.132
3,7/07/2025 2:00,11/02/2000 2:00,9.082,8,1.082,104.132
3,7/07/2025 3:00,11/02/2000 3:00,9.082,7.5,1.582,105.663
3,7/07/2025 4:00,11/02/2000 4:00,8.58,7.5,1.08,104.644
3,7/07/2025 5:00,11/02/2000 5:00,8.58,7,1.58,105.154
3,7/07/2025 6:00,11/02/2000 6:00,8.078,7.5,0.578,105.663
3,7/07/2025 7:00,11/02/2000 7:00,8.078,7,1.078,104.132
3,7/07/2025 8:00,11/02/2000 8:00,8.078,7,1.078,106.171
3,7/07/2025 9:00,11/02/2000 9:00,8.078,8,0.078,105.154
3,7/07/2025 10:00,11/02/2000 10:00,8.58,9,-0.42,104.644
3,7/07/2025 11:00,11/02/2000 11:00,9.583,10.5,-0.917,104.644
3,7/07/2025 12:00,11/02/2000 12:00,10.586,11.5,-0.914,104.644
3,7/07/2025 13:00,11/02/2000 13:00,11.589,12.5,-0.911,104.132
3,7/07/2025 14:00,11/02/2000 14:00,12.09,12.5,-0.41,103.619
3,7/07/2025 15:00,11/02/2000 15:00,12.592,13,-0.408,103.105
3,7/07/2025 16:00,11/02/2000 16:00,12.592,12.5,0.092,103.619
3,7/07/2025 17:00,11/02/2000 17:00,12.592,11,1.592,103.619
3,7/07/2025 18:00,11/02/2000 18:00,11.589,10.5,1.089,104.132
3,7/07/2025 19:00,11/02/2000 19:00,11.088,10,1.088,103.619
3,7/07/2025 20:00,11/02/2000 20:00,10.586,9.5,1.086,103.619
3,7/07/2025 21:00,11/02/2000 21:00,9.583,9,0.583,105.663
3,7/07/2025 22:00,11/02/2000 22:00,9.583,8,1.583,104.132
3,7/07/2025 23:00,11/02/2000 23:00,9.082,7,2.082,104.644
3,8/07/2025 0:00,12/02/2000 0:00,8.58,8,0.58,104.132
3,8/07/2025 1:00,12/02/2000 1:00,8.58,8,0.58,104.644
3,8/07/2025 2:00,12/02/2000 2:00,8.58,8,0.58,104.644
3,8/07/2025 3:00,12/02/2000 3:00,8.58,7.5,1.08,104.132
3,8/07/2025 4:00,12/02/2000 4:00,8.58,8.5,0.08,104.132
3,8/07/2025 5:00,12/02/2000 5:00,9.082,9,0.082,104.132
3,8/07/2025 6:00,12/02/2000 6:00,9.082,9,0.082,104.132
3,8/07/2025 7:00,12/02/2000 7:00,9.583,9,0.583,104.132
3,8/07/2025 8:00,12/02/2000 8:00,9.583,9,0.583,104.132
3,8/07/2025 9:00,12/02/2000 9:00,9.082,9.5,-0.418,104.644
3,8/07/2025 10:00,12/02/2000 10:00,9.583,10.5,-0.917,104.644
3,8/07/2025 11:00,12/02/2000 11:00,11.589,12.5,-0.911,103.619
3,8/07/2025 12:00,12/02/2000 12:00,12.592,13.5,-0.908,103.619
3,8/07/2025 13:00,12/02/2000 13:00,13.093,13,0.093,103.105
3,8/07/2025 14:00,12/02/2000 14:00,13.594,13.5,0.094,102.59
3,8/07/2025 15:00,12/02/2000 15:00,13.594,13.5,0.094,101.555
3,8/07/2025 16:00,12/02/2000 16:00,13.594,13,0.594,103.105
3,8/07/2025 17:00,12/02/2000 17:00,13.093,12.5,0.593,103.105
3,8/07/2025 18:00,12/02/2000 18:00,13.093,12.5,0.593,103.619
3,8/07/2025 19:00,12/02/2000 19:00,12.592,12.5,0.092,103.619
3,8/07/2025 20:00,12/02/2000 20:00,12.592,12.5,0.092,103.105
3,8/07/2025 21:00,12/02/2000 21:00,12.592,12.5,0.092,103.105
3,8/07/2025 22:00,12/02/2000 22:00,12.592,12.5,0.092,102.073
3,8/07/2025 23:00,12/02/2000 23:00,12.592,12.5,0.092,103.619
3,9/07/2025 0:00,13/02/2000 0:00,12.592,12,0.592,103.105
3,9/07/2025 1:00,13/02/2000 1:00,12.592,12.5,0.092,103.619
3,9/07/2025 2:00,13/02/2000 2:00,12.592,12.5,0.092,103.105
3,9/07/2025 3:00,13/02/2000 3:00,12.592,12.5,0.092,103.105
3,9/07/2025 4:00,13/02/2000 4:00,12.592,12,0.592,103.105
3,9/07/2025 5:00,13/02/2000 5:00,12.592,12.5,0.092,103.105
3,9/07/2025 6:00,13/02/2000 6:00,12.592,12,0.592,103.105
3,9/07/2025 7:00,13/02/2000 7:00,12.592,12.5,0.092,103.105
3,9/07/2025 8:00,13/02/2000 8:00,12.592,12.5,0.092,103.619
3,9/07/2025 9:00,13/02/2000 9:00,12.592,13,-0.408,103.105
3,9/07/2025 10:00,13/02/2000 10:00,13.093,13,0.093,103.619
3,9/07/2025 11:00,13/02/2000 11:00,13.594,13.5,0.094,105.154
3,9/07/2025 12:00,13/02/2000 12:00,13.594,13.5,0.094,102.59
3,9/07/2025 13:00,13/02/2000 13:00,14.095,14,0.095,103.619
3,9/07/2025 14:00,13/02/2000 14:00,14.095,14,0.095,103.105
3,9/07/2025 15:00,13/02/2000 15:00,14.095,14,0.095,102.59
3,9/07/2025 16:00,13/02/2000 16:00,14.095,14,0.095,103.619
3,9/07/2025 17:00,13/02/2000 17:00,14.095,13.5,0.595,103.105
3,9/07/2025 18:00,13/02/2000 18:00,14.095,13,1.095,103.105
3,9/07/2025 19:00,13/02/2000 19:00,13.594,13,0.594,103.619
3,9/07/2025 20:00,13/02/2000 20:00,13.594,13,0.594,103.105
3,9/07/2025 21:00,13/02/2000 21:00,13.594,13.5,0.094,103.105
3,9/07/2025 22:00,13/02/2000 22:00,13.594,13.5,0.094,103.105
3,9/07/2025 23:00,13/02/2000 23:00,14.095,13.5,0.595,103.619
3,10/07/2025 0:00,14/02/2000 0:00,14.095,14,0.095,103.105
3,10/07/2025 1:00,14/02/2000 1:00,14.095,13.5,0.595,102.59
3,10/07/2025 2:00,14/02/2000 2:00,14.095,13.5,0.595,102.073
3,10/07/2025 3:00,14/02/2000 3:00,14.095,13.5,0.595,103.105
3,10/07/2025 4:00,14/02/2000 4:00,13.594,13,0.594,103.105
3,10/07/2025 5:00,14/02/2000 5:00,13.594,13,0.594,103.619
3,10/07/2025 6:00,14/02/2000 6:00,13.594,13.5,0.094,103.619
3,10/07/2025 7:00,14/02/2000 7:00,14.095,14,0.095,102.59
3,10/07/2025 8:00,14/02/2000 8:00,14.095,14,0.095,103.105
3,10/07/2025 9:00,14/02/2000 9:00,14.596,15,-0.404,102.59
3,10/07/2025 10:00,14/02/2000 10:00,15.598,15.5,0.098,102.59
3,10/07/2025 11:00,14/02/2000 11:00,15.598,15.5,0.098,103.105
3,10/07/2025 12:00,14/02/2000 12:00,15.598,15.5,0.098,102.59
3,10/07/2025 13:00,14/02/2000 13:00,15.598,15,0.598,103.105
3,10/07/2025 14:00,14/02/2000 14:00,15.598,16,-0.402,103.619
3,10/07/2025 15:00,14/02/2000 15:00,16.099,16,0.099,102.59
3,10/07/2025 16:00,14/02/2000 16:00,16.099,15.5,0.599,102.59
3,10/07/2025 17:00,14/02/2000 17:00,16.099,15.5,0.599,102.59
3,10/07/2025 18:00,14/02/2000 18:00,15.598,15.5,0.098,103.619
3,10/07/2025 19:00,14/02/2000 19:00,15.598,15,0.598,103.105
3,10/07/2025 20:00,14/02/2000 20:00,15.598,15.5,0.098,102.59
3,10/07/2025 21:00,14/02/2000 21:00,15.598,15.5,0.098,102.073
3,10/07/2025 22:00,14/02/2000 22:00,15.598,15.5,0.098,102.59
3,10/07/2025 23:00,14/02/2000 23:00,15.598,15.5,0.098,102.59
3,11/07/2025 0:00,15/02/2000 0:00,15.598,15.5,0.098,102.073
3,11/07/2025 1:00,15/02/2000 1:00,16.099,15.5,0.599,102.59
3,11/07/2025 2:00,15/02/2000 2:00,16.099,15.5,0.599,103.105
3,11/07/2025 3:00,15/02/2000 3:00,16.099,15.5,0.599,102.59
3,11/07/2025 4:00,15/02/2000 4:00,16.099,15.5,0.599,103.105
3,11/07/2025 5:00,15/02/2000 5:00,16.099,15.5,0.599,102.59
3,11/07/2025 6:00,15/02/2000 6:00,16.099,15.5,0.599,102.59
3,11/07/2025 7:00,15/02/2000 7:00,16.099,15.5,0.599,102.59
3,11/07/2025 8:00,15/02/2000 8:00,16.099,15.5,0.599,102.073
3,11/07/2025 9:00,15/02/2000 9:00,16.099,16,0.099,102.59
3,11/07/2025 10:00,15/02/2000 10:00,16.099,16,0.099,102.59
3,11/07/2025 11:00,15/02/2000 11:00,16.099,15.5,0.599,102.59
3,11/07/2025 12:00,15/02/2000 12:00,16.099,15.5,0.599,102.59
3,11/07/2025 13:00,15/02/2000 13:00,16.099,15.5,0.599,102.59
3,11/07/2025 14:00,15/02/2000 14:00,15.598,15,0.598,102.59
3,11/07/2025 15:00,15/02/2000 15:00,15.598,15.5,0.098,103.105
3,11/07/2025 16:00,15/02/2000 16:00,16.099,15.5,0.599,103.619
3,11/07/2025 17:00,15/02/2000 17:00,15.598,14.5,1.098,102.59
3,11/07/2025 18:00,15/02/2000 18:00,14.596,14.5,0.096,103.105
3,11/07/2025 19:00,15/02/2000 19:00,14.596,14.5,0.096,102.59
3,11/07/2025 20:00,15/02/2000 20:00,14.596,14,0.596,102.073
3,11/07/2025 21:00,15/02/2000 21:00,14.596,13.5,1.096,103.105
3,11/07/2025 22:00,15/02/2000 22:00,14.095,14,0.095,103.105
3,11/07/2025 23:00,15/02/2000 23:00,14.095,14,0.095,103.619
3,12/07/2025 0:00,16/02/2000 0:00,14.095,12.5,1.595,104.132
3,12/07/2025 1:00,16/02/2000 1:00,13.594,12.5,1.094,103.619
3,12/07/2025 2:00,16/02/2000 2:00,13.093,12,1.093,104.132
3,12/07/2025 3:00,16/02/2000 3:00,12.592,11.5,1.092,104.132
3,12/07/2025 4:00,16/02/2000 4:00,12.592,11.5,1.092,104.132
3,12/07/2025 5:00,16/02/2000 5:00,12.09,11.5,0.59,104.132
3,12/07/2025 6:00,16/02/2000 6:00,12.09,11.5,0.59,104.132
3,12/07/2025 7:00,16/02/2000 7:00,12.09,11,1.09,103.619
4,7/06/2025 5:01,12/01/2000 5:00,13.009,13.5,-0.491,67.623
4,7/06/2025 6:01,12/01/2000 6:00,13.009,13,0.009,67.623
4,7/06/2025 7:01,12/01/2000 7:00,12.508,12.5,0.008,68.216
4,7/06/2025 8:01,12/01/2000 8:00,12.508,12.5,0.008,68.216
4,7/06/2025 9:01,12/01/2000 9:00,13.009,13.5,-0.491,68.216
4,7/06/2025 10:01,12/01/2000 10:00,13.509,13.5,0.009,67.623
4,7/06/2025 11:01,12/01/2000 11:00,14.51,15,-0.49,71.742
4,7/06/2025 12:01,12/01/2000 12:00,11.507,10.5,1.007,80.872
4,7/06/2025 13:01,12/01/2000 13:00,11.007,11,0.007,81.429
4,7/06/2025 14:01,12/01/2000 14:00,11.507,11.5,0.007,82.539
4,7/06/2025 15:01,12/01/2000 15:00,11.507,11,0.507,81.985
4,7/06/2025 16:01,12/01/2000 16:00,11.007,10.5,0.507,81.985
4,7/06/2025 17:01,12/01/2000 17:00,10.506,10,0.506,81.429
4,7/06/2025 18:01,12/01/2000 18:00,10.006,9.5,0.506,81.429
4,7/06/2025 19:01,12/01/2000 19:00,9.505,9.5,0.005,81.429
4,7/06/2025 20:01,12/01/2000 20:00,9.505,9.5,0.005,81.429
4,7/06/2025 21:01,12/01/2000 21:00,9.505,9.5,0.005,81.985
4,7/06/2025 22:01,12/01/2000 22:00,9.505,9.5,0.005,81.985
4,7/06/2025 23:01,12/01/2000 23:00,10.006,9.5,0.506,81.985
4,8/06/2025 0:01,13/01/2000 0:00,9.505,9.5,0.005,81.985
4,8/06/2025 1:01,13/01/2000 1:00,9.005,9,0.005,81.985
4,8/06/2025 2:01,13/01/2000 2:00,8.504,8.5,0.004,81.985
4,8/06/2025 3:01,13/01/2000 3:00,8.003,8.5,-0.497,82.539
4,8/06/2025 4:01,13/01/2000 4:00,8.003,8,0.003,81.985
4,8/06/2025 5:01,13/01/2000 5:00,7.503,8,-0.497,82.539
4,8/06/2025 6:01,13/01/2000 6:00,7.002,7,0.002,82.539
4,8/06/2025 7:01,13/01/2000 7:00,7.002,7,0.002,82.539
4,8/06/2025 8:01,13/01/2000 8:00,6.501,7,-0.499,82.539
4,8/06/2025 9:01,13/01/2000 9:00,6.501,7.5,-0.999,83.092
4,8/06/2025 10:01,13/01/2000 10:00,7.503,8.5,-0.997,83.643
4,8/06/2025 11:01,13/01/2000 11:00,9.005,10,-0.995,84.741
4,8/06/2025 12:01,13/01/2000 12:00,10.506,10.5,0.006,85.832
4,8/06/2025 13:01,13/01/2000 13:00,11.007,11.5,-0.493,85.832
4,8/06/2025 14:01,13/01/2000 14:00,12.008,11.5,0.508,85.832
4,8/06/2025 15:01,13/01/2000 15:00,12.008,11.5,0.508,86.918
4,8/06/2025 16:01,13/01/2000 16:00,12.008,11,1.008,85.832
4,8/06/2025 17:01,13/01/2000 17:00,11.507,11,0.507,85.287
4,8/06/2025 18:01,13/01/2000 18:00,11.507,10.5,1.007,86.376
4,8/06/2025 19:01,13/01/2000 19:00,10.506,10.5,0.006,86.918
4,8/06/2025 20:01,13/01/2000 20:00,10.506,10,0.506,85.832
4,8/06/2025 21:01,13/01/2000 21:00,10.006,10,0.006,85.832
4,8/06/2025 22:01,13/01/2000 22:00,10.506,10.5,0.006,86.376
4,8/06/2025 23:01,13/01/2000 23:00,10.506,10,0.506,86.376
4,9/06/2025 0:01,14/01/2000 0:00,10.506,10.5,0.006,86.376
4,9/06/2025 1:01,14/01/2000 1:00,11.007,11.5,-0.493,86.918
4,9/06/2025 2:01,14/01/2000 2:00,11.507,11.5,0.007,86.918
4,9/06/2025 3:01,14/01/2000 3:00,11.507,11,0.507,86.918
4,9/06/2025 4:01,14/01/2000 4:00,11.507,11,0.507,86.918
4,9/06/2025 5:01,14/01/2000 5:00,11.507,11,0.507,86.376
4,9/06/2025 6:01,14/01/2000 6:00,11.507,11,0.507,87.458
4,9/06/2025 7:01,14/01/2000 7:00,11.507,11.5,0.007,87.458
4,9/06/2025 8:01,14/01/2000 8:00,11.507,11.5,0.007,87.997
4,9/06/2025 9:01,14/01/2000 9:00,12.008,12.5,-0.492,87.997
4,9/06/2025 10:01,14/01/2000 10:00,13.009,13.5,-0.491,89.604
4,9/06/2025 11:01,14/01/2000 11:00,14.01,14,0.01,88.534
4,9/06/2025 12:01,14/01/2000 12:00,14.51,15,-0.49,89.07
4,9/06/2025 13:01,14/01/2000 13:00,15.511,16,-0.489,89.07
4,9/06/2025 14:01,14/01/2000 14:00,16.511,16.5,0.011,88.534
4,9/06/2025 15:01,14/01/2000 15:00,16.511,16.5,0.011,87.997
4,9/06/2025 16:01,14/01/2000 16:00,16.511,16.5,0.011,88.534
4,9/06/2025 17:01,14/01/2000 17:00,16.011,15,1.011,87.997
4,9/06/2025 18:01,14/01/2000 18:00,15.01,14,1.01,87.458
4,9/06/2025 19:01,14/01/2000 19:00,14.51,14,0.51,87.458
4,9/06/2025 20:01,14/01/2000 20:00,14.01,13.5,0.51,87.997
4,9/06/2025 21:01,14/01/2000 21:00,13.509,13,0.509,87.458
4,9/06/2025 22:01,14/01/2000 22:00,12.508,12.5,0.008,87.997
4,9/06/2025 23:01,14/01/2000 23:00,12.008,12.5,-0.492,87.458
4,10/06/2025 0:01,15/01/2000 0:00,12.008,12,0.008,87.997
4,10/06/2025 1:01,15/01/2000 1:00,12.008,11.5,0.508,87.997
4,10/06/2025 2:01,15/01/2000 2:00,11.507,11.5,0.007,87.997
4,10/06/2025 3:01,15/01/2000 3:00,11.007,11,0.007,87.997
4,10/06/2025 4:01,15/01/2000 4:00,10.506,11,-0.494,87.997
4,10/06/2025 5:01,15/01/2000 5:00,10.006,10,0.006,87.997
4,10/06/2025 6:01,15/01/2000 6:00,10.006,10.5,-0.494,87.458
4,10/06/2025 7:01,15/01/2000 7:00,10.006,10.5,-0.494,87.997
4,10/06/2025 8:01,15/01/2000 8:00,10.006,11,-0.994,87.458
4,10/06/2025 9:01,15/01/2000 9:00,10.506,11,-0.494,88.534
4,10/06/2025 10:01,15/01/2000 10:00,11.507,11.5,0.007,88.534
4,10/06/2025 11:01,15/01/2000 11:00,12.008,12,0.008,89.07
4,10/06/2025 12:01,15/01/2000 12:00,12.508,12.5,0.008,89.07
4,10/06/2025 13:01,15/01/2000 13:00,13.009,13.5,-0.491,90.136
4,10/06/2025 14:01,15/01/2000 14:00,14.51,15,-0.49,90.136
4,10/06/2025 15:01,15/01/2000 15:00,15.511,15.5,0.011,90.136
4,10/06/2025 16:01,15/01/2000 16:00,16.011,16,0.011,90.667
4,10/06/2025 17:01,15/01/2000 17:00,16.011,16,0.011,91.197
4,10/06/2025 18:01,15/01/2000 18:00,16.011,16,0.011,91.197
4,10/06/2025 19:01,15/01/2000 19:00,16.011,16,0.011,91.725
4,10/06/2025 20:01,15/01/2000 20:00,16.011,16,0.011,91.197
4,10/06/2025 21:01,15/01/2000 21:00,16.011,16,0.011,92.251
4,10/06/2025 22:01,15/01/2000 22:00,16.511,16,0.511,92.251
4,10/06/2025 23:01,15/01/2000 23:00,16.511,16,0.511,92.776
4,11/06/2025 0:01,16/01/2000 0:00,16.011,16,0.011,93.299
4,11/06/2025 1:01,16/01/2000 1:00,16.011,16,0.011,93.821
4,11/06/2025 2:01,16/01/2000 2:00,16.011,15.5,0.511,93.821
4,11/06/2025 3:01,16/01/2000 3:00,15.511,15,0.511,93.821
4,11/06/2025 4:01,16/01/2000 4:00,15.01,15,0.01,94.341
4,11/06/2025 5:01,16/01/2000 5:00,14.51,14.5,0.01,94.86
4,11/06/2025 6:01,16/01/2000 6:00,14.01,14,0.01,95.377
4,11/06/2025 7:01,16/01/2000 7:00,14.01,14,0.01,95.377
4,11/06/2025 8:01,16/01/2000 8:00,13.509,14,-0.491,94.86
4,11/06/2025 9:01,16/01/2000 9:00,13.509,14,-0.491,95.377
4,11/06/2025 10:01,16/01/2000 10:00,14.01,14.5,-0.49,95.377
4,11/06/2025 11:01,16/01/2000 11:00,14.51,15,-0.49,95.377
4,11/06/2025 12:01,16/01/2000 12:00,15.01,15.5,-0.49,95.377
4,11/06/2025 13:01,16/01/2000 13:00,15.511,15.5,0.011,95.892
4,11/06/2025 14:01,16/01/2000 14:00,15.511,16,-0.489,95.377
4,11/06/2025 15:01,16/01/2000 15:00,15.01,15.5,-0.49,95.892
4,11/06/2025 16:01,16/01/2000 16:00,15.01,15.5,-0.49,95.892
4,11/06/2025 17:01,16/01/2000 17:00,15.01,15,0.01,95.892
4,11/06/2025 18:01,16/01/2000 18:00,14.51,14.5,0.01,96.406
4,11/06/2025 19:01,16/01/2000 19:00,14.01,14.5,-0.49,95.892
4,11/06/2025 20:01,16/01/2000 20:00,14.01,14,0.01,95.892
4,11/06/2025 21:01,16/01/2000 21:00,13.509,14,-0.491,96.406
4,11/06/2025 22:01,16/01/2000 22:00,13.509,14,-0.491,95.892
4,11/06/2025 23:01,16/01/2000 23:00,13.509,13.5,0.009,96.406
4,12/06/2025 0:01,17/01/2000 0:00,13.009,13.5,-0.491,96.406
4,12/06/2025 1:01,17/01/2000 1:00,13.009,13.5,-0.491,96.406
4,12/06/2025 2:01,17/01/2000 2:00,13.009,13.5,-0.491,96.406
4,12/06/2025 3:01,17/01/2000 3:00,13.009,13.5,-0.491,95.377
4,12/06/2025 4:01,17/01/2000 4:00,13.009,13.5,-0.491,96.919
4,12/06/2025 5:01,17/01/2000 5:00,13.009,13.5,-0.491,96.919
4,12/06/2025 6:01,17/01/2000 6:00,13.009,13.5,-0.491,96.406
4,12/06/2025 7:01,17/01/2000 7:00,13.009,13,0.009,96.406
4,12/06/2025 8:01,17/01/2000 8:00,12.508,13,-0.492,97.429
4,12/06/2025 9:01,17/01/2000 9:00,12.508,13,-0.492,96.406
4,12/06/2025 10:01,17/01/2000 10:00,13.009,14,-0.991,96.406
4,12/06/2025 11:01,17/01/2000 11:00,14.01,14.5,-0.49,95.892
4,12/06/2025 12:01,17/01/2000 12:00,14.51,15,-0.49,95.892
4,12/06/2025 13:01,17/01/2000 13:00,14.51,15.5,-0.99,95.892
4,12/06/2025 14:01,17/01/2000 14:00,15.01,16,-0.99,95.892
4,12/06/2025 15:01,17/01/2000 15:00,15.511,16.5,-0.989,95.892
4,12/06/2025 16:01,17/01/2000 16:00,16.011,16.5,-0.489,95.377
4,12/06/2025 17:01,17/01/2000 17:00,16.011,15.5,0.511,94.86
4,12/06/2025 18:01,17/01/2000 18:00,15.01,14.5,0.51,94.341
4,12/06/2025 19:01,17/01/2000 19:00,14.51,14.5,0.01,95.377
4,12/06/2025 20:01,17/01/2000 20:00,14.01,14,0.01,94.86
4,12/06/2025 21:01,17/01/2000 21:00,13.509,13.5,0.009,94.341
4,12/06/2025 22:01,17/01/2000 22:00,13.009,13.5,-0.491,94.86
4,12/06/2025 23:01,17/01/2000 23:00,13.009,13,0.009,94.86
4,13/06/2025 0:01,18/01/2000 0:00,12.508,13,-0.492,93.299
4,13/06/2025 1:01,18/01/2000 1:00,12.508,13,-0.492,94.86
4,13/06/2025 2:01,18/01/2000 2:00,12.508,13,-0.492,94.341
4,13/06/2025 3:01,18/01/2000 3:00,12.508,12.5,0.008,94.86
4,13/06/2025 4:01,18/01/2000 4:00,12.008,12.5,-0.492,93.821
4,13/06/2025 5:01,18/01/2000 5:00,12.008,12.5,-0.492,94.86
4,13/06/2025 6:01,18/01/2000 6:00,12.508,12.5,0.008,94.86
4,13/06/2025 7:01,18/01/2000 7:00,12.508,12.5,0.008,93.821
4,13/06/2025 8:01,18/01/2000 8:00,12.508,13,-0.492,94.86
4,13/06/2025 9:01,18/01/2000 9:00,12.508,13,-0.492,94.341
4,13/06/2025 10:01,18/01/2000 10:00,13.009,13.5,-0.491,94.86
4,13/06/2025 11:01,18/01/2000 11:00,13.509,14.5,-0.991,94.86
4,13/06/2025 12:01,18/01/2000 12:00,14.01,15.5,-1.49,94.341
4,13/06/2025 13:01,18/01/2000 13:00,15.01,16.5,-1.49,93.821
4,13/06/2025 14:01,18/01/2000 14:00,15.01,17,-1.99,93.299
4,13/06/2025 15:01,18/01/2000 15:00,15.511,16,-0.489,92.776
4,13/06/2025 16:01,18/01/2000 16:00,15.01,16,-0.99,92.776
4,13/06/2025 17:01,18/01/2000 17:00,15.01,14,1.01,92.776
4,13/06/2025 18:01,18/01/2000 18:00,14.01,13.5,0.51,92.776
4,13/06/2025 19:01,18/01/2000 19:00,13.509,13,0.509,92.251
4,13/06/2025 20:01,18/01/2000 20:00,12.508,13,-0.492,93.299
4,13/06/2025 21:01,18/01/2000 21:00,12.008,12.5,-0.492,93.299
4,13/06/2025 22:01,18/01/2000 22:00,12.008,12,0.008,92.776
4,13/06/2025 23:01,18/01/2000 23:00,11.507,12,-0.493,93.821
4,14/06/2025 0:01,19/01/2000 0:00,11.007,12,-0.993,93.821
4,14/06/2025 1:01,19/01/2000 1:00,11.007,11.5,-0.493,93.299
4,14/06/2025 2:01,19/01/2000 2:00,11.007,11,0.007,93.299
4,14/06/2025 3:01,19/01/2000 3:00,10.506,11,-0.494,93.299
4,14/06/2025 4:01,19/01/2000 4:00,10.506,11,-0.494,93.299
4,14/06/2025 5:01,19/01/2000 5:00,10.506,11,-0.494,92.776
4,14/06/2025 6:01,19/01/2000 6:00,10.506,11,-0.494,93.299
4,14/06/2025 7:01,19/01/2000 7:00,10.006,10.5,-0.494,93.821
4,14/06/2025 8:01,19/01/2000 8:00,10.006,10.5,-0.494,92.776
4,14/06/2025 9:01,19/01/2000 9:00,10.006,11,-0.994,93.299
4,14/06/2025 10:01,19/01/2000 10:00,10.506,11.5,-0.994,93.821
4,14/06/2025 11:01,19/01/2000 11:00,11.507,12.5,-0.993,93.299
4,14/06/2025 12:01,19/01/2000 12:00,12.508,14,-1.492,93.299
4,14/06/2025 13:01,19/01/2000 13:00,13.509,15,-1.491,93.821
4,14/06/2025 14:01,19/01/2000 14:00,14.01,14.5,-0.49,93.299
4,14/06/2025 15:01,19/01/2000 15:00,14.01,14,0.01,92.776
4,14/06/2025 16:01,19/01/2000 16:00,14.01,14,0.01,93.299
4,14/06/2025 17:01,19/01/2000 17:00,14.01,14,0.01,94.341
4,14/06/2025 18:01,19/01/2000 18:00,14.01,13.5,0.51,93.821
4,14/06/2025 19:01,19/01/2000 19:00,13.509,13.5,0.009,94.341
4,14/06/2025 20:01,19/01/2000 20:00,13.009,13,0.009,93.821
4,14/06/2025 21:01,19/01/2000 21:00,13.009,13,0.009,93.299
4,14/06/2025 22:01,19/01/2000 22:00,13.009,13,0.009,93.299
4,14/06/2025 23:01,19/01/2000 23:00,12.508,12.5,0.008,93.299
4,15/06/2025 0:01,20/01/2000 0:00,12.008,11.5,0.508,93.821
4,15/06/2025 1:01,20/01/2000 1:00,11.507,11.5,0.007,93.821
4,15/06/2025 2:01,20/01/2000 2:00,11.007,11.5,-0.493,93.299
4,15/06/2025 3:01,20/01/2000 3:00,11.007,11,0.007,93.299
4,15/06/2025 4:01,20/01/2000 4:00,10.506,11,-0.494,93.299
4,15/06/2025 5:01,20/01/2000 5:00,10.506,11,-0.494,92.251
4,15/06/2025 6:01,20/01/2000 6:00,10.506,10.5,0.006,93.821
4,15/06/2025 7:01,20/01/2000 7:00,10.506,10.5,0.006,93.821
4,15/06/2025 8:01,20/01/2000 8:00,10.006,10.5,-0.494,92.776
4,15/06/2025 9:01,20/01/2000 9:00,10.006,11,-0.994,93.299
4,15/06/2025 10:01,20/01/2000 10:00,10.506,11.5,-0.994,94.341
4,15/06/2025 11:01,20/01/2000 11:00,11.507,12,-0.493,93.821
4,15/06/2025 12:01,20/01/2000 12:00,12.008,12.5,-0.492,94.341
4,15/06/2025 13:01,20/01/2000 13:00,13.009,13.5,-0.491,94.341
4,15/06/2025 14:01,20/01/2000 14:00,13.509,14,-0.491,93.821
4,15/06/2025 15:01,20/01/2000 15:00,14.01,14,0.01,93.821
4,15/06/2025 16:01,20/01/2000 16:00,14.01,13.5,0.51,93.821
4,15/06/2025 17:01,20/01/2000 17:00,13.509,13.5,0.009,96.406
4,15/06/2025 18:01,20/01/2000 18:00,13.509,13,0.509,96.406
4,15/06/2025 19:01,20/01/2000 19:00,13.009,13,0.009,96.406
4,15/06/2025 20:01,20/01/2000 20:00,13.009,13,0.009,96.919
4,15/06/2025 21:01,20/01/2000 21:00,12.508,12.5,0.008,96.919
4,15/06/2025 22:01,20/01/2000 22:00,12.508,12,0.508,96.919
4,15/06/2025 23:01,20/01/2000 23:00,12.008,12,0.008,97.939
4,16/06/2025 0:01,21/01/2000 0:00,12.008,12.5,-0.492,97.429
4,16/06/2025 1:01,21/01/2000 1:00,12.008,12,0.008,97.429
4,16/06/2025 2:01,21/01/2000 2:00,12.008,12,0.008,97.429
4,16/06/2025 3:01,21/01/2000 3:00,12.008,12,0.008,97.939
4,16/06/2025 4:01,21/01/2000 4:00,11.507,12,-0.493,97.939
4,16/06/2025 5:01,21/01/2000 5:00,11.507,12,-0.493,97.939
4,16/06/2025 6:01,21/01/2000 6:00,12.008,12,0.008,97.939
4,16/06/2025 7:01,21/01/2000 7:00,12.008,12,0.008,98.446
4,16/06/2025 8:01,21/01/2000 8:00,12.008,12,0.008,97.939
4,16/06/2025 9:01,21/01/2000 9:00,12.008,12.5,-0.492,97.939
4,16/06/2025 10:01,21/01/2000 10:00,12.508,12.5,0.008,97.939
4,16/06/2025 11:01,21/01/2000 11:00,12.508,12.5,0.008,97.939
4,16/06/2025 12:01,21/01/2000 12:00,12.508,13,-0.492,97.939
4,16/06/2025 13:01,21/01/2000 13:00,13.009,13.5,-0.491,97.939
4,16/06/2025 14:01,21/01/2000 14:00,13.009,13.5,-0.491,98.446
4,16/06/2025 15:01,21/01/2000 15:00,13.509,14,-0.491,97.939
4,16/06/2025 16:01,21/01/2000 16:00,13.509,13.5,0.009,98.953
4,16/06/2025 17:01,21/01/2000 17:00,13.509,13,0.509,97.939
4,16/06/2025 18:01,21/01/2000 18:00,13.509,13,0.509,97.429
4,16/06/2025 19:01,21/01/2000 19:00,13.009,13,0.009,97.939
4,16/06/2025 20:01,21/01/2000 20:00,13.009,12.5,0.509,97.939
4,16/06/2025 21:01,21/01/2000 21:00,12.508,12.5,0.008,97.939
4,16/06/2025 22:01,21/01/2000 22:00,12.008,12,0.008,97.939
4,16/06/2025 23:01,21/01/2000 23:00,12.008,11.5,0.508,97.939
4,17/06/2025 0:01,22/01/2000 0:00,11.507,11.5,0.007,97.939
4,17/06/2025 1:01,22/01/2000 1:00,11.007,11,0.007,97.939
4,17/06/2025 2:01,22/01/2000 2:00,11.007,11,0.007,97.429
4,17/06/2025 3:01,22/01/2000 3:00,11.007,11.5,-0.493,97.939
4,17/06/2025 4:01,22/01/2000 4:00,11.507,12.5,-0.993,98.446
4,17/06/2025 5:01,22/01/2000 5:00,12.508,12.5,0.008,97.939
4,17/06/2025 6:01,22/01/2000 6:00,12.508,12.5,0.008,98.446
4,17/06/2025 7:01,22/01/2000 7:00,12.008,11.5,0.508,97.429
4,17/06/2025 8:01,22/01/2000 8:00,11.507,12,-0.493,97.429
4,17/06/2025 9:01,22/01/2000 9:00,12.008,12,0.008,97.429
4,17/06/2025 10:01,22/01/2000 10:00,12.508,13,-0.492,97.429
4,17/06/2025 11:01,22/01/2000 11:00,13.009,14,-0.991,97.429
4,17/06/2025 12:01,22/01/2000 12:00,14.01,14,0.01,97.429
4,17/06/2025 13:01,22/01/2000 13:00,14.01,14,0.01,95.892
4,17/06/2025 14:01,22/01/2000 14:00,14.01,14.5,-0.49,97.429
4,17/06/2025 15:01,22/01/2000 15:00,14.01,14,0.01,96.919
4,17/06/2025 16:01,22/01/2000 16:00,14.01,14,0.01,95.377
4,17/06/2025 17:01,22/01/2000 17:00,13.509,13,0.509,96.406
4,17/06/2025 18:01,22/01/2000 18:00,13.009,12.5,0.509,96.406
4,17/06/2025 19:01,22/01/2000 19:00,12.008,12,0.008,96.919
4,17/06/2025 20:01,22/01/2000 20:00,11.507,11.5,0.007,96.406
4,17/06/2025 21:01,22/01/2000 21:00,11.007,11.5,-0.493,96.406
4,17/06/2025 22:01,22/01/2000 22:00,11.007,11,0.007,96.406
4,17/06/2025 23:01,22/01/2000 23:00,10.506,10.5,0.006,96.406
4,18/06/2025 0:01,23/01/2000 0:00,10.006,10,0.006,96.919
4,18/06/2025 1:01,23/01/2000 1:00,9.505,10,-0.495,96.919
4,18/06/2025 2:01,23/01/2000 2:00,9.005,9.5,-0.495,96.919
4,18/06/2025 3:01,23/01/2000 3:00,8.504,9,-0.496,96.406
4,18/06/2025 4:01,23/01/2000 4:00,8.504,8.5,0.004,96.406
4,18/06/2025 5:01,23/01/2000 5:00,8.003,8.5,-0.497,96.406
4,18/06/2025 6:01,23/01/2000 6:00,7.503,8,-0.497,96.406
4,18/06/2025 7:01,23/01/2000 7:00,7.503,8,-0.497,96.919
4,18/06/2025 8:01,23/01/2000 8:00,7.503,7.5,0.003,96.406
4,18/06/2025 9:01,23/01/2000 9:00,7.002,8,-0.998,96.406
4,18/06/2025 10:01,23/01/2000 10:00,7.503,8.5,-0.997,97.429
4,18/06/2025 11:01,23/01/2000 11:00,8.504,10.5,-1.996,96.406
4,18/06/2025 12:01,23/01/2000 12:00,10.506,11.5,-0.994,96.919
4,18/06/2025 13:01,23/01/2000 13:00,11.507,12,-0.493,96.406
4,18/06/2025 14:01,23/01/2000 14:00,12.008,12,0.008,96.406
4,18/06/2025 15:01,23/01/2000 15:00,12.508,12,0.508,95.377
4,18/06/2025 16:01,23/01/2000 16:00,12.508,12.5,0.008,96.919
4,18/06/2025 17:01,23/01/2000 17:00,12.508,12,0.508,96.406
4,18/06/2025 18:01,23/01/2000 18:00,12.008,11.5,0.508,96.406
4,18/06/2025 19:01,23/01/2000 19:00,11.507,11,0.507,96.406
4,18/06/2025 20:01,23/01/2000 20:00,11.007,10.5,0.507,96.406
4,18/06/2025 21:01,23/01/2000 21:00,10.006,10,0.006,96.406
4,18/06/2025 22:01,23/01/2000 22:00,9.505,9.5,0.005,96.406
4,18/06/2025 23:01,23/01/2000 23:00,9.505,9,0.505,96.406
4,19/06/2025 0:01,24/01/2000 0:00,9.005,9,0.005,96.406
4,19/06/2025 1:01,24/01/2000 1:00,8.504,8.5,0.004,96.406
4,19/06/2025 2:01,24/01/2000 2:00,8.003,8.5,-0.497,96.406
4,19/06/2025 3:01,24/01/2000 3:00,8.003,8.5,-0.497,96.406
4,19/06/2025 4:01,24/01/2000 4:00,8.003,8,0.003,96.919
4,19/06/2025 5:01,24/01/2000 5:00,8.003,8,0.003,96.919
4,19/06/2025 6:01,24/01/2000 6:00,8.003,8,0.003,96.406
4,19/06/2025 7:01,24/01/2000 7:00,7.503,8,-0.497,96.919
4,19/06/2025 8:01,24/01/2000 8:00,7.503,8,-0.497,96.919
4,19/06/2025 9:01,24/01/2000 9:00,7.503,8.5,-0.997,96.919
4,19/06/2025 10:01,24/01/2000 10:00,8.504,9,-0.496,96.406
4,19/06/2025 11:01,24/01/2000 11:00,9.505,10.5,-0.995,96.919
4,19/06/2025 12:01,24/01/2000 12:00,10.506,11.5,-0.994,96.919
4,19/06/2025 13:01,24/01/2000 13:00,11.507,12,-0.493,97.429
4,19/06/2025 14:01,24/01/2000 14:00,12.008,12.5,-0.492,96.919
4,19/06/2025 15:01,24/01/2000 15:00,12.508,13,-0.492,96.406
4,19/06/2025 16:01,24/01/2000 16:00,13.009,13,0.009,96.919
4,19/06/2025 17:01,24/01/2000 17:00,13.009,12.5,0.509,95.892
4,19/06/2025 18:01,24/01/2000 18:00,13.009,12.5,0.509,96.919
4,19/06/2025 19:01,24/01/2000 19:00,12.508,12.5,0.008,96.406
4,19/06/2025 20:01,24/01/2000 20:00,12.508,12,0.508,96.406
4,19/06/2025 21:01,24/01/2000 21:00,12.008,12,0.008,96.919
4,19/06/2025 22:01,24/01/2000 22:00,12.008,11.5,0.508,96.406
4,19/06/2025 23:01,24/01/2000 23:00,11.507,11.5,0.007,96.919
4,20/06/2025 0:01,25/01/2000 0:00,11.507,11.5,0.007,96.919
4,20/06/2025 1:01,25/01/2000 1:00,11.507,11.5,0.007,96.406
4,20/06/2025 2:01,25/01/2000 2:00,11.507,11.5,0.007,96.919
4,20/06/2025 3:01,25/01/2000 3:00,11.507,11.5,0.007,96.919
4,20/06/2025 4:01,25/01/2000 4:00,11.507,12,-0.493,96.919
4,20/06/2025 5:01,25/01/2000 5:00,12.008,12,0.008,96.919
4,20/06/2025 6:01,25/01/2000 6:00,12.008,12,0.008,96.919
4,20/06/2025 7:01,25/01/2000 7:00,12.008,12,0.008,96.919
4,20/06/2025 8:01,25/01/2000 8:00,12.008,12.5,-0.492,96.919
4,20/06/2025 9:01,25/01/2000 9:00,12.508,12.5,0.008,96.919
4,20/06/2025 10:01,25/01/2000 10:00,12.508,13,-0.492,96.406
4,20/06/2025 11:01,25/01/2000 11:00,13.009,13.5,-0.491,96.919
4,20/06/2025 12:01,25/01/2000 12:00,13.509,13.5,0.009,96.919
4,20/06/2025 13:01,25/01/2000 13:00,13.509,13.5,0.009,96.919
4,20/06/2025 14:01,25/01/2000 14:00,14.01,14,0.01,96.919
4,20/06/2025 15:01,25/01/2000 15:00,14.01,14.5,-0.49,96.919
4,20/06/2025 16:01,25/01/2000 16:00,14.01,14,0.01,97.939
4,20/06/2025 17:01,25/01/2000 17:00,14.01,13.5,0.51,96.406
4,20/06/2025 18:01,25/01/2000 18:00,13.509,13,0.509,96.919
4,20/06/2025 19:01,25/01/2000 19:00,13.009,12.5,0.509,97.429
4,20/06/2025 20:01,25/01/2000 20:00,12.508,12,0.508,96.919
4,20/06/2025 21:01,25/01/2000 21:00,12.008,11.5,0.508,96.919
4,20/06/2025 22:01,25/01/2000 22:00,11.507,11,0.507,97.429
4,20/06/2025 23:01,25/01/2000 23:00,11.007,11,0.007,97.429
4,21/06/2025 0:01,26/01/2000 0:00,10.506,10,0.506,97.429
4,21/06/2025 1:01,26/01/2000 1:00,10.006,10,0.006,96.919
4,21/06/2025 2:01,26/01/2000 2:00,9.505,10,-0.495,97.429
4,21/06/2025 3:01,26/01/2000 3:00,9.505,10,-0.495,97.429
4,21/06/2025 4:01,26/01/2000 4:00,9.505,10,-0.495,96.919
4,21/06/2025 5:01,26/01/2000 5:00,9.505,10,-0.495,96.919
4,21/06/2025 6:01,26/01/2000 6:00,9.505,10,-0.495,96.919
4,21/06/2025 7:01,26/01/2000 7:00,9.505,10,-0.495,97.939
4,21/06/2025 8:01,26/01/2000 8:00,9.505,9.5,0.005,97.939
4,21/06/2025 9:01,26/01/2000 9:00,9.505,10,-0.495,97.939
4,21/06/2025 10:01,26/01/2000 10:00,9.505,10.5,-0.995,97.429
4,21/06/2025 11:01,26/01/2000 11:00,10.506,12,-1.494,97.939
4,21/06/2025 12:01,26/01/2000 12:00,12.008,12.5,-0.492,96.919
4,21/06/2025 13:01,26/01/2000 13:00,12.508,13.5,-0.992,95.892
4,21/06/2025 14:01,26/01/2000 14:00,13.009,14,-0.991,97.429
4,21/06/2025 15:01,26/01/2000 15:00,13.509,13.5,0.009,97.429
4,21/06/2025 16:01,26/01/2000 16:00,14.01,13.5,0.51,96.919
4,21/06/2025 17:01,26/01/2000 17:00,13.509,13,0.509,96.406
4,21/06/2025 18:01,26/01/2000 18:00,13.009,12.5,0.509,96.919
4,21/06/2025 19:01,26/01/2000 19:00,12.008,12,0.008,95.892
4,21/06/2025 20:01,26/01/2000 20:00,11.507,11,0.507,96.919
4,21/06/2025 21:01,26/01/2000 21:00,11.007,10.5,0.507,96.919
4,21/06/2025 22:01,26/01/2000 22:00,10.506,10.5,0.006,95.892
4,21/06/2025 23:01,26/01/2000 23:00,10.006,10,0.006,96.919
4,22/06/2025 0:01,27/01/2000 0:00,9.505,9.5,0.005,98.446
4,22/06/2025 1:01,27/01/2000 1:00,8.504,8.5,0.004,96.919
4,22/06/2025 2:01,27/01/2000 2:00,8.003,8.5,-0.497,96.919
4,22/06/2025 3:01,27/01/2000 3:00,8.003,8,0.003,96.919
4,22/06/2025 4:01,27/01/2000 4:00,7.503,8,-0.497,96.919
4,22/06/2025 5:01,27/01/2000 5:00,7.503,8,-0.497,97.429
4,22/06/2025 6:01,27/01/2000 6:00,7.503,8,-0.497,96.919
4,22/06/2025 7:01,27/01/2000 7:00,7.503,7,0.503,96.406
4,22/06/2025 8:01,27/01/2000 8:00,7.002,7.5,-0.498,96.919
4,22/06/2025 9:01,27/01/2000 9:00,7.002,7.5,-0.498,96.406
4,22/06/2025 10:01,27/01/2000 10:00,7.503,9,-1.497,96.406
4,22/06/2025 11:01,27/01/2000 11:00,9.005,10,-0.995,97.429
4,22/06/2025 12:01,27/01/2000 12:00,10.506,12,-1.494,96.919
4,22/06/2025 13:01,27/01/2000 13:00,11.507,13,-1.493,95.892
4,22/06/2025 14:01,27/01/2000 14:00,12.508,13.5,-0.992,95.377
4,22/06/2025 15:01,27/01/2000 15:00,12.508,13,-0.492,95.377
4,22/06/2025 16:01,27/01/2000 16:00,12.508,13,-0.492,94.86
4,22/06/2025 17:01,27/01/2000 17:00,12.508,12.5,0.008,94.341
4,22/06/2025 18:01,27/01/2000 18:00,12.008,12,0.008,94.86
4,22/06/2025 19:01,27/01/2000 19:00,12.008,11,1.008,94.86
4,22/06/2025 20:01,27/01/2000 20:00,11.507,11,0.507,94.86
4,22/06/2025 21:01,27/01/2000 21:00,10.506,11,-0.494,94.86
4,22/06/2025 22:01,27/01/2000 22:00,10.506,11,-0.494,94.341
4,22/06/2025 23:01,27/01/2000 23:00,11.007,11,0.007,94.86
4,23/06/2025 0:01,28/01/2000 0:00,11.007,11,0.007,95.377
4,23/06/2025 1:01,28/01/2000 1:00,10.506,11,-0.494,94.86
4,23/06/2025 2:01,28/01/2000 2:00,11.507,12.5,-0.993,94.341
4,23/06/2025 3:01,28/01/2000 3:00,12.008,12.5,-0.492,94.86
4,23/06/2025 4:01,28/01/2000 4:00,12.508,12.5,0.008,95.377
4,23/06/2025 5:01,28/01/2000 5:00,12.508,12.5,0.008,94.86
4,23/06/2025 6:01,28/01/2000 6:00,12.508,13,-0.492,95.377
4,23/06/2025 7:01,28/01/2000 7:00,13.009,13,0.009,95.377
4,23/06/2025 8:01,28/01/2000 8:00,13.009,14,-0.991,95.377
4,23/06/2025 9:01,28/01/2000 9:00,13.509,14,-0.491,93.821
4,23/06/2025 10:01,28/01/2000 10:00,14.01,14.5,-0.49,94.86
4,23/06/2025 11:01,28/01/2000 11:00,14.51,15.5,-0.99,94.341
4,23/06/2025 12:01,28/01/2000 12:00,15.511,16.5,-0.989,93.821
4,23/06/2025 13:01,28/01/2000 13:00,16.011,17,-0.989,92.251
4,23/06/2025 14:01,28/01/2000 14:00,16.011,16.5,-0.489,91.725
4,23/06/2025 15:01,28/01/2000 15:00,16.011,16.5,-0.489,90.136
4,23/06/2025 16:01,28/01/2000 16:00,16.011,16,0.011,90.136
4,23/06/2025 17:01,28/01/2000 17:00,16.011,15.5,0.511,91.725
4,23/06/2025 18:01,28/01/2000 18:00,15.01,14.5,0.51,91.197
4,23/06/2025 19:01,28/01/2000 19:00,14.51,14,0.51,91.725
4,23/06/2025 20:01,28/01/2000 20:00,14.01,14,0.01,92.251
4,23/06/2025 21:01,28/01/2000 21:00,13.509,14,-0.491,92.251
4,23/06/2025 22:01,28/01/2000 22:00,14.01,14,0.01,92.776
4,23/06/2025 23:01,28/01/2000 23:00,14.01,14,0.01,92.776
4,24/06/2025 0:01,29/01/2000 0:00,14.01,13.5,0.51,92.776
4,24/06/2025 1:01,29/01/2000 1:00,13.509,13.5,0.009,93.299
4,24/06/2025 2:01,29/01/2000 2:00,13.009,13,0.009,92.776
4,24/06/2025 3:01,29/01/2000 3:00,12.508,12.5,0.008,92.776
4,24/06/2025 4:01,29/01/2000 4:00,12.008,12,0.008,93.299
4,24/06/2025 5:01,29/01/2000 5:00,11.507,11.5,0.007,93.299
4,24/06/2025 6:01,29/01/2000 6:00,11.007,11.5,-0.493,93.299
4,24/06/2025 7:01,29/01/2000 7:00,11.007,11.5,-0.493,93.299
4,24/06/2025 8:01,29/01/2000 8:00,11.007,11.5,-0.493,93.821
4,24/06/2025 9:01,29/01/2000 9:00,11.507,12,-0.493,93.299
4,24/06/2025 10:01,29/01/2000 10:00,12.008,13,-0.992,93.299
4,24/06/2025 11:01,29/01/2000 11:00,12.508,13.5,-0.992,93.299
4,24/06/2025 12:01,29/01/2000 12:00,13.509,13.5,0.009,93.821
4,24/06/2025 13:01,29/01/2000 13:00,13.509,15,-1.491,94.341
4,24/06/2025 14:01,29/01/2000 14:00,14.51,15,-0.49,93.821
4,24/06/2025 15:01,29/01/2000 15:00,14.51,15,-0.49,93.821
4,24/06/2025 16:01,29/01/2000 16:00,15.01,14.5,0.51,93.821
4,24/06/2025 17:01,29/01/2000 17:00,14.51,14.5,0.01,93.821
4,24/06/2025 18:01,29/01/2000 18:00,14.51,14.5,0.01,94.341
4,24/06/2025 19:01,29/01/2000 19:00,14.01,14,0.01,93.821
4,24/06/2025 20:01,29/01/2000 20:00,13.509,13.5,0.009,93.821
4,24/06/2025 21:01,29/01/2000 21:00,13.009,13,0.009,94.341
4,24/06/2025 22:01,29/01/2000 22:00,13.009,13,0.009,94.341
4,24/06/2025 23:01,29/01/2000 23:00,12.508,12.5,0.008,93.821
4,25/06/2025 0:01,30/01/2000 0:00,12.008,12,0.008,93.821
4,25/06/2025 1:01,30/01/2000 1:00,11.507,11.5,0.007,94.341
4,25/06/2025 2:01,30/01/2000 2:00,11.007,11,0.007,94.341
4,25/06/2025 3:01,30/01/2000 3:00,10.506,11,-0.494,94.341
4,25/06/2025 4:01,30/01/2000 4:00,10.006,10,0.006,93.821
4,25/06/2025 5:01,30/01/2000 5:00,9.505,10,-0.495,93.821
4,25/06/2025 6:01,30/01/2000 6:00,9.505,10,-0.495,94.341
4,25/06/2025 7:01,30/01/2000 7:00,10.006,10.5,-0.494,93.821
4,25/06/2025 8:01,30/01/2000 8:00,10.006,11,-0.994,94.341
4,25/06/2025 9:01,30/01/2000 9:00,10.506,11.5,-0.994,94.341
4,25/06/2025 10:01,30/01/2000 10:00,11.507,12.5,-0.993,94.341
4,25/06/2025 11:01,30/01/2000 11:00,12.508,13,-0.492,94.341
4,25/06/2025 12:01,30/01/2000 12:00,13.509,14,-0.491,94.341
4,25/06/2025 13:01,30/01/2000 13:00,14.01,14.5,-0.49,94.86
4,25/06/2025 14:01,30/01/2000 14:00,14.51,15,-0.49,94.86
4,25/06/2025 15:01,30/01/2000 15:00,14.51,14.5,0.01,94.341
4,25/06/2025 16:01,30/01/2000 16:00,14.51,14.5,0.01,94.341
4,25/06/2025 17:01,30/01/2000 17:00,14.51,14.5,0.01,94.341
4,25/06/2025 18:01,30/01/2000 18:00,14.01,14,0.01,94.341
4,25/06/2025 19:01,30/01/2000 19:00,14.51,14,0.51,93.821
4,25/06/2025 20:01,30/01/2000 20:00,14.01,14,0.01,94.341
4,25/06/2025 21:01,30/01/2000 21:00,14.01,14,0.01,94.86
4,25/06/2025 22:01,30/01/2000 22:00,14.01,14,0.01,94.86
4,25/06/2025 23:01,30/01/2000 23:00,14.01,14,0.01,93.821
4,26/06/2025 0:01,31/01/2000 0:00,14.01,14,0.01,95.377
4,26/06/2025 1:01,31/01/2000 1:00,14.01,14,0.01,94.341
4,26/06/2025 2:01,31/01/2000 2:00,14.01,14,0.01,94.86
4,26/06/2025 3:01,31/01/2000 3:00,14.01,14,0.01,95.377
4,26/06/2025 4:01,31/01/2000 4:00,14.01,14.5,-0.49,95.377
4,26/06/2025 5:01,31/01/2000 5:00,14.51,14,0.51,94.86
4,26/06/2025 6:01,31/01/2000 6:00,14.01,13.5,0.51,95.377
4,26/06/2025 7:01,31/01/2000 7:00,14.01,14,0.01,94.86
4,26/06/2025 8:01,31/01/2000 8:00,14.01,14,0.01,95.377
4,26/06/2025 9:01,31/01/2000 9:00,14.01,14.5,-0.49,95.377
4,26/06/2025 10:01,31/01/2000 10:00,14.51,15.5,-0.99,96.406
4,26/06/2025 11:01,31/01/2000 11:00,15.511,16,-0.489,95.892
4,26/06/2025 12:01,31/01/2000 12:00,16.011,16.5,-0.489,95.892
4,26/06/2025 13:01,31/01/2000 13:00,16.511,17.5,-0.989,95.892
4,26/06/2025 14:01,31/01/2000 14:00,17.012,17,0.012,95.377
4,26/06/2025 15:01,31/01/2000 15:00,17.012,16.5,0.512,94.86
4,26/06/2025 16:01,31/01/2000 16:00,16.511,16.5,0.011,95.377
4,26/06/2025 17:01,31/01/2000 17:00,16.511,16.5,0.011,95.892
4,26/06/2025 18:01,31/01/2000 18:00,16.511,16,0.511,96.919
4,26/06/2025 19:01,31/01/2000 19:00,16.011,16.5,-0.489,96.919
4,26/06/2025 20:01,31/01/2000 20:00,16.011,16.5,-0.489,96.919
4,26/06/2025 21:01,31/01/2000 21:00,16.511,16.5,0.011,97.429
4,26/06/2025 22:01,31/01/2000 22:00,16.511,16.5,0.011,97.429
4,26/06/2025 23:01,31/01/2000 23:00,16.511,16.5,0.011,96.406
4,27/06/2025 0:01,1/02/2000 0:00,16.511,16.5,0.011,98.446
4,27/06/2025 1:01,1/02/2000 1:00,16.511,16,0.511,97.939
4,27/06/2025 2:01,1/02/2000 2:00,16.011,16,0.011,97.939
4,27/06/2025 3:01,1/02/2000 3:00,16.011,16.5,-0.489,97.429
4,27/06/2025 4:01,1/02/2000 4:00,16.511,16.5,0.011,98.446
4,27/06/2025 5:01,1/02/2000 5:00,16.511,17,-0.489,98.446
4,27/06/2025 6:01,1/02/2000 6:00,16.511,17,-0.489,98.953
4,27/06/2025 7:01,1/02/2000 7:00,17.012,17,0.012,100.462
4,27/06/2025 8:01,1/02/2000 8:00,17.012,17,0.012,99.457
4,27/06/2025 9:01,1/02/2000 9:00,17.012,16,1.012,98.953
4,27/06/2025 10:01,1/02/2000 10:00,16.011,16,0.011,99.96
4,27/06/2025 11:01,1/02/2000 11:00,15.511,16,-0.489,99.457
4,27/06/2025 12:01,1/02/2000 12:00,15.511,16,-0.489,99.457
4,27/06/2025 13:01,1/02/2000 13:00,15.511,15.5,0.011,99.457
4,27/06/2025 14:01,1/02/2000 14:00,15.511,15.5,0.011,99.457
4,27/06/2025 15:01,1/02/2000 15:00,15.511,15.5,0.011,99.96
4,27/06/2025 16:01,1/02/2000 16:00,15.511,15.5,0.011,99.96
4,27/06/2025 17:01,1/02/2000 17:00,15.511,15.5,0.011,99.96
4,27/06/2025 18:01,1/02/2000 18:00,15.01,15,0.01,99.457
4,27/06/2025 19:01,1/02/2000 19:00,14.01,14.5,-0.49,100.462
4,27/06/2025 20:01,1/02/2000 20:00,14.01,14,0.01,100.962
4,27/06/2025 21:01,1/02/2000 21:00,13.509,14,-0.491,99.457
4,27/06/2025 22:01,1/02/2000 22:00,13.509,14,-0.491,100.462
4,27/06/2025 23:01,1/02/2000 23:00,14.01,14.5,-0.49,99.96
4,28/06/2025 0:01,2/02/2000 0:00,14.01,14,0.01,100.462
4,28/06/2025 1:01,2/02/2000 1:00,14.01,14,0.01,98.953
4,28/06/2025 2:01,2/02/2000 2:00,13.509,14,-0.491,100.462
4,28/06/2025 3:01,2/02/2000 3:00,13.509,13.5,0.009,100.962
4,28/06/2025 4:01,2/02/2000 4:00,13.009,13.5,-0.491,100.962
4,28/06/2025 5:01,2/02/2000 5:00,13.009,13.5,-0.491,100.462
4,28/06/2025 6:01,2/02/2000 6:00,13.009,13.5,-0.491,101.46
4,28/06/2025 7:01,2/02/2000 7:00,13.009,13,0.009,100.462
4,28/06/2025 8:01,2/02/2000 8:00,12.508,13,-0.492,100.962
4,28/06/2025 9:01,2/02/2000 9:00,12.508,13,-0.492,100.962
4,28/06/2025 10:01,2/02/2000 10:00,13.009,13.5,-0.491,100.462
4,28/06/2025 11:01,2/02/2000 11:00,13.509,14,-0.491,99.457
4,28/06/2025 12:01,2/02/2000 12:00,13.509,14,-0.491,100.462
4,28/06/2025 13:01,2/02/2000 13:00,14.01,14.5,-0.49,100.462
4,28/06/2025 14:01,2/02/2000 14:00,14.01,15,-0.99,100.462
4,28/06/2025 15:01,2/02/2000 15:00,14.01,15,-0.99,99.96
4,28/06/2025 16:01,2/02/2000 16:00,14.01,14.5,-0.49,100.962
4,28/06/2025 17:01,2/02/2000 17:00,14.01,14.5,-0.49,100.962
4,28/06/2025 18:01,2/02/2000 18:00,13.509,14,-0.491,101.46
4,28/06/2025 19:01,2/02/2000 19:00,13.509,13.5,0.009,100.462
4,28/06/2025 20:01,2/02/2000 20:00,13.509,13.5,0.009,101.46
4,28/06/2025 21:01,2/02/2000 21:00,13.009,13.5,-0.491,100.962
4,28/06/2025 22:01,2/02/2000 22:00,13.009,13.5,-0.491,100.962
4,28/06/2025 23:01,2/02/2000 23:00,13.009,13.5,-0.491,100.462
4,29/06/2025 0:01,3/02/2000 0:00,13.509,13.5,0.009,100.962
4,29/06/2025 1:01,3/02/2000 1:00,13.509,14,-0.491,100.962
4,29/06/2025 2:01,3/02/2000 2:00,13.009,14,-0.991,100.962
4,29/06/2025 3:01,3/02/2000 3:00,13.009,13.5,-0.491,100.962
4,29/06/2025 4:01,3/02/2000 4:00,13.009,13.5,-0.491,100.962
4,29/06/2025 5:01,3/02/2000 5:00,12.508,13,-0.492,100.962
4,29/06/2025 6:01,3/02/2000 6:00,12.508,13.5,-0.992,100.962
4,29/06/2025 7:01,3/02/2000 7:00,12.508,13,-0.492,101.46
4,29/06/2025 8:01,3/02/2000 8:00,12.008,13.5,-1.492,101.46
4,29/06/2025 9:01,3/02/2000 9:00,12.508,14,-1.492,101.46
4,29/06/2025 10:01,3/02/2000 10:00,13.009,14.5,-1.491,100.962
4,29/06/2025 11:01,3/02/2000 11:00,13.509,15.5,-1.991,100.962
4,29/06/2025 12:01,3/02/2000 12:00,14.01,15,-0.99,100.462
4,29/06/2025 13:01,3/02/2000 13:00,14.51,16,-1.49,99.457
4,29/06/2025 14:01,3/02/2000 14:00,15.01,16.5,-1.49,98.446
4,29/06/2025 15:01,3/02/2000 15:00,15.01,16,-0.99,98.953
4,29/06/2025 16:01,3/02/2000 16:00,15.01,14.5,0.51,98.953
4,29/06/2025 17:01,3/02/2000 17:00,14.01,14,0.01,99.457
4,29/06/2025 18:01,3/02/2000 18:00,14.01,13.5,0.51,99.96
4,29/06/2025 19:01,3/02/2000 19:00,13.009,13,0.009,100.462
4,29/06/2025 20:01,3/02/2000 20:00,12.508,13,-0.492,100.462
4,29/06/2025 21:01,3/02/2000 21:00,12.508,13,-0.492,99.96
4,29/06/2025 22:01,3/02/2000 22:00,12.008,12.5,-0.492,100.462
4,29/06/2025 23:01,3/02/2000 23:00,12.008,12.5,-0.492,100.962
4,30/06/2025 0:01,4/02/2000 0:00,11.507,12,-0.493,100.462
4,30/06/2025 1:01,4/02/2000 1:00,11.507,12,-0.493,99.96
4,30/06/2025 2:01,4/02/2000 2:00,11.507,11.5,0.007,100.462
4,30/06/2025 3:01,4/02/2000 3:00,11.007,11,0.007,100.462
4,30/06/2025 4:01,4/02/2000 4:00,11.007,11.5,-0.493,100.962
4,30/06/2025 5:01,4/02/2000 5:00,10.506,11.5,-0.994,101.46
4,30/06/2025 6:01,4/02/2000 6:00,11.007,11.5,-0.493,101.957
4,30/06/2025 7:01,4/02/2000 7:00,11.007,11.5,-0.493,100.462
4,30/06/2025 8:01,4/02/2000 8:00,11.007,11.5,-0.493,100.962
4,30/06/2025 9:01,4/02/2000 9:00,10.506,11.5,-0.994,100.962
4,30/06/2025 10:01,4/02/2000 10:00,11.007,12,-0.993,100.462
4,30/06/2025 11:01,4/02/2000 11:00,12.008,13.5,-1.492,100.962
4,30/06/2025 12:01,4/02/2000 12:00,13.009,14.5,-1.491,99.96
4,30/06/2025 13:01,4/02/2000 13:00,14.01,15,-0.99,97.939
4,30/06/2025 14:01,4/02/2000 14:00,14.51,15.5,-0.99,98.446
4,30/06/2025 15:01,4/02/2000 15:00,14.51,14.5,0.01,98.953
4,30/06/2025 16:01,4/02/2000 16:00,14.51,15,-0.49,97.939
4,30/06/2025 17:01,4/02/2000 17:00,14.51,14,0.51,98.446
4,30/06/2025 18:01,4/02/2000 18:00,13.509,13,0.509,98.953
4,30/06/2025 19:01,4/02/2000 19:00,12.508,12,0.508,99.457
4,30/06/2025 20:01,4/02/2000 20:00,12.008,12,0.008,99.457
4,30/06/2025 21:01,4/02/2000 21:00,11.507,11.5,0.007,99.457
4,30/06/2025 22:01,4/02/2000 22:00,11.007,11,0.007,99.96
4,30/06/2025 23:01,4/02/2000 23:00,10.506,10.5,0.006,98.953
4,1/07/2025 0:01,5/02/2000 0:00,10.006,10.5,-0.494,100.462
4,1/07/2025 1:01,5/02/2000 1:00,10.006,10.5,-0.494,99.96
4,1/07/2025 2:01,5/02/2000 2:00,10.006,10,0.006,99.457
4,1/07/2025 3:01,5/02/2000 3:00,9.505,9.5,0.005,99.457
4,1/07/2025 4:01,5/02/2000 4:00,9.005,9.5,-0.495,99.96
4,1/07/2025 5:01,5/02/2000 5:00,9.005,9.5,-0.495,99.457
4,1/07/2025 6:01,5/02/2000 6:00,8.504,9.5,-0.996,100.962
4,1/07/2025 7:01,5/02/2000 7:00,8.504,9,-0.496,99.457
4,1/07/2025 8:01,5/02/2000 8:00,8.504,9.5,-0.996,99.457
4,1/07/2025 9:01,5/02/2000 9:00,9.005,10,-0.995,99.457
4,1/07/2025 10:01,5/02/2000 10:00,10.006,11,-0.994,99.457
4,1/07/2025 11:01,5/02/2000 11:00,11.007,12,-0.993,99.457
4,1/07/2025 12:01,5/02/2000 12:00,12.008,12,0.008,98.446
4,1/07/2025 13:01,5/02/2000 13:00,12.508,13.5,-0.992,98.953
4,1/07/2025 14:01,5/02/2000 14:00,13.009,14,-0.991,98.446
4,1/07/2025 15:01,5/02/2000 15:00,13.509,13,0.509,97.429
4,1/07/2025 16:01,5/02/2000 16:00,13.009,12.5,0.509,98.446
4,1/07/2025 17:01,5/02/2000 17:00,12.508,12.5,0.008,98.446
4,1/07/2025 18:01,5/02/2000 18:00,12.508,12,0.508,98.953
4,1/07/2025 19:01,5/02/2000 19:00,12.008,11.5,0.508,98.446
4,1/07/2025 20:01,5/02/2000 20:00,11.507,11.5,0.007,98.446
4,1/07/2025 21:01,5/02/2000 21:00,11.007,11,0.007,98.446
4,1/07/2025 22:01,5/02/2000 22:00,11.007,11,0.007,97.939
4,1/07/2025 23:01,5/02/2000 23:00,11.007,11,0.007,98.446
4,2/07/2025 0:01,6/02/2000 0:00,10.506,10.5,0.006,98.446
4,2/07/2025 1:01,6/02/2000 1:00,10.506,10.5,0.006,98.446
4,2/07/2025 2:01,6/02/2000 2:00,10.006,10.5,-0.494,98.446
4,2/07/2025 3:01,6/02/2000 3:00,10.006,10.5,-0.494,97.939
4,2/07/2025 4:01,6/02/2000 4:00,10.006,10,0.006,97.939
4,2/07/2025 5:01,6/02/2000 5:00,10.006,10,0.006,98.446
4,2/07/2025 6:01,6/02/2000 6:00,9.505,10,-0.495,98.446
4,2/07/2025 7:01,6/02/2000 7:00,10.006,10,0.006,97.939
4,2/07/2025 8:01,6/02/2000 8:00,10.006,10.5,-0.494,97.429
4,2/07/2025 9:01,6/02/2000 9:00,10.506,11.5,-0.994,98.446
4,2/07/2025 10:01,6/02/2000 10:00,12.008,13.5,-1.492,98.446
4,2/07/2025 11:01,6/02/2000 11:00,13.509,15,-1.491,97.939
4,2/07/2025 12:01,6/02/2000 12:00,14.51,15,-0.49,97.939
4,2/07/2025 13:01,6/02/2000 13:00,15.01,15.5,-0.49,97.429
4,2/07/2025 14:01,6/02/2000 14:00,15.511,15.5,0.011,96.919
4,2/07/2025 15:01,6/02/2000 15:00,15.511,15.5,0.011,97.429
4,2/07/2025 16:01,6/02/2000 16:00,15.511,15,0.511,97.429
4,2/07/2025 17:01,6/02/2000 17:00,15.511,14.5,1.011,97.429
4,2/07/2025 18:01,6/02/2000 18:00,15.01,15,0.01,96.919
4,2/07/2025 19:01,6/02/2000 19:00,15.01,15,0.01,97.939
4,2/07/2025 20:01,6/02/2000 20:00,15.01,15,0.01,97.429
4,2/07/2025 21:01,6/02/2000 21:00,15.511,15.5,0.011,97.429
4,2/07/2025 22:01,6/02/2000 22:00,15.511,15.5,0.011,97.429
4,2/07/2025 23:01,6/02/2000 23:00,15.511,15.5,0.011,97.939
4,3/07/2025 0:01,7/02/2000 0:00,15.511,15.5,0.011,97.939
4,3/07/2025 1:01,7/02/2000 1:00,15.511,15.5,0.011,97.429
4,3/07/2025 2:01,7/02/2000 2:00,15.511,15.5,0.011,97.939
4,3/07/2025 3:01,7/02/2000 3:00,15.511,16,-0.489,98.446
4,3/07/2025 4:01,7/02/2000 4:00,16.011,16,0.011,98.953
4,3/07/2025 5:01,7/02/2000 5:00,16.011,16,0.011,99.457
4,3/07/2025 6:01,7/02/2000 6:00,16.011,16.5,-0.489,99.457
4,3/07/2025 7:01,7/02/2000 7:00,16.011,16.5,-0.489,98.953
4,3/07/2025 8:01,7/02/2000 8:00,16.511,16.5,0.011,99.457
4,3/07/2025 9:01,7/02/2000 9:00,16.511,17,-0.489,99.457
4,3/07/2025 10:01,7/02/2000 10:00,17.012,17,0.012,99.457
4,3/07/2025 11:01,7/02/2000 11:00,17.012,17.5,-0.488,99.457
4,3/07/2025 12:01,7/02/2000 12:00,17.012,17.5,-0.488,99.96
4,3/07/2025 13:01,7/02/2000 13:00,17.512,17.5,0.012,99.457
4,3/07/2025 14:01,7/02/2000 14:00,17.012,17.5,-0.488,98.446
4,3/07/2025 15:01,7/02/2000 15:00,17.512,17.5,0.012,99.457
4,3/07/2025 16:01,7/02/2000 16:00,17.512,18,-0.488,99.457
4,3/07/2025 17:01,7/02/2000 17:00,18.012,18,0.012,99.457
4,3/07/2025 18:01,7/02/2000 18:00,18.012,18,0.012,99.457
4,3/07/2025 19:01,7/02/2000 19:00,18.012,17.5,0.512,99.96
4,3/07/2025 20:01,7/02/2000 20:00,17.012,17,0.012,98.953
4,3/07/2025 21:01,7/02/2000 21:00,16.511,16.5,0.011,99.96
4,3/07/2025 22:01,7/02/2000 22:00,16.511,16.5,0.011,99.96
4,3/07/2025 23:01,7/02/2000 23:00,16.011,16,0.011,100.462
4,4/07/2025 0:01,8/02/2000 0:00,16.011,16,0.011,101.46
4,4/07/2025 1:01,8/02/2000 1:00,15.511,16,-0.489,101.46
4,4/07/2025 2:01,8/02/2000 2:00,15.511,16,-0.489,100.962
4,4/07/2025 3:01,8/02/2000 3:00,15.511,15.5,0.011,101.46
4,4/07/2025 4:01,8/02/2000 4:00,15.511,16,-0.489,101.46
4,4/07/2025 5:01,8/02/2000 5:00,15.01,15.5,-0.49,102.452
4,4/07/2025 6:01,8/02/2000 6:00,15.01,15.5,-0.49,100.962
4,4/07/2025 7:01,8/02/2000 7:00,14.51,15,-0.49,100.962
4,4/07/2025 8:01,8/02/2000 8:00,14.51,15.5,-0.99,101.957
4,4/07/2025 9:01,8/02/2000 9:00,15.01,15.5,-0.49,100.462
4,4/07/2025 10:01,8/02/2000 10:00,15.511,16.5,-0.989,101.46
4,4/07/2025 11:01,8/02/2000 11:00,16.511,17,-0.489,100.962
4,4/07/2025 12:01,8/02/2000 12:00,17.012,17,0.012,101.46
4,4/07/2025 13:01,8/02/2000 13:00,17.012,17,0.012,100.962
4,4/07/2025 14:01,8/02/2000 14:00,17.012,17,0.012,100.462
4,4/07/2025 15:01,8/02/2000 15:00,17.512,17.5,0.012,99.96
4,4/07/2025 16:01,8/02/2000 16:00,17.512,17.5,0.012,100.962
4,4/07/2025 17:01,8/02/2000 17:00,17.012,17,0.012,100.462
4,4/07/2025 18:01,8/02/2000 18:00,16.511,16.5,0.011,100.962
4,4/07/2025 19:01,8/02/2000 19:00,16.011,16.5,-0.489,100.962
4,4/07/2025 20:01,8/02/2000 20:00,16.011,16,0.011,101.957
4,4/07/2025 21:01,8/02/2000 21:00,15.511,16,-0.489,100.962
4,4/07/2025 22:01,8/02/2000 22:00,15.511,16,-0.489,101.957
4,4/07/2025 23:01,8/02/2000 23:00,15.511,16,-0.489,101.46
4,5/07/2025 0:01,9/02/2000 0:00,16.011,16,0.011,101.46
4,5/07/2025 1:01,9/02/2000 1:00,15.511,15.5,0.011,101.46
4,5/07/2025 2:01,9/02/2000 2:00,15.01,15.5,-0.49,101.46
4,5/07/2025 3:01,9/02/2000 3:00,15.01,15.5,-0.49,100.962
4,5/07/2025 4:01,9/02/2000 4:00,15.01,15,0.01,101.46
4,5/07/2025 5:01,9/02/2000 5:00,14.51,15,-0.49,102.452
4,5/07/2025 6:01,9/02/2000 6:00,14.51,15,-0.49,101.46
4,5/07/2025 7:01,9/02/2000 7:00,14.01,14.5,-0.49,101.957
4,5/07/2025 8:01,9/02/2000 8:00,14.01,15,-0.99,102.452
4,5/07/2025 9:01,9/02/2000 9:00,14.01,15,-0.99,101.46
4,5/07/2025 10:01,9/02/2000 10:00,14.51,15,-0.49,101.46
4,5/07/2025 11:01,9/02/2000 11:00,15.01,15.5,-0.49,101.46
4,5/07/2025 12:01,9/02/2000 12:00,15.511,16,-0.489,100.462
4,5/07/2025 13:01,9/02/2000 13:00,16.011,16,0.011,100.962
4,5/07/2025 14:01,9/02/2000 14:00,16.011,16,0.011,100.962
4,5/07/2025 15:01,9/02/2000 15:00,16.011,16,0.011,101.957
4,5/07/2025 16:01,9/02/2000 16:00,16.011,16,0.011,100.962
4,5/07/2025 17:01,9/02/2000 17:00,16.011,16,0.011,100.962
4,5/07/2025 18:01,9/02/2000 18:00,15.511,15.5,0.011,101.46
4,5/07/2025 19:01,9/02/2000 19:00,15.01,15,0.01,101.46
4,5/07/2025 20:01,9/02/2000 20:00,14.51,15,-0.49,101.46
4,5/07/2025 21:01,9/02/2000 21:00,14.51,14.5,0.01,100.462
4,5/07/2025 22:01,9/02/2000 22:00,14.51,14.5,0.01,101.957
4,5/07/2025 23:01,9/02/2000 23:00,14.01,14.5,-0.49,101.957
4,6/07/2025 0:01,10/02/2000 0:00,14.01,14.5,-0.49,101.957
4,6/07/2025 1:01,10/02/2000 1:00,14.01,14.5,-0.49,101.957
4,6/07/2025 2:01,10/02/2000 2:00,14.01,14.5,-0.49,101.46
4,6/07/2025 3:01,10/02/2000 3:00,14.01,14,0.01,101.957
4,6/07/2025 4:01,10/02/2000 4:00,13.509,14,-0.491,101.957
4,6/07/2025 5:01,10/02/2000 5:00,13.509,13.5,0.009,101.46
4,6/07/2025 6:01,10/02/2000 6:00,13.009,13.5,-0.491,102.452
4,6/07/2025 7:01,10/02/2000 7:00,12.508,13,-0.492,102.452
4,6/07/2025 8:01,10/02/2000 8:00,12.508,13.5,-0.992,102.452
4,6/07/2025 9:01,10/02/2000 9:00,12.508,13.5,-0.992,101.957
4,6/07/2025 10:01,10/02/2000 10:00,13.009,14,-0.991,102.452
4,6/07/2025 11:01,10/02/2000 11:00,13.509,14.5,-0.991,100.962
4,6/07/2025 12:01,10/02/2000 12:00,14.01,14.5,-0.49,101.957
4,6/07/2025 13:01,10/02/2000 13:00,14.01,15,-0.99,101.957
4,6/07/2025 14:01,10/02/2000 14:00,14.51,15,-0.49,101.957
4,6/07/2025 15:01,10/02/2000 15:00,14.01,15,-0.99,102.452
4,6/07/2025 16:01,10/02/2000 16:00,14.01,15,-0.99,101.957
4,6/07/2025 17:01,10/02/2000 17:00,14.01,14.5,-0.49,102.946
4,6/07/2025 18:01,10/02/2000 18:00,13.509,14,-0.491,102.452
4,6/07/2025 19:01,10/02/2000 19:00,13.009,13.5,-0.491,102.946
4,6/07/2025 20:01,10/02/2000 20:00,12.508,12.5,0.008,102.452
4,6/07/2025 21:01,10/02/2000 21:00,12.008,12.5,-0.492,102.452
4,6/07/2025 22:01,10/02/2000 22:00,11.507,12,-0.493,103.438
4,6/07/2025 23:01,10/02/2000 23:00,10.506,11,-0.494,103.438
4,7/07/2025 0:01,11/02/2000 0:00,10.006,11,-0.994,102.946
4,7/07/2025 1:01,11/02/2000 1:00,10.006,10,0.006,103.438
4,7/07/2025 2:01,11/02/2000 2:00,9.005,10,-0.995,103.929
4,7/07/2025 3:01,11/02/2000 3:00,9.005,9.5,-0.495,103.929
4,7/07/2025 4:01,11/02/2000 4:00,8.504,9.5,-0.996,103.929
4,7/07/2025 5:01,11/02/2000 5:00,8.504,9,-0.496,102.946
4,7/07/2025 6:01,11/02/2000 6:00,8.003,9,-0.997,104.418
4,7/07/2025 7:01,11/02/2000 7:00,8.003,9,-0.997,104.418
4,7/07/2025 8:01,11/02/2000 8:00,8.003,8.5,-0.497,104.418
4,7/07/2025 9:01,11/02/2000 9:00,8.003,9,-0.997,103.929
4,7/07/2025 10:01,11/02/2000 10:00,8.504,9.5,-0.996,103.929
4,7/07/2025 11:01,11/02/2000 11:00,9.505,11,-1.495,103.438
4,7/07/2025 12:01,11/02/2000 12:00,10.506,11.5,-0.994,102.946
4,7/07/2025 13:01,11/02/2000 13:00,11.507,12,-0.493,102.452
4,7/07/2025 14:01,11/02/2000 14:00,12.008,12.5,-0.492,102.946
4,7/07/2025 15:01,11/02/2000 15:00,12.508,13,-0.492,102.452
4,7/07/2025 16:01,11/02/2000 16:00,12.508,12.5,0.008,101.957
4,7/07/2025 17:01,11/02/2000 17:00,12.008,12,0.008,103.438
4,7/07/2025 18:01,11/02/2000 18:00,11.507,11.5,0.007,103.438
4,7/07/2025 19:01,11/02/2000 19:00,11.007,11,0.007,103.438
4,7/07/2025 20:01,11/02/2000 20:00,10.506,10.5,0.006,103.438
4,7/07/2025 21:01,11/02/2000 21:00,10.006,10,0.006,103.438
4,7/07/2025 22:01,11/02/2000 22:00,9.505,9.5,0.005,104.418
4,7/07/2025 23:01,11/02/2000 23:00,9.005,9,0.005,103.438
4,8/07/2025 0:01,12/02/2000 0:00,8.504,9.5,-0.996,104.418
4,8/07/2025 1:01,12/02/2000 1:00,8.504,9,-0.496,103.929
4,8/07/2025 2:01,12/02/2000 2:00,8.504,9,-0.496,103.438
4,8/07/2025 3:01,12/02/2000 3:00,8.504,9,-0.496,103.929
4,8/07/2025 4:01,12/02/2000 4:00,8.504,9.5,-0.996,103.929
4,8/07/2025 5:01,12/02/2000 5:00,9.005,9.5,-0.495,104.418
4,8/07/2025 6:01,12/02/2000 6:00,9.505,10,-0.495,103.929
4,8/07/2025 7:01,12/02/2000 7:00,9.505,10,-0.495,103.929
4,8/07/2025 8:01,12/02/2000 8:00,9.505,9.5,0.005,103.929
4,8/07/2025 9:01,12/02/2000 9:00,9.505,10,-0.495,104.418
4,8/07/2025 10:01,12/02/2000 10:00,10.006,10.5,-0.494,103.929
4,8/07/2025 11:01,12/02/2000 11:00,11.007,12.5,-1.493,103.438
4,8/07/2025 12:01,12/02/2000 12:00,12.008,13,-0.992,102.946
4,8/07/2025 13:01,12/02/2000 13:00,13.009,13,0.009,102.946
4,8/07/2025 14:01,12/02/2000 14:00,13.009,13,0.009,102.946
4,8/07/2025 15:01,12/02/2000 15:00,13.009,13,0.009,102.946
4,8/07/2025 16:01,12/02/2000 16:00,13.009,13,0.009,103.438
4,8/07/2025 17:01,12/02/2000 17:00,13.009,12.5,0.509,102.452
4,8/07/2025 18:01,12/02/2000 18:00,13.009,12.5,0.509,102.946
4,8/07/2025 19:01,12/02/2000 19:00,12.508,12.5,0.008,102.946
4,8/07/2025 20:01,12/02/2000 20:00,12.508,12.5,0.008,102.946
4,8/07/2025 21:01,12/02/2000 21:00,12.508,12.5,0.008,102.452
4,8/07/2025 22:01,12/02/2000 22:00,12.508,12.5,0.008,102.946
4,8/07/2025 23:01,12/02/2000 23:00,12.508,12.5,0.008,102.946
4,9/07/2025 0:01,13/02/2000 0:00,12.508,12.5,0.008,102.946
4,9/07/2025 1:01,13/02/2000 1:00,12.508,12.5,0.008,103.438
4,9/07/2025 2:01,13/02/2000 2:00,12.508,12.5,0.008,102.452
4,9/07/2025 3:01,13/02/2000 3:00,12.508,12.5,0.008,102.946
4,9/07/2025 4:01,13/02/2000 4:00,12.508,12.5,0.008,102.452
4,9/07/2025 5:01,13/02/2000 5:00,12.508,12.5,0.008,103.438
4,9/07/2025 6:01,13/02/2000 6:00,12.508,12.5,0.008,102.946
4,9/07/2025 7:01,13/02/2000 7:00,12.508,12.5,0.008,102.946
4,9/07/2025 8:01,13/02/2000 8:00,12.508,12.5,0.008,102.946
4,9/07/2025 9:01,13/02/2000 9:00,12.508,13,-0.492,102.946
4,9/07/2025 10:01,13/02/2000 10:00,13.009,13,0.009,102.946
4,9/07/2025 11:01,13/02/2000 11:00,13.009,13.5,-0.491,101.957
4,9/07/2025 12:01,13/02/2000 12:00,13.509,13.5,0.009,102.946
4,9/07/2025 13:01,13/02/2000 13:00,13.509,14,-0.491,102.946
4,9/07/2025 14:01,13/02/2000 14:00,14.01,14,0.01,102.452
4,9/07/2025 15:01,13/02/2000 15:00,14.01,14,0.01,102.452
4,9/07/2025 16:01,13/02/2000 16:00,14.01,14,0.01,102.452
4,9/07/2025 17:01,13/02/2000 17:00,14.01,14,0.01,101.957
4,9/07/2025 18:01,13/02/2000 18:00,13.509,13.5,0.009,102.452
4,9/07/2025 19:01,13/02/2000 19:00,13.509,13.5,0.009,102.452
4,9/07/2025 20:01,13/02/2000 20:00,13.509,13.5,0.009,102.946
4,9/07/2025 21:01,13/02/2000 21:00,13.509,13.5,0.009,102.452
4,9/07/2025 22:01,13/02/2000 22:00,13.509,14,-0.491,101.957
4,9/07/2025 23:01,13/02/2000 23:00,13.509,14,-0.491,102.452
4,10/07/2025 0:01,14/02/2000 0:00,14.01,14,0.01,102.452
4,10/07/2025 1:01,14/02/2000 1:00,14.01,14,0.01,102.452
4,10/07/2025 2:01,14/02/2000 2:00,14.01,14,0.01,102.452
4,10/07/2025 3:01,14/02/2000 3:00,14.01,14,0.01,101.957
4,10/07/2025 4:01,14/02/2000 4:00,13.509,13.5,0.009,102.946
4,10/07/2025 5:01,14/02/2000 5:00,13.509,13.5,0.009,102.452
4,10/07/2025 6:01,14/02/2000 6:00,13.509,14,-0.491,102.452
4,10/07/2025 7:01,14/02/2000 7:00,13.509,14,-0.491,101.957
4,10/07/2025 8:01,14/02/2000 8:00,14.01,14.5,-0.49,102.946
4,10/07/2025 9:01,14/02/2000 9:00,14.51,15,-0.49,101.957
4,10/07/2025 10:01,14/02/2000 10:00,15.01,15.5,-0.49,101.957
4,10/07/2025 11:01,14/02/2000 11:00,15.01,15.5,-0.49,101.957
4,10/07/2025 12:01,14/02/2000 12:00,15.511,15.5,0.011,102.946
4,10/07/2025 13:01,14/02/2000 13:00,15.511,15.5,0.011,102.452
4,10/07/2025 14:01,14/02/2000 14:00,15.511,16,-0.489,102.452
4,10/07/2025 15:01,14/02/2000 15:00,15.511,16,-0.489,102.946
4,10/07/2025 16:01,14/02/2000 16:00,15.511,15.5,0.011,102.452
4,10/07/2025 17:01,14/02/2000 17:00,15.511,15.5,0.011,102.452
4,10/07/2025 18:01,14/02/2000 18:00,15.511,15.5,0.011,101.957
4,10/07/2025 19:01,14/02/2000 19:00,15.511,15.5,0.011,102.452
4,10/07/2025 20:01,14/02/2000 20:00,15.511,15.5,0.011,102.452
4,10/07/2025 21:01,14/02/2000 21:00,15.511,15.5,0.011,102.452
4,10/07/2025 22:01,14/02/2000 22:00,15.511,16,-0.489,102.452
4,10/07/2025 23:01,14/02/2000 23:00,15.511,15.5,0.011,101.46
4,11/07/2025 0:01,15/02/2000 0:00,15.511,16,-0.489,101.957
4,11/07/2025 1:01,15/02/2000 1:00,15.511,16,-0.489,101.957
4,11/07/2025 2:01,15/02/2000 2:00,15.511,16,-0.489,102.452
4,11/07/2025 3:01,15/02/2000 3:00,15.511,16,-0.489,102.452
4,11/07/2025 4:01,15/02/2000 4:00,15.511,16,-0.489,102.452
4,11/07/2025 5:01,15/02/2000 5:00,15.511,16,-0.489,101.957
4,11/07/2025 6:01,15/02/2000 6:00,15.511,16,-0.489,102.452
4,11/07/2025 7:01,15/02/2000 7:00,15.511,16,-0.489,101.957
4,11/07/2025 8:01,15/02/2000 8:00,15.511,16,-0.489,101.957
4,11/07/2025 9:01,15/02/2000 9:00,16.011,16,0.011,101.957
4,11/07/2025 10:01,15/02/2000 10:00,16.011,16,0.011,101.957
4,11/07/2025 11:01,15/02/2000 11:00,16.011,16,0.011,102.452
4,11/07/2025 12:01,15/02/2000 12:00,16.011,16,0.011,101.957
4,11/07/2025 13:01,15/02/2000 13:00,16.011,16,0.011,101.957
4,11/07/2025 14:01,15/02/2000 14:00,15.511,15,0.511,102.452
4,11/07/2025 15:01,15/02/2000 15:00,15.01,15.5,-0.49,102.946
4,11/07/2025 16:01,15/02/2000 16:00,15.511,16,-0.489,101.957
4,11/07/2025 17:01,15/02/2000 17:00,15.01,15,0.01,102.452
4,11/07/2025 18:01,15/02/2000 18:00,14.51,15,-0.49,102.452
4,11/07/2025 19:01,15/02/2000 19:00,14.51,15,-0.49,102.452
4,11/07/2025 20:01,15/02/2000 20:00,14.51,15,-0.49,102.452
4,11/07/2025 21:01,15/02/2000 21:00,14.01,14.5,-0.49,102.452
4,11/07/2025 22:01,15/02/2000 22:00,14.01,14.5,-0.49,101.46
4,11/07/2025 23:01,15/02/2000 23:00,14.01,14.5,-0.49,102.452
4,12/07/2025 0:01,16/02/2000 0:00,14.01,14,0.01,102.946
4,12/07/2025 1:01,16/02/2000 1:00,13.009,13.5,-0.491,102.946
4,12/07/2025 2:01,16/02/2000 2:00,13.009,13,0.009,103.438
4,12/07/2025 3:01,16/02/2000 3:00,12.508,13,-0.492,102.946
4,12/07/2025 4:01,16/02/2000 4:00,12.008,12.5,-0.492,103.438
4,12/07/2025 5:01,16/02/2000 5:00,12.008,12.5,-0.492,103.438
4,12/07/2025 6:01,16/02/2000 6:00,11.507,12,-0.493,103.438
4,12/07/2025 7:01,16/02/2000 7:00,11.507,12,-0.493,103.929
5,7/06/2025 5:06,12/01/2000 5:00,13.032,13,0.032,67.154
5,7/06/2025 6:06,12/01/2000 6:00,13.032,12.5,0.532,67.727
5,7/06/2025 7:06,12/01/2000 7:00,12.532,12,0.532,67.727
5,7/06/2025 8:06,12/01/2000 8:00,12.532,12.5,0.032,68.298
5,7/06/2025 9:06,12/01/2000 9:00,13.032,13,0.032,68.298
5,7/06/2025 10:06,12/01/2000 10:00,13.532,13.5,0.032,67.154
5,7/06/2025 11:06,12/01/2000 11:00,15.032,15.5,-0.468,69.436
5,7/06/2025 12:06,12/01/2000 12:00,12.032,11,1.032,76.686
5,7/06/2025 13:06,12/01/2000 13:00,11.532,11.5,0.032,78.864
5,7/06/2025 14:06,12/01/2000 14:00,12.032,12,0.032,79.405
5,7/06/2025 15:06,12/01/2000 15:00,11.532,11.5,0.032,78.864
5,7/06/2025 16:06,12/01/2000 16:00,11.532,11,0.532,79.405
5,7/06/2025 17:06,12/01/2000 17:00,11.532,10.5,1.032,79.405
5,7/06/2025 18:06,12/01/2000 18:00,10.533,9.5,1.033,78.864
5,7/06/2025 19:06,12/01/2000 19:00,10.033,9.5,0.533,79.405
5,7/06/2025 20:06,12/01/2000 20:00,9.533,9.5,0.033,78.864
5,7/06/2025 21:06,12/01/2000 21:00,10.033,9.5,0.533,79.405
5,7/06/2025 22:06,12/01/2000 22:00,10.033,10,0.033,79.405
5,7/06/2025 23:06,12/01/2000 23:00,10.033,9.5,0.533,79.405
5,8/06/2025 0:06,13/01/2000 0:00,10.033,9.5,0.533,79.405
5,8/06/2025 1:06,13/01/2000 1:00,9.533,8.5,1.033,79.405
5,8/06/2025 2:06,13/01/2000 2:00,8.533,8,0.533,79.945
5,8/06/2025 3:06,13/01/2000 3:00,8.533,8,0.533,79.945
5,8/06/2025 4:06,13/01/2000 4:00,8.033,7.5,0.533,80.483
5,8/06/2025 5:06,13/01/2000 5:00,7.533,7.5,0.033,79.945
5,8/06/2025 6:06,13/01/2000 6:00,7.033,6,1.033,79.945
5,8/06/2025 7:06,13/01/2000 7:00,7.033,6.5,0.533,80.483
5,8/06/2025 8:06,13/01/2000 8:00,7.033,6.5,0.533,80.483
5,8/06/2025 9:06,13/01/2000 9:00,7.033,7,0.033,81.019
5,8/06/2025 10:06,13/01/2000 10:00,8.533,9.5,-0.967,81.554
5,8/06/2025 11:06,13/01/2000 11:00,10.533,11,-0.467,82.087
5,8/06/2025 12:06,13/01/2000 12:00,11.532,12.5,-0.968,82.087
5,8/06/2025 13:06,13/01/2000 13:00,12.532,13.5,-0.968,82.619
5,8/06/2025 14:06,13/01/2000 14:00,13.032,13,0.032,82.087
5,8/06/2025 15:06,13/01/2000 15:00,13.532,13,0.532,82.087
5,8/06/2025 16:06,13/01/2000 16:00,13.032,12.5,0.532,82.619
5,8/06/2025 17:06,13/01/2000 17:00,12.532,12,0.532,83.149
5,8/06/2025 18:06,13/01/2000 18:00,12.032,10.5,1.532,82.619
5,8/06/2025 19:06,13/01/2000 19:00,11.033,10.5,0.533,83.149
5,8/06/2025 20:06,13/01/2000 20:00,11.033,10,1.033,82.087
5,8/06/2025 21:06,13/01/2000 21:00,10.533,10.5,0.033,83.149
5,8/06/2025 22:06,13/01/2000 22:00,11.033,10.5,0.533,84.731
5,8/06/2025 23:06,13/01/2000 23:00,11.033,10.5,0.533,83.678
5,9/06/2025 0:06,14/01/2000 0:00,11.033,11,0.033,83.149
5,9/06/2025 1:06,14/01/2000 1:00,12.032,12.5,-0.468,83.149
5,9/06/2025 2:06,14/01/2000 2:00,12.532,11.5,1.032,83.149
5,9/06/2025 3:06,14/01/2000 3:00,12.032,11.5,0.532,83.678
5,9/06/2025 4:06,14/01/2000 4:00,12.032,11,1.032,83.678
5,9/06/2025 5:06,14/01/2000 5:00,12.032,11.5,0.532,84.205
5,9/06/2025 6:06,14/01/2000 6:00,12.032,11.5,0.532,84.731
5,9/06/2025 7:06,14/01/2000 7:00,12.032,11.5,0.532,84.205
5,9/06/2025 8:06,14/01/2000 8:00,12.032,12,0.032,84.731
5,9/06/2025 9:06,14/01/2000 9:00,13.032,13.5,-0.468,85.255
5,9/06/2025 10:06,14/01/2000 10:00,14.032,15,-0.968,85.778
5,9/06/2025 11:06,14/01/2000 11:00,15.032,16,-0.968,85.255
5,9/06/2025 12:06,14/01/2000 12:00,16.032,17,-0.968,85.255
5,9/06/2025 13:06,14/01/2000 13:00,17.532,18,-0.468,85.778
5,9/06/2025 14:06,14/01/2000 14:00,18.032,18.5,-0.468,85.255
5,9/06/2025 15:06,14/01/2000 15:00,18.032,18.5,-0.468,84.731
5,9/06/2025 16:06,14/01/2000 16:00,18.032,17.5,0.532,84.205
5,9/06/2025 17:06,14/01/2000 17:00,17.532,16.5,1.032,83.678
5,9/06/2025 18:06,14/01/2000 18:00,16.032,15,1.032,83.149
5,9/06/2025 19:06,14/01/2000 19:00,15.532,14.5,1.032,83.678
5,9/06/2025 20:06,14/01/2000 20:00,14.532,13,1.532,83.149
5,9/06/2025 21:06,14/01/2000 21:00,13.532,12.5,1.032,83.678
5,9/06/2025 22:06,14/01/2000 22:00,13.032,12.5,0.532,84.205
5,9/06/2025 23:06,14/01/2000 23:00,12.532,11.5,1.032,83.149
5,10/06/2025 0:06,15/01/2000 0:00,12.032,11.5,0.532,83.678
5,10/06/2025 1:06,15/01/2000 1:00,12.032,11.5,0.532,83.149
5,10/06/2025 2:06,15/01/2000 2:00,12.032,11.5,0.532,83.678
5,10/06/2025 3:06,15/01/2000 3:00,11.532,10.5,1.032,83.678
5,10/06/2025 4:06,15/01/2000 4:00,11.033,10.5,0.533,83.678
5,10/06/2025 5:06,15/01/2000 5:00,10.033,9,1.033,84.205
5,10/06/2025 6:06,15/01/2000 6:00,10.033,10,0.033,84.205
5,10/06/2025 7:06,15/01/2000 7:00,10.033,10,0.033,84.205
5,10/06/2025 8:06,15/01/2000 8:00,10.533,10.5,0.033,84.205
5,10/06/2025 9:06,15/01/2000 9:00,11.033,11,0.033,84.205
5,10/06/2025 10:06,15/01/2000 10:00,12.032,12,0.032,84.205
5,10/06/2025 11:06,15/01/2000 11:00,12.532,12.5,0.032,84.731
5,10/06/2025 12:06,15/01/2000 12:00,13.032,13,0.032,84.731
5,10/06/2025 13:06,15/01/2000 13:00,14.032,14.5,-0.468,85.778
5,10/06/2025 14:06,15/01/2000 14:00,15.532,16,-0.468,85.255
5,10/06/2025 15:06,15/01/2000 15:00,17.032,16.5,0.532,85.778
5,10/06/2025 16:06,15/01/2000 16:00,17.532,16.5,1.032,84.731
5,10/06/2025 17:06,15/01/2000 17:00,17.032,16,1.032,85.255
5,10/06/2025 18:06,15/01/2000 18:00,17.032,16.5,0.532,85.778
5,10/06/2025 19:06,15/01/2000 19:00,17.032,16.5,0.532,85.778
5,10/06/2025 20:06,15/01/2000 20:00,17.032,16.5,0.532,86.299
5,10/06/2025 21:06,15/01/2000 21:00,17.032,16.5,0.532,85.778
5,10/06/2025 22:06,15/01/2000 22:00,17.032,16.5,0.532,86.299
5,10/06/2025 23:06,15/01/2000 23:00,17.032,16.5,0.532,86.299
5,11/06/2025 0:06,16/01/2000 0:00,16.532,16,0.532,86.299
5,11/06/2025 1:06,16/01/2000 1:00,16.532,16,0.532,86.299
5,11/06/2025 2:06,16/01/2000 2:00,16.032,15.5,0.532,86.299
5,11/06/2025 3:06,16/01/2000 3:00,15.532,15,0.532,86.299
5,11/06/2025 4:06,16/01/2000 4:00,15.032,14.5,0.532,86.818
5,11/06/2025 5:06,16/01/2000 5:00,14.532,14,0.532,85.778
5,11/06/2025 6:06,16/01/2000 6:00,14.032,13.5,0.532,86.818
5,11/06/2025 7:06,16/01/2000 7:00,13.532,13,0.532,87.853
5,11/06/2025 8:06,16/01/2000 8:00,13.532,13,0.532,87.336
5,11/06/2025 9:06,16/01/2000 9:00,13.532,13.5,0.032,86.818
5,11/06/2025 10:06,16/01/2000 10:00,14.532,15,-0.468,87.336
5,11/06/2025 11:06,16/01/2000 11:00,15.532,15.5,0.032,86.818
5,11/06/2025 12:06,16/01/2000 12:00,16.032,16,0.032,87.853
5,11/06/2025 13:06,16/01/2000 13:00,16.532,16.5,0.032,87.336
5,11/06/2025 14:06,16/01/2000 14:00,16.532,17,-0.468,87.336
5,11/06/2025 15:06,16/01/2000 15:00,17.032,17,0.032,87.853
5,11/06/2025 16:06,16/01/2000 16:00,17.032,17,0.032,87.853
5,11/06/2025 17:06,16/01/2000 17:00,16.532,16.5,0.032,87.336
5,11/06/2025 18:06,16/01/2000 18:00,16.032,15,1.032,86.818
5,11/06/2025 19:06,16/01/2000 19:00,15.032,14.5,0.532,86.818
5,11/06/2025 20:06,16/01/2000 20:00,14.532,14,0.532,87.853
5,11/06/2025 21:06,16/01/2000 21:00,14.032,13.5,0.532,87.853
5,11/06/2025 22:06,16/01/2000 22:00,14.032,13.5,0.532,87.853
5,11/06/2025 23:06,16/01/2000 23:00,14.032,13.5,0.532,87.853
5,12/06/2025 0:06,17/01/2000 0:00,13.532,13.5,0.032,88.368
5,12/06/2025 1:06,17/01/2000 1:00,14.032,13.5,0.532,87.853
5,12/06/2025 2:06,17/01/2000 2:00,13.532,13,0.532,88.368
5,12/06/2025 3:06,17/01/2000 3:00,13.532,13,0.532,87.853
5,12/06/2025 4:06,17/01/2000 4:00,13.532,13,0.532,87.853
5,12/06/2025 5:06,17/01/2000 5:00,13.532,13,0.532,88.368
5,12/06/2025 6:06,17/01/2000 6:00,13.532,13.5,0.032,88.368
5,12/06/2025 7:06,17/01/2000 7:00,13.532,13,0.532,88.368
5,12/06/2025 8:06,17/01/2000 8:00,13.032,12.5,0.532,88.368
5,12/06/2025 9:06,17/01/2000 9:00,13.532,13,0.532,88.368
5,12/06/2025 10:06,17/01/2000 10:00,14.032,14.5,-0.468,88.882
5,12/06/2025 11:06,17/01/2000 11:00,15.032,15,0.032,88.368
5,12/06/2025 12:06,17/01/2000 12:00,15.532,16,-0.468,87.853
5,12/06/2025 13:06,17/01/2000 13:00,16.032,16.5,-0.468,88.368
5,12/06/2025 14:06,17/01/2000 14:00,16.532,17,-0.468,88.368
5,12/06/2025 15:06,17/01/2000 15:00,16.532,17.5,-0.968,88.368
5,12/06/2025 16:06,17/01/2000 16:00,17.532,17.5,0.032,87.853
5,12/06/2025 17:06,17/01/2000 17:00,17.032,16,1.032,87.853
5,12/06/2025 18:06,17/01/2000 18:00,16.032,15,1.032,87.853
5,12/06/2025 19:06,17/01/2000 19:00,15.032,14.5,0.532,86.818
5,12/06/2025 20:06,17/01/2000 20:00,15.032,14.5,0.532,87.853
5,12/06/2025 21:06,17/01/2000 21:00,14.032,13.5,0.532,87.336
5,12/06/2025 22:06,17/01/2000 22:00,13.532,13,0.532,87.336
5,12/06/2025 23:06,17/01/2000 23:00,13.032,12.5,0.532,87.336
5,13/06/2025 0:06,18/01/2000 0:00,13.032,12.5,0.532,87.853
5,13/06/2025 1:06,18/01/2000 1:00,13.032,12.5,0.532,88.368
5,13/06/2025 2:06,18/01/2000 2:00,12.532,12.5,0.032,87.853
5,13/06/2025 3:06,18/01/2000 3:00,12.532,12,0.532,87.853
5,13/06/2025 4:06,18/01/2000 4:00,12.532,12,0.532,87.853
5,13/06/2025 5:06,18/01/2000 5:00,12.532,12,0.532,87.336
5,13/06/2025 6:06,18/01/2000 6:00,12.532,12.5,0.032,88.368
5,13/06/2025 7:06,18/01/2000 7:00,12.532,12.5,0.032,87.853
5,13/06/2025 8:06,18/01/2000 8:00,13.032,13,0.032,89.394
5,13/06/2025 9:06,18/01/2000 9:00,13.032,13.5,-0.468,87.853
5,13/06/2025 10:06,18/01/2000 10:00,13.532,14,-0.468,87.853
5,13/06/2025 11:06,18/01/2000 11:00,14.532,15,-0.468,88.368
5,13/06/2025 12:06,18/01/2000 12:00,15.032,16,-0.968,87.853
5,13/06/2025 13:06,18/01/2000 13:00,16.032,16.5,-0.468,87.853
5,13/06/2025 14:06,18/01/2000 14:00,16.532,17,-0.468,87.853
5,13/06/2025 15:06,18/01/2000 15:00,16.032,16,0.032,87.336
5,13/06/2025 16:06,18/01/2000 16:00,16.032,16,0.032,86.299
5,13/06/2025 17:06,18/01/2000 17:00,15.032,14.5,0.532,86.299
5,13/06/2025 18:06,18/01/2000 18:00,14.532,14,0.532,85.255
5,13/06/2025 19:06,18/01/2000 19:00,14.032,13,1.032,86.818
5,13/06/2025 20:06,18/01/2000 20:00,13.032,12.5,0.532,86.818
5,13/06/2025 21:06,18/01/2000 21:00,12.532,12,0.532,86.299
5,13/06/2025 22:06,18/01/2000 22:00,12.032,11.5,0.532,86.818
5,13/06/2025 23:06,18/01/2000 23:00,11.532,10.5,1.032,86.818
5,14/06/2025 0:06,19/01/2000 0:00,11.532,11,0.532,86.299
5,14/06/2025 1:06,19/01/2000 1:00,11.532,11,0.532,86.818
5,14/06/2025 2:06,19/01/2000 2:00,11.033,10.5,0.533,85.778
5,14/06/2025 3:06,19/01/2000 3:00,10.533,10,0.533,86.818
5,14/06/2025 4:06,19/01/2000 4:00,10.533,10,0.533,86.818
5,14/06/2025 5:06,19/01/2000 5:00,10.533,10,0.533,86.299
5,14/06/2025 6:06,19/01/2000 6:00,10.533,10,0.533,86.818
5,14/06/2025 7:06,19/01/2000 7:00,10.533,10,0.533,86.818
5,14/06/2025 8:06,19/01/2000 8:00,10.533,10,0.533,86.818
5,14/06/2025 9:06,19/01/2000 9:00,10.533,10.5,0.033,86.818
5,14/06/2025 10:06,19/01/2000 10:00,11.532,12,-0.468,87.336
5,14/06/2025 11:06,19/01/2000 11:00,12.532,13.5,-0.968,87.336
5,14/06/2025 12:06,19/01/2000 12:00,13.532,15,-1.468,88.368
5,14/06/2025 13:06,19/01/2000 13:00,15.032,16,-0.968,87.336
5,14/06/2025 14:06,19/01/2000 14:00,15.532,15.5,0.032,86.818
5,14/06/2025 15:06,19/01/2000 15:00,16.032,16,0.032,86.818
5,14/06/2025 16:06,19/01/2000 16:00,16.032,15,1.032,86.818
5,14/06/2025 17:06,19/01/2000 17:00,15.532,14.5,1.032,87.853
5,14/06/2025 18:06,19/01/2000 18:00,14.532,14,0.532,86.299
5,14/06/2025 19:06,19/01/2000 19:00,14.032,13.5,0.532,86.299
5,14/06/2025 20:06,19/01/2000 20:00,13.532,13,0.532,86.299
5,14/06/2025 21:06,19/01/2000 21:00,13.532,13,0.532,86.818
5,14/06/2025 22:06,19/01/2000 22:00,13.032,12.5,0.532,86.299
5,14/06/2025 23:06,19/01/2000 23:00,13.032,12,1.032,86.818
5,15/06/2025 0:06,20/01/2000 0:00,12.032,11,1.032,86.818
5,15/06/2025 1:06,20/01/2000 1:00,11.532,11,0.532,86.818
5,15/06/2025 2:06,20/01/2000 2:00,11.033,10.5,0.533,86.818
5,15/06/2025 3:06,20/01/2000 3:00,11.033,10.5,0.533,86.818
5,15/06/2025 4:06,20/01/2000 4:00,10.533,10,0.533,86.818
5,15/06/2025 5:06,20/01/2000 5:00,10.533,10,0.533,86.818
5,15/06/2025 6:06,20/01/2000 6:00,10.533,10,0.533,86.818
5,15/06/2025 7:06,20/01/2000 7:00,10.533,10,0.533,86.818
5,15/06/2025 8:06,20/01/2000 8:00,10.033,10,0.033,86.818
5,15/06/2025 9:06,20/01/2000 9:00,10.533,11,-0.467,87.336
5,15/06/2025 10:06,20/01/2000 10:00,11.033,11.5,-0.467,87.336
5,15/06/2025 11:06,20/01/2000 11:00,12.032,12.5,-0.468,87.336
5,15/06/2025 12:06,20/01/2000 12:00,13.032,13,0.032,87.853
5,15/06/2025 13:06,20/01/2000 13:00,13.532,14.5,-0.968,87.853
5,15/06/2025 14:06,20/01/2000 14:00,14.532,14.5,0.032,87.853
5,15/06/2025 15:06,20/01/2000 15:00,14.532,14.5,0.032,87.853
5,15/06/2025 16:06,20/01/2000 16:00,14.032,13.5,0.532,87.853
5,15/06/2025 17:06,20/01/2000 17:00,14.032,13.5,0.532,87.853
5,15/06/2025 18:06,20/01/2000 18:00,13.532,13,0.532,87.336
5,15/06/2025 19:06,20/01/2000 19:00,13.532,13,0.532,88.368
5,15/06/2025 20:06,20/01/2000 20:00,13.032,12.5,0.532,88.882
5,15/06/2025 21:06,20/01/2000 21:00,13.032,12.5,0.532,88.368
5,15/06/2025 22:06,20/01/2000 22:00,12.532,12,0.532,88.882
5,15/06/2025 23:06,20/01/2000 23:00,12.032,11.5,0.532,88.882
5,16/06/2025 0:06,21/01/2000 0:00,12.032,12,0.032,88.882
5,16/06/2025 1:06,21/01/2000 1:00,12.032,11.5,0.532,89.394
5,16/06/2025 2:06,21/01/2000 2:00,12.032,12,0.032,89.394
5,16/06/2025 3:06,21/01/2000 3:00,12.032,11.5,0.532,89.904
5,16/06/2025 4:06,21/01/2000 4:00,12.032,11.5,0.532,89.904
5,16/06/2025 5:06,21/01/2000 5:00,12.032,11.5,0.532,89.904
5,16/06/2025 6:06,21/01/2000 6:00,12.032,12,0.032,89.904
5,16/06/2025 7:06,21/01/2000 7:00,12.032,12,0.032,89.904
5,16/06/2025 8:06,21/01/2000 8:00,12.032,12,0.032,89.394
5,16/06/2025 9:06,21/01/2000 9:00,12.532,12.5,0.032,89.904
5,16/06/2025 10:06,21/01/2000 10:00,13.032,13,0.032,89.904
5,16/06/2025 11:06,21/01/2000 11:00,13.032,13,0.032,90.413
5,16/06/2025 12:06,21/01/2000 12:00,13.532,14,-0.468,90.921
5,16/06/2025 13:06,21/01/2000 13:00,13.532,14,-0.468,90.413
5,16/06/2025 14:06,21/01/2000 14:00,14.032,14,0.032,90.921
5,16/06/2025 15:06,21/01/2000 15:00,14.032,14.5,-0.468,90.413
5,16/06/2025 16:06,21/01/2000 16:00,14.032,14,0.032,90.921
5,16/06/2025 17:06,21/01/2000 17:00,14.032,13.5,0.532,90.921
5,16/06/2025 18:06,21/01/2000 18:00,13.532,13,0.532,89.904
5,16/06/2025 19:06,21/01/2000 19:00,13.532,13,0.532,90.413
5,16/06/2025 20:06,21/01/2000 20:00,13.032,13,0.032,91.427
5,16/06/2025 21:06,21/01/2000 21:00,13.032,12,1.032,89.904
5,16/06/2025 22:06,21/01/2000 22:00,12.532,12,0.532,89.394
5,16/06/2025 23:06,21/01/2000 23:00,12.032,11,1.032,90.413
5,17/06/2025 0:06,22/01/2000 0:00,11.532,11,0.532,90.921
5,17/06/2025 1:06,22/01/2000 1:00,11.033,10.5,0.533,90.921
5,17/06/2025 2:06,22/01/2000 2:00,11.033,10.5,0.533,90.413
5,17/06/2025 3:06,22/01/2000 3:00,11.033,11,0.033,90.921
5,17/06/2025 4:06,22/01/2000 4:00,12.032,13,-0.968,90.413
5,17/06/2025 5:06,22/01/2000 5:00,13.032,13,0.032,90.413
5,17/06/2025 6:06,22/01/2000 6:00,13.032,12.5,0.532,90.921
5,17/06/2025 7:06,22/01/2000 7:00,12.532,11.5,1.032,90.921
5,17/06/2025 8:06,22/01/2000 8:00,12.032,11.5,0.532,90.413
5,17/06/2025 9:06,22/01/2000 9:00,12.532,12.5,0.032,90.413
5,17/06/2025 10:06,22/01/2000 10:00,13.032,13.5,-0.468,90.921
5,17/06/2025 11:06,22/01/2000 11:00,13.532,14,-0.468,91.427
5,17/06/2025 12:06,22/01/2000 12:00,14.032,14.5,-0.468,89.904
5,17/06/2025 13:06,22/01/2000 13:00,14.032,14,0.032,90.921
5,17/06/2025 14:06,22/01/2000 14:00,14.532,14.5,0.032,90.413
5,17/06/2025 15:06,22/01/2000 15:00,14.532,14.5,0.032,90.413
5,17/06/2025 16:06,22/01/2000 16:00,14.032,14,0.032,90.413
5,17/06/2025 17:06,22/01/2000 17:00,13.532,13,0.532,89.904
5,17/06/2025 18:06,22/01/2000 18:00,13.032,12,1.032,89.904
5,17/06/2025 19:06,22/01/2000 19:00,12.032,11,1.032,89.904
5,17/06/2025 20:06,22/01/2000 20:00,11.532,11,0.532,89.904
5,17/06/2025 21:06,22/01/2000 21:00,11.033,10.5,0.533,89.904
5,17/06/2025 22:06,22/01/2000 22:00,10.533,10.5,0.033,90.413
5,17/06/2025 23:06,22/01/2000 23:00,10.533,10,0.533,89.904
5,18/06/2025 0:06,23/01/2000 0:00,10.033,9,1.033,89.394
5,18/06/2025 1:06,23/01/2000 1:00,9.033,9,0.033,90.413
5,18/06/2025 2:06,23/01/2000 2:00,8.533,8,0.533,90.921
5,18/06/2025 3:06,23/01/2000 3:00,8.033,8,0.033,90.413
5,18/06/2025 4:06,23/01/2000 4:00,8.033,7.5,0.533,89.904
5,18/06/2025 5:06,23/01/2000 5:00,7.533,7.5,0.033,89.904
5,18/06/2025 6:06,23/01/2000 6:00,7.033,7,0.033,90.413
5,18/06/2025 7:06,23/01/2000 7:00,7.033,7,0.033,89.904
5,18/06/2025 8:06,23/01/2000 8:00,6.533,6.5,0.033,90.413
5,18/06/2025 9:06,23/01/2000 9:00,6.533,7,-0.467,90.413
5,18/06/2025 10:06,23/01/2000 10:00,7.533,8.5,-0.967,90.413
5,18/06/2025 11:06,23/01/2000 11:00,9.533,11,-1.467,90.413
5,18/06/2025 12:06,23/01/2000 12:00,11.532,12,-0.468,90.921
5,18/06/2025 13:06,23/01/2000 13:00,12.532,13,-0.468,90.921
5,18/06/2025 14:06,23/01/2000 14:00,13.032,13.5,-0.468,90.921
5,18/06/2025 15:06,23/01/2000 15:00,13.532,13,0.532,90.921
5,18/06/2025 16:06,23/01/2000 16:00,13.532,13,0.532,90.921
5,18/06/2025 17:06,23/01/2000 17:00,13.032,12.5,0.532,89.904
5,18/06/2025 18:06,23/01/2000 18:00,12.532,11.5,1.032,90.921
5,18/06/2025 19:06,23/01/2000 19:00,12.032,11,1.032,90.921
5,18/06/2025 20:06,23/01/2000 20:00,11.033,10.5,0.533,90.921
5,18/06/2025 21:06,23/01/2000 21:00,10.533,10,0.533,90.921
5,18/06/2025 22:06,23/01/2000 22:00,10.033,9.5,0.533,90.921
5,18/06/2025 23:06,23/01/2000 23:00,9.533,8.5,1.033,90.921
5,19/06/2025 0:06,24/01/2000 0:00,9.033,8.5,0.533,90.413
5,19/06/2025 1:06,24/01/2000 1:00,8.533,8,0.533,89.904
5,19/06/2025 2:06,24/01/2000 2:00,8.033,8,0.033,90.921
5,19/06/2025 3:06,24/01/2000 3:00,8.033,8,0.033,91.427
5,19/06/2025 4:06,24/01/2000 4:00,8.033,8,0.033,90.921
5,19/06/2025 5:06,24/01/2000 5:00,8.033,8,0.033,91.427
5,19/06/2025 6:06,24/01/2000 6:00,7.533,8,-0.467,91.931
5,19/06/2025 7:06,24/01/2000 7:00,7.533,7.5,0.033,91.427
5,19/06/2025 8:06,24/01/2000 8:00,7.533,7.5,0.033,91.427
5,19/06/2025 9:06,24/01/2000 9:00,8.033,8,0.033,91.931
5,19/06/2025 10:06,24/01/2000 10:00,9.033,9.5,-0.467,91.427
5,19/06/2025 11:06,24/01/2000 11:00,10.533,12,-1.467,91.931
5,19/06/2025 12:06,24/01/2000 12:00,12.032,12.5,-0.468,91.931
5,19/06/2025 13:06,24/01/2000 13:00,12.532,13.5,-0.968,92.434
5,19/06/2025 14:06,24/01/2000 14:00,13.532,14.5,-0.968,91.427
5,19/06/2025 15:06,24/01/2000 15:00,14.532,15,-0.468,91.931
5,19/06/2025 16:06,24/01/2000 16:00,14.532,14.5,0.032,91.931
5,19/06/2025 17:06,24/01/2000 17:00,14.532,14,0.532,91.931
5,19/06/2025 18:06,24/01/2000 18:00,14.032,13.5,0.532,91.427
5,19/06/2025 19:06,24/01/2000 19:00,13.532,13,0.532,91.931
5,19/06/2025 20:06,24/01/2000 20:00,13.032,12.5,0.532,90.921
5,19/06/2025 21:06,24/01/2000 21:00,12.532,12,0.532,92.434
5,19/06/2025 22:06,24/01/2000 22:00,12.532,11.5,1.032,91.427
5,19/06/2025 23:06,24/01/2000 23:00,12.032,11.5,0.532,91.931
5,20/06/2025 0:06,25/01/2000 0:00,12.032,12,0.032,91.427
5,20/06/2025 1:06,25/01/2000 1:00,12.032,11.5,0.532,91.931
5,20/06/2025 2:06,25/01/2000 2:00,12.032,11.5,0.532,91.931
5,20/06/2025 3:06,25/01/2000 3:00,12.032,12,0.032,91.931
5,20/06/2025 4:06,25/01/2000 4:00,12.032,12,0.032,91.931
5,20/06/2025 5:06,25/01/2000 5:00,12.532,12,0.532,92.434
5,20/06/2025 6:06,25/01/2000 6:00,12.532,12.5,0.032,91.931
5,20/06/2025 7:06,25/01/2000 7:00,12.532,12.5,0.032,91.427
5,20/06/2025 8:06,25/01/2000 8:00,12.532,12.5,0.032,92.434
5,20/06/2025 9:06,25/01/2000 9:00,13.032,13,0.032,91.931
5,20/06/2025 10:06,25/01/2000 10:00,13.532,13.5,0.032,91.931
5,20/06/2025 11:06,25/01/2000 11:00,13.532,14,-0.468,91.931
5,20/06/2025 12:06,25/01/2000 12:00,14.032,14,0.032,91.931
5,20/06/2025 13:06,25/01/2000 13:00,14.532,14,0.532,91.931
5,20/06/2025 14:06,25/01/2000 14:00,14.532,14.5,0.032,91.931
5,20/06/2025 15:06,25/01/2000 15:00,14.532,14.5,0.032,91.427
5,20/06/2025 16:06,25/01/2000 16:00,15.032,15,0.032,91.931
5,20/06/2025 17:06,25/01/2000 17:00,14.532,14,0.532,91.427
5,20/06/2025 18:06,25/01/2000 18:00,14.032,13,1.032,91.931
5,20/06/2025 19:06,25/01/2000 19:00,13.532,12.5,1.032,89.904
5,20/06/2025 20:06,25/01/2000 20:00,12.532,12,0.532,90.921
5,20/06/2025 21:06,25/01/2000 21:00,12.032,11.5,0.532,91.931
5,20/06/2025 22:06,25/01/2000 22:00,11.532,11,0.532,91.427
5,20/06/2025 23:06,25/01/2000 23:00,11.033,11,0.033,91.931
5,21/06/2025 0:06,26/01/2000 0:00,10.533,9.5,1.033,92.434
5,21/06/2025 1:06,26/01/2000 1:00,10.033,10,0.033,90.921
5,21/06/2025 2:06,26/01/2000 2:00,10.033,10,0.033,91.931
5,21/06/2025 3:06,26/01/2000 3:00,10.033,9.5,0.533,91.427
5,21/06/2025 4:06,26/01/2000 4:00,9.533,9.5,0.033,91.427
5,21/06/2025 5:06,26/01/2000 5:00,9.533,9.5,0.033,91.931
5,21/06/2025 6:06,26/01/2000 6:00,10.033,10,0.033,90.921
5,21/06/2025 7:06,26/01/2000 7:00,10.033,10,0.033,91.931
5,21/06/2025 8:06,26/01/2000 8:00,9.533,9,0.533,91.931
5,21/06/2025 9:06,26/01/2000 9:00,9.533,9.5,0.033,91.931
5,21/06/2025 10:06,26/01/2000 10:00,10.033,10.5,-0.467,91.931
5,21/06/2025 11:06,26/01/2000 11:00,11.532,12.5,-0.968,91.931
5,21/06/2025 12:06,26/01/2000 12:00,12.532,13.5,-0.968,91.931
5,21/06/2025 13:06,26/01/2000 13:00,13.532,14.5,-0.968,91.931
5,21/06/2025 14:06,26/01/2000 14:00,14.032,15,-0.968,92.434
5,21/06/2025 15:06,26/01/2000 15:00,14.532,14.5,0.032,91.931
5,21/06/2025 16:06,26/01/2000 16:00,14.532,14.5,0.032,91.931
5,21/06/2025 17:06,26/01/2000 17:00,14.032,13.5,0.532,90.921
5,21/06/2025 18:06,26/01/2000 18:00,13.532,13,0.532,91.427
5,21/06/2025 19:06,26/01/2000 19:00,13.032,12,1.032,90.413
5,21/06/2025 20:06,26/01/2000 20:00,12.032,11.5,0.532,90.921
5,21/06/2025 21:06,26/01/2000 21:00,11.033,10.5,0.533,90.921
5,21/06/2025 22:06,26/01/2000 22:00,11.033,10,1.033,90.921
5,21/06/2025 23:06,26/01/2000 23:00,10.033,9.5,0.533,90.921
5,22/06/2025 0:06,27/01/2000 0:00,9.533,9,0.533,91.931
5,22/06/2025 1:06,27/01/2000 1:00,8.533,7.5,1.033,90.413
5,22/06/2025 2:06,27/01/2000 2:00,8.033,7.5,0.533,90.413
5,22/06/2025 3:06,27/01/2000 3:00,8.033,7.5,0.533,91.931
5,22/06/2025 4:06,27/01/2000 4:00,8.033,8,0.033,90.921
5,22/06/2025 5:06,27/01/2000 5:00,7.533,7.5,0.033,90.921
5,22/06/2025 6:06,27/01/2000 6:00,7.533,7,0.533,90.413
5,22/06/2025 7:06,27/01/2000 7:00,7.033,6.5,0.533,90.413
5,22/06/2025 8:06,27/01/2000 8:00,7.033,7,0.033,90.413
5,22/06/2025 9:06,27/01/2000 9:00,7.033,7.5,-0.467,90.921
5,22/06/2025 10:06,27/01/2000 10:00,8.533,9.5,-0.967,89.904
5,22/06/2025 11:06,27/01/2000 11:00,10.033,11.5,-1.467,91.427
5,22/06/2025 12:06,27/01/2000 12:00,12.032,13.5,-1.468,91.931
5,22/06/2025 13:06,27/01/2000 13:00,13.532,14.5,-0.968,90.921
5,22/06/2025 14:06,27/01/2000 14:00,14.032,14.5,-0.468,89.904
5,22/06/2025 15:06,27/01/2000 15:00,14.032,14,0.032,88.882
5,22/06/2025 16:06,27/01/2000 16:00,14.032,14,0.032,88.368
5,22/06/2025 17:06,27/01/2000 17:00,13.532,13.5,0.032,88.368
5,22/06/2025 18:06,27/01/2000 18:00,13.032,12.5,0.532,88.368
5,22/06/2025 19:06,27/01/2000 19:00,12.532,12,0.532,87.336
5,22/06/2025 20:06,27/01/2000 20:00,12.032,11.5,0.532,87.853
5,22/06/2025 21:06,27/01/2000 21:00,11.532,11.5,0.032,88.368
5,22/06/2025 22:06,27/01/2000 22:00,11.532,11.5,0.032,87.853
5,22/06/2025 23:06,27/01/2000 23:00,12.032,11.5,0.532,87.853
5,23/06/2025 0:06,28/01/2000 0:00,12.032,11.5,0.532,87.336
5,23/06/2025 1:06,28/01/2000 1:00,11.532,11.5,0.032,87.853
5,23/06/2025 2:06,28/01/2000 2:00,12.532,13,-0.468,87.853
5,23/06/2025 3:06,28/01/2000 3:00,13.032,13,0.032,88.882
5,23/06/2025 4:06,28/01/2000 4:00,13.032,13,0.032,87.853
5,23/06/2025 5:06,28/01/2000 5:00,13.532,13.5,0.032,87.336
5,23/06/2025 6:06,28/01/2000 6:00,13.532,13.5,0.032,87.336
5,23/06/2025 7:06,28/01/2000 7:00,14.032,14,0.032,87.336
5,23/06/2025 8:06,28/01/2000 8:00,14.032,14.5,-0.468,87.853
5,23/06/2025 9:06,28/01/2000 9:00,14.532,14.5,0.032,87.336
5,23/06/2025 10:06,28/01/2000 10:00,15.032,15,0.032,87.336
5,23/06/2025 11:06,28/01/2000 11:00,16.032,16,0.032,87.336
5,23/06/2025 12:06,28/01/2000 12:00,16.532,17,-0.468,87.336
5,23/06/2025 13:06,28/01/2000 13:00,17.032,17,0.032,86.818
5,23/06/2025 14:06,28/01/2000 14:00,17.032,17,0.032,85.778
5,23/06/2025 15:06,28/01/2000 15:00,17.032,17,0.032,85.255
5,23/06/2025 16:06,28/01/2000 16:00,17.032,16.5,0.532,84.731
5,23/06/2025 17:06,28/01/2000 17:00,16.532,15.5,1.032,84.731
5,23/06/2025 18:06,28/01/2000 18:00,15.532,14.5,1.032,85.255
5,23/06/2025 19:06,28/01/2000 19:00,14.532,13.5,1.032,84.731
5,23/06/2025 20:06,28/01/2000 20:00,14.532,13.5,1.032,84.731
5,23/06/2025 21:06,28/01/2000 21:00,14.032,14,0.032,85.778
5,23/06/2025 22:06,28/01/2000 22:00,14.532,14.5,0.032,85.255
5,23/06/2025 23:06,28/01/2000 23:00,14.532,13.5,1.032,84.731
5,24/06/2025 0:06,29/01/2000 0:00,14.532,13.5,1.032,84.731
5,24/06/2025 1:06,29/01/2000 1:00,14.032,13,1.032,85.255
5,24/06/2025 2:06,29/01/2000 2:00,13.532,13,0.532,85.255
5,24/06/2025 3:06,29/01/2000 3:00,12.532,12,0.532,84.731
5,24/06/2025 4:06,29/01/2000 4:00,12.032,11.5,0.532,84.731
5,24/06/2025 5:06,29/01/2000 5:00,11.033,10.5,0.533,84.731
5,24/06/2025 6:06,29/01/2000 6:00,11.033,10.5,0.533,85.778
5,24/06/2025 7:06,29/01/2000 7:00,11.033,11,0.033,85.255
5,24/06/2025 8:06,29/01/2000 8:00,11.033,10.5,0.533,85.778
5,24/06/2025 9:06,29/01/2000 9:00,11.532,12,-0.468,85.778
5,24/06/2025 10:06,29/01/2000 10:00,12.532,13,-0.468,86.299
5,24/06/2025 11:06,29/01/2000 11:00,13.532,13.5,0.032,86.299
5,24/06/2025 12:06,29/01/2000 12:00,14.032,14.5,-0.468,86.299
5,24/06/2025 13:06,29/01/2000 13:00,15.032,16,-0.968,86.299
5,24/06/2025 14:06,29/01/2000 14:00,15.532,16,-0.468,86.818
5,24/06/2025 15:06,29/01/2000 15:00,16.032,16,0.032,87.336
5,24/06/2025 16:06,29/01/2000 16:00,16.032,15.5,0.532,86.299
5,24/06/2025 17:06,29/01/2000 17:00,16.032,15.5,0.532,86.818
5,24/06/2025 18:06,29/01/2000 18:00,15.532,14.5,1.032,86.818
5,24/06/2025 19:06,29/01/2000 19:00,15.032,14,1.032,86.299
5,24/06/2025 20:06,29/01/2000 20:00,14.032,13,1.032,86.818
5,24/06/2025 21:06,29/01/2000 21:00,13.532,13,0.532,86.299
5,24/06/2025 22:06,29/01/2000 22:00,13.032,12,1.032,86.818
5,24/06/2025 23:06,29/01/2000 23:00,12.532,12,0.532,86.299
5,25/06/2025 0:06,30/01/2000 0:00,12.032,11,1.032,86.818
5,25/06/2025 1:06,30/01/2000 1:00,11.033,11,0.033,86.299
5,25/06/2025 2:06,30/01/2000 2:00,11.033,10.5,0.533,85.778
5,25/06/2025 3:06,30/01/2000 3:00,10.533,10,0.533,86.818
5,25/06/2025 4:06,30/01/2000 4:00,10.033,9.5,0.533,86.299
5,25/06/2025 5:06,30/01/2000 5:00,9.533,9.5,0.033,85.778
5,25/06/2025 6:06,30/01/2000 6:00,9.533,9.5,0.033,86.818
5,25/06/2025 7:06,30/01/2000 7:00,10.033,10,0.033,86.818
5,25/06/2025 8:06,30/01/2000 8:00,10.533,10.5,0.033,86.818
5,25/06/2025 9:06,30/01/2000 9:00,11.033,11.5,-0.467,87.336
5,25/06/2025 10:06,30/01/2000 10:00,12.032,12.5,-0.468,87.336
5,25/06/2025 11:06,30/01/2000 11:00,13.532,14,-0.468,87.853
5,25/06/2025 12:06,30/01/2000 12:00,14.032,14.5,-0.468,87.853
5,25/06/2025 13:06,30/01/2000 13:00,15.032,15.5,-0.468,87.853
5,25/06/2025 14:06,30/01/2000 14:00,15.532,15.5,0.032,87.853
5,25/06/2025 15:06,30/01/2000 15:00,15.532,15,0.532,87.336
5,25/06/2025 16:06,30/01/2000 16:00,15.532,15,0.532,87.853
5,25/06/2025 17:06,30/01/2000 17:00,15.532,15,0.532,86.818
5,25/06/2025 18:06,30/01/2000 18:00,15.032,14.5,0.532,88.368
5,25/06/2025 19:06,30/01/2000 19:00,15.032,14.5,0.532,87.336
5,25/06/2025 20:06,30/01/2000 20:00,15.032,14,1.032,88.368
5,25/06/2025 21:06,30/01/2000 21:00,14.532,14.5,0.032,87.853
5,25/06/2025 22:06,30/01/2000 22:00,14.532,14.5,0.032,89.394
5,25/06/2025 23:06,30/01/2000 23:00,15.032,14.5,0.532,87.853
5,26/06/2025 0:06,31/01/2000 0:00,14.532,14,0.532,87.853
5,26/06/2025 1:06,31/01/2000 1:00,14.032,14,0.032,88.368
5,26/06/2025 2:06,31/01/2000 2:00,14.532,14.5,0.032,88.368
5,26/06/2025 3:06,31/01/2000 3:00,14.532,15,-0.468,88.368
5,26/06/2025 4:06,31/01/2000 4:00,15.032,15,0.032,88.882
5,26/06/2025 5:06,31/01/2000 5:00,15.032,14,1.032,88.882
5,26/06/2025 6:06,31/01/2000 6:00,14.532,14,0.532,87.336
5,26/06/2025 7:06,31/01/2000 7:00,14.532,14.5,0.032,88.368
5,26/06/2025 8:06,31/01/2000 8:00,14.532,14,0.532,89.394
5,26/06/2025 9:06,31/01/2000 9:00,15.032,15.5,-0.468,89.394
5,26/06/2025 10:06,31/01/2000 10:00,16.032,16.5,-0.468,89.394
5,26/06/2025 11:06,31/01/2000 11:00,16.032,16.5,-0.468,89.394
5,26/06/2025 12:06,31/01/2000 12:00,17.032,17.5,-0.468,89.394
5,26/06/2025 13:06,31/01/2000 13:00,17.532,18,-0.468,89.394
5,26/06/2025 14:06,31/01/2000 14:00,18.032,17.5,0.532,89.394
5,26/06/2025 15:06,31/01/2000 15:00,17.532,17,0.532,89.394
5,26/06/2025 16:06,31/01/2000 16:00,17.032,16.5,0.532,88.882
5,26/06/2025 17:06,31/01/2000 17:00,17.032,16.5,0.532,89.394
5,26/06/2025 18:06,31/01/2000 18:00,16.532,16,0.532,88.368
5,26/06/2025 19:06,31/01/2000 19:00,16.532,16,0.532,89.394
5,26/06/2025 20:06,31/01/2000 20:00,16.532,16.5,0.032,88.882
5,26/06/2025 21:06,31/01/2000 21:00,16.532,16.5,0.032,89.904
5,26/06/2025 22:06,31/01/2000 22:00,16.532,16.5,0.032,90.413
5,26/06/2025 23:06,31/01/2000 23:00,16.532,16.5,0.032,88.882
5,27/06/2025 0:06,1/02/2000 0:00,16.532,16.5,0.032,90.413
5,27/06/2025 1:06,1/02/2000 1:00,16.532,15.5,1.032,88.882
5,27/06/2025 2:06,1/02/2000 2:00,16.032,16,0.032,90.413
5,27/06/2025 3:06,1/02/2000 3:00,16.032,16.5,-0.468,90.921
5,27/06/2025 4:06,1/02/2000 4:00,16.532,16.5,0.032,99.315
5,27/06/2025 5:06,1/02/2000 5:00,16.532,16.5,0.032,100.274
5,27/06/2025 6:06,1/02/2000 6:00,17.032,16.5,0.532,99.315
5,27/06/2025 7:06,1/02/2000 7:00,17.032,17,0.032,100.751
5,27/06/2025 8:06,1/02/2000 8:00,17.032,17,0.032,100.274
5,27/06/2025 9:06,1/02/2000 9:00,17.032,16,1.032,101.226
5,27/06/2025 10:06,1/02/2000 10:00,15.532,15.5,0.032,101.226
5,27/06/2025 11:06,1/02/2000 11:00,15.532,15,0.532,99.795
5,27/06/2025 12:06,1/02/2000 12:00,15.532,15.5,0.032,101.226
5,27/06/2025 13:06,1/02/2000 13:00,15.532,15,0.532,101.226
5,27/06/2025 14:06,1/02/2000 14:00,15.032,15,0.032,101.7
5,27/06/2025 15:06,1/02/2000 15:00,15.032,15,0.032,101.226
5,27/06/2025 16:06,1/02/2000 16:00,15.032,15,0.032,101.7
5,27/06/2025 17:06,1/02/2000 17:00,15.032,14.5,0.532,101.7
5,27/06/2025 18:06,1/02/2000 18:00,14.532,14,0.532,101.226
5,27/06/2025 19:06,1/02/2000 19:00,13.532,13,0.532,102.173
5,27/06/2025 20:06,1/02/2000 20:00,13.532,13.5,0.032,102.644
5,27/06/2025 21:06,1/02/2000 21:00,13.532,13,0.532,102.173
5,27/06/2025 22:06,1/02/2000 22:00,13.532,13.5,0.032,101.7
5,27/06/2025 23:06,1/02/2000 23:00,14.032,14,0.032,102.173
5,28/06/2025 0:06,2/02/2000 0:00,14.032,13.5,0.532,102.644
5,28/06/2025 1:06,2/02/2000 1:00,13.532,13.5,0.032,102.644
5,28/06/2025 2:06,2/02/2000 2:00,13.532,13.5,0.032,101.7
5,28/06/2025 3:06,2/02/2000 3:00,13.532,13,0.532,102.173
5,28/06/2025 4:06,2/02/2000 4:00,13.032,13,0.032,102.644
5,28/06/2025 5:06,2/02/2000 5:00,13.032,13,0.032,102.644
5,28/06/2025 6:06,2/02/2000 6:00,13.032,13,0.032,102.644
5,28/06/2025 7:06,2/02/2000 7:00,12.532,12,0.532,102.644
5,28/06/2025 8:06,2/02/2000 8:00,12.532,12.5,0.032,102.173
5,28/06/2025 9:06,2/02/2000 9:00,12.532,13,-0.468,102.173
5,28/06/2025 10:06,2/02/2000 10:00,13.032,13,0.032,102.644
5,28/06/2025 11:06,2/02/2000 11:00,13.532,13.5,0.032,102.644
5,28/06/2025 12:06,2/02/2000 12:00,13.532,14,-0.468,102.644
5,28/06/2025 13:06,2/02/2000 13:00,14.032,14.5,-0.468,102.173
5,28/06/2025 14:06,2/02/2000 14:00,14.532,15,-0.468,103.113
5,28/06/2025 15:06,2/02/2000 15:00,14.532,14,0.532,102.173
5,28/06/2025 16:06,2/02/2000 16:00,14.032,14,0.032,102.173
5,28/06/2025 17:06,2/02/2000 17:00,13.532,13.5,0.032,102.644
5,28/06/2025 18:06,2/02/2000 18:00,13.532,13.5,0.032,102.173
5,28/06/2025 19:06,2/02/2000 19:00,13.532,13,0.532,102.644
5,28/06/2025 20:06,2/02/2000 20:00,13.032,13,0.032,102.173
5,28/06/2025 21:06,2/02/2000 21:00,13.032,13,0.032,102.644
5,28/06/2025 22:06,2/02/2000 22:00,13.032,13,0.032,102.644
5,28/06/2025 23:06,2/02/2000 23:00,13.032,13,0.032,103.113
5,29/06/2025 0:06,3/02/2000 0:00,13.532,13,0.532,102.644
5,29/06/2025 1:06,3/02/2000 1:00,13.532,13.5,0.032,102.644
5,29/06/2025 2:06,3/02/2000 2:00,13.032,13,0.032,102.173
5,29/06/2025 3:06,3/02/2000 3:00,13.032,13,0.032,102.644
5,29/06/2025 4:06,3/02/2000 4:00,13.032,13,0.032,103.113
5,29/06/2025 5:06,3/02/2000 5:00,12.532,12.5,0.032,102.644
5,29/06/2025 6:06,3/02/2000 6:00,12.532,12.5,0.032,103.581
5,29/06/2025 7:06,3/02/2000 7:00,12.532,12.5,0.032,103.113
5,29/06/2025 8:06,3/02/2000 8:00,12.532,12.5,0.032,102.644
5,29/06/2025 9:06,3/02/2000 9:00,12.532,13,-0.468,103.113
5,29/06/2025 10:06,3/02/2000 10:00,13.032,13.5,-0.468,103.581
5,29/06/2025 11:06,3/02/2000 11:00,13.532,14.5,-0.968,102.644
5,29/06/2025 12:06,3/02/2000 12:00,13.532,14.5,-0.968,101.7
5,29/06/2025 13:06,3/02/2000 13:00,14.032,15,-0.968,102.644
5,29/06/2025 14:06,3/02/2000 14:00,15.032,15,0.032,101.226
5,29/06/2025 15:06,3/02/2000 15:00,15.032,15,0.032,102.173
5,29/06/2025 16:06,3/02/2000 16:00,15.032,13.5,1.532,102.173
5,29/06/2025 17:06,3/02/2000 17:00,14.032,13.5,0.532,102.644
5,29/06/2025 18:06,3/02/2000 18:00,13.532,13,0.532,102.644
5,29/06/2025 19:06,3/02/2000 19:00,13.032,12.5,0.532,102.644
5,29/06/2025 20:06,3/02/2000 20:00,13.032,12.5,0.532,103.113
5,29/06/2025 21:06,3/02/2000 21:00,12.532,12,0.532,103.113
5,29/06/2025 22:06,3/02/2000 22:00,12.532,12,0.532,103.113
5,29/06/2025 23:06,3/02/2000 23:00,12.532,12,0.532,102.644
5,30/06/2025 0:06,4/02/2000 0:00,12.032,11.5,0.532,101.226
5,30/06/2025 1:06,4/02/2000 1:00,12.032,12,0.032,100.274
5,30/06/2025 2:06,4/02/2000 2:00,11.532,11,0.532,98.35
5,30/06/2025 3:06,4/02/2000 3:00,11.033,10,1.033,99.315
5,30/06/2025 4:06,4/02/2000 4:00,11.033,10.5,0.533,98.833
5,30/06/2025 5:06,4/02/2000 5:00,11.033,11,0.033,98.833
5,30/06/2025 6:06,4/02/2000 6:00,11.033,10.5,0.533,98.833
5,30/06/2025 7:06,4/02/2000 7:00,11.033,10.5,0.533,98.35
5,30/06/2025 8:06,4/02/2000 8:00,11.033,11,0.033,97.866
5,30/06/2025 9:06,4/02/2000 9:00,11.033,11,0.033,97.866
5,30/06/2025 10:06,4/02/2000 10:00,11.532,12,-0.468,97.866
5,30/06/2025 11:06,4/02/2000 11:00,12.532,14,-1.468,97.866
5,30/06/2025 12:06,4/02/2000 12:00,14.532,15,-0.468,97.379
5,30/06/2025 13:06,4/02/2000 13:00,15.032,15.5,-0.468,96.402
5,30/06/2025 14:06,4/02/2000 14:00,15.032,15.5,-0.468,96.402
5,30/06/2025 15:06,4/02/2000 15:00,15.032,15,0.032,95.419
5,30/06/2025 16:06,4/02/2000 16:00,15.532,15.5,0.032,94.926
5,30/06/2025 17:06,4/02/2000 17:00,15.032,14.5,0.532,94.926
5,30/06/2025 18:06,4/02/2000 18:00,14.032,12.5,1.532,94.43
5,30/06/2025 19:06,4/02/2000 19:00,13.032,12,1.032,94.926
5,30/06/2025 20:06,4/02/2000 20:00,12.532,11.5,1.032,94.43
5,30/06/2025 21:06,4/02/2000 21:00,12.032,11.5,0.532,93.435
5,30/06/2025 22:06,4/02/2000 22:00,11.532,10.5,1.032,93.933
5,30/06/2025 23:06,4/02/2000 23:00,11.033,10,1.033,94.43
5,1/07/2025 0:06,5/02/2000 0:00,10.533,9.5,1.033,93.933
5,1/07/2025 1:06,5/02/2000 1:00,10.033,9.5,0.533,93.933
5,1/07/2025 2:06,5/02/2000 2:00,10.033,9.5,0.533,93.435
5,1/07/2025 3:06,5/02/2000 3:00,9.533,9,0.533,93.435
5,1/07/2025 4:06,5/02/2000 4:00,9.033,9,0.033,93.933
5,1/07/2025 5:06,5/02/2000 5:00,9.033,9,0.033,93.933
5,1/07/2025 6:06,5/02/2000 6:00,9.033,8.5,0.533,93.435
5,1/07/2025 7:06,5/02/2000 7:00,8.533,8.5,0.033,93.933
5,1/07/2025 8:06,5/02/2000 8:00,8.533,9,-0.467,93.435
5,1/07/2025 9:06,5/02/2000 9:00,9.533,9.5,0.033,92.434
5,1/07/2025 10:06,5/02/2000 10:00,10.533,11.5,-0.967,93.933
5,1/07/2025 11:06,5/02/2000 11:00,12.032,12.5,-0.468,93.435
5,1/07/2025 12:06,5/02/2000 12:00,12.532,13,-0.468,92.935
5,1/07/2025 13:06,5/02/2000 13:00,13.032,14,-0.968,93.435
5,1/07/2025 14:06,5/02/2000 14:00,13.532,14.5,-0.968,92.935
5,1/07/2025 15:06,5/02/2000 15:00,14.032,14,0.032,91.931
5,1/07/2025 16:06,5/02/2000 16:00,13.532,13,0.532,92.935
5,1/07/2025 17:06,5/02/2000 17:00,13.532,12.5,1.032,92.935
5,1/07/2025 18:06,5/02/2000 18:00,12.532,11.5,1.032,93.435
5,1/07/2025 19:06,5/02/2000 19:00,12.032,11,1.032,92.935
5,1/07/2025 20:06,5/02/2000 20:00,11.532,11,0.532,92.935
5,1/07/2025 21:06,5/02/2000 21:00,11.033,11,0.033,93.435
5,1/07/2025 22:06,5/02/2000 22:00,11.033,10.5,0.533,92.935
5,1/07/2025 23:06,5/02/2000 23:00,11.033,10.5,0.533,92.935
5,2/07/2025 0:06,6/02/2000 0:00,10.533,10,0.533,92.935
5,2/07/2025 1:06,6/02/2000 1:00,10.533,10,0.533,93.435
5,2/07/2025 2:06,6/02/2000 2:00,10.533,10,0.533,92.935
5,2/07/2025 3:06,6/02/2000 3:00,10.033,10,0.033,92.935
5,2/07/2025 4:06,6/02/2000 4:00,10.033,10,0.033,93.435
5,2/07/2025 5:06,6/02/2000 5:00,10.033,9.5,0.533,92.935
5,2/07/2025 6:06,6/02/2000 6:00,9.533,10,-0.467,92.935
5,2/07/2025 7:06,6/02/2000 7:00,10.033,10,0.033,92.935
5,2/07/2025 8:06,6/02/2000 8:00,10.033,10,0.033,93.435
5,2/07/2025 9:06,6/02/2000 9:00,11.033,12.5,-1.467,93.435
5,2/07/2025 10:06,6/02/2000 10:00,13.032,14,-0.968,92.935
5,2/07/2025 11:06,6/02/2000 11:00,14.532,15.5,-0.968,93.435
5,2/07/2025 12:06,6/02/2000 12:00,15.532,16,-0.468,92.935
5,2/07/2025 13:06,6/02/2000 13:00,16.032,16.5,-0.468,91.931
5,2/07/2025 14:06,6/02/2000 14:00,16.532,16.5,0.032,92.935
5,2/07/2025 15:06,6/02/2000 15:00,16.032,16,0.032,91.931
5,2/07/2025 16:06,6/02/2000 16:00,16.532,15.5,1.032,92.935
5,2/07/2025 17:06,6/02/2000 17:00,15.532,15,0.532,92.935
5,2/07/2025 18:06,6/02/2000 18:00,15.532,15,0.532,92.935
5,2/07/2025 19:06,6/02/2000 19:00,15.532,15.5,0.032,92.935
5,2/07/2025 20:06,6/02/2000 20:00,15.532,15.5,0.032,93.435
5,2/07/2025 21:06,6/02/2000 21:00,15.532,15.5,0.032,92.935
5,2/07/2025 22:06,6/02/2000 22:00,16.032,16,0.032,92.935
5,2/07/2025 23:06,6/02/2000 23:00,16.032,15.5,0.532,92.434
5,3/07/2025 0:06,7/02/2000 0:00,16.032,15.5,0.532,92.935
5,3/07/2025 1:06,7/02/2000 1:00,16.032,15.5,0.532,91.931
5,3/07/2025 2:06,7/02/2000 2:00,16.032,15.5,0.532,92.935
5,3/07/2025 3:06,7/02/2000 3:00,16.032,16,0.032,92.935
5,3/07/2025 4:06,7/02/2000 4:00,16.032,16,0.032,92.935
5,3/07/2025 5:06,7/02/2000 5:00,16.532,16,0.532,92.935
5,3/07/2025 6:06,7/02/2000 6:00,16.532,16.5,0.032,92.935
5,3/07/2025 7:06,7/02/2000 7:00,16.532,16.5,0.032,92.434
5,3/07/2025 8:06,7/02/2000 8:00,17.032,16.5,0.532,93.435
5,3/07/2025 9:06,7/02/2000 9:00,17.032,17,0.032,93.435
5,3/07/2025 10:06,7/02/2000 10:00,17.032,17,0.032,93.933
5,3/07/2025 11:06,7/02/2000 11:00,17.532,17.5,0.032,92.935
5,3/07/2025 12:06,7/02/2000 12:00,17.532,17,0.532,94.43
5,3/07/2025 13:06,7/02/2000 13:00,17.532,17,0.532,94.43
5,3/07/2025 14:06,7/02/2000 14:00,17.532,17,0.532,95.912
5,3/07/2025 15:06,7/02/2000 15:00,17.532,17.5,0.032,99.315
5,3/07/2025 16:06,7/02/2000 16:00,18.032,17.5,0.532,100.274
5,3/07/2025 17:06,7/02/2000 17:00,18.032,18,0.032,100.274
5,3/07/2025 18:06,7/02/2000 18:00,18.032,18,0.032,100.751
5,3/07/2025 19:06,7/02/2000 19:00,17.532,17,0.532,100.751
5,3/07/2025 20:06,7/02/2000 20:00,17.032,16.5,0.532,101.226
5,3/07/2025 21:06,7/02/2000 21:00,16.532,16,0.532,101.7
5,3/07/2025 22:06,7/02/2000 22:00,16.032,15.5,0.532,101.7
5,3/07/2025 23:06,7/02/2000 23:00,15.532,15,0.532,101.7
5,4/07/2025 0:06,8/02/2000 0:00,15.532,15,0.532,101.7
5,4/07/2025 1:06,8/02/2000 1:00,15.032,15,0.032,102.173
5,4/07/2025 2:06,8/02/2000 2:00,15.032,15,0.032,102.173
5,4/07/2025 3:06,8/02/2000 3:00,15.032,15,0.032,101.7
5,4/07/2025 4:06,8/02/2000 4:00,15.032,15,0.032,101.7
5,4/07/2025 5:06,8/02/2000 5:00,15.032,14.5,0.532,102.644
5,4/07/2025 6:06,8/02/2000 6:00,14.532,14.5,0.032,102.173
5,4/07/2025 7:06,8/02/2000 7:00,15.032,15,0.032,102.173
5,4/07/2025 8:06,8/02/2000 8:00,15.032,15,0.032,101.226
5,4/07/2025 9:06,8/02/2000 9:00,15.532,16,-0.468,102.644
5,4/07/2025 10:06,8/02/2000 10:00,16.032,16.5,-0.468,102.173
5,4/07/2025 11:06,8/02/2000 11:00,17.032,17,0.032,101.226
5,4/07/2025 12:06,8/02/2000 12:00,17.532,17.5,0.032,101.226
5,4/07/2025 13:06,8/02/2000 13:00,17.532,17,0.532,101.7
5,4/07/2025 14:06,8/02/2000 14:00,17.532,17.5,0.032,101.7
5,4/07/2025 15:06,8/02/2000 15:00,17.532,17.5,0.032,101.226
5,4/07/2025 16:06,8/02/2000 16:00,17.532,17.5,0.032,101.7
5,4/07/2025 17:06,8/02/2000 17:00,17.032,16.5,0.532,101.7
5,4/07/2025 18:06,8/02/2000 18:00,16.532,16,0.532,102.173
5,4/07/2025 19:06,8/02/2000 19:00,16.032,15.5,0.532,102.173
5,4/07/2025 20:06,8/02/2000 20:00,15.532,15.5,0.032,102.644
5,4/07/2025 21:06,8/02/2000 21:00,15.532,15.5,0.032,101.7
5,4/07/2025 22:06,8/02/2000 22:00,15.532,15.5,0.032,102.644
5,4/07/2025 23:06,8/02/2000 23:00,15.532,16,-0.468,102.173
5,5/07/2025 0:06,9/02/2000 0:00,16.032,15.5,0.532,102.173
5,5/07/2025 1:06,9/02/2000 1:00,15.032,15,0.032,102.644
5,5/07/2025 2:06,9/02/2000 2:00,15.032,15,0.032,102.644
5,5/07/2025 3:06,9/02/2000 3:00,15.032,15,0.032,102.173
5,5/07/2025 4:06,9/02/2000 4:00,15.032,14.5,0.532,102.644
5,5/07/2025 5:06,9/02/2000 5:00,15.032,14.5,0.532,102.644
5,5/07/2025 6:06,9/02/2000 6:00,14.532,13.5,1.032,103.113
5,5/07/2025 7:06,9/02/2000 7:00,14.032,13.5,0.532,103.113
5,5/07/2025 8:06,9/02/2000 8:00,14.032,14.5,-0.468,103.113
5,5/07/2025 9:06,9/02/2000 9:00,14.532,14.5,0.032,102.173
5,5/07/2025 10:06,9/02/2000 10:00,15.032,15,0.032,102.173
5,5/07/2025 11:06,9/02/2000 11:00,15.032,15.5,-0.468,102.644
5,5/07/2025 12:06,9/02/2000 12:00,16.032,16,0.032,103.113
5,5/07/2025 13:06,9/02/2000 13:00,16.032,16,0.032,102.173
5,5/07/2025 14:06,9/02/2000 14:00,16.032,15.5,0.532,101.7
5,5/07/2025 15:06,9/02/2000 15:00,16.032,16,0.032,102.173
5,5/07/2025 16:06,9/02/2000 16:00,16.032,16,0.032,103.581
5,5/07/2025 17:06,9/02/2000 17:00,16.032,15.5,0.532,102.644
5,5/07/2025 18:06,9/02/2000 18:00,15.532,15,0.532,102.644
5,5/07/2025 19:06,9/02/2000 19:00,15.032,14.5,0.532,102.644
5,5/07/2025 20:06,9/02/2000 20:00,14.532,14.5,0.032,103.113
5,5/07/2025 21:06,9/02/2000 21:00,14.532,14.5,0.032,102.644
5,5/07/2025 22:06,9/02/2000 22:00,14.532,14,0.532,103.113
5,5/07/2025 23:06,9/02/2000 23:00,14.032,14,0.032,102.644
5,6/07/2025 0:06,10/02/2000 0:00,14.032,14,0.032,102.644
5,6/07/2025 1:06,10/02/2000 1:00,14.032,14,0.032,103.113
5,6/07/2025 2:06,10/02/2000 2:00,14.032,14,0.032,103.113
5,6/07/2025 3:06,10/02/2000 3:00,14.032,13.5,0.532,102.644
5,6/07/2025 4:06,10/02/2000 4:00,13.532,13.5,0.032,103.581
5,6/07/2025 5:06,10/02/2000 5:00,13.032,13,0.032,103.581
5,6/07/2025 6:06,10/02/2000 6:00,13.032,12.5,0.532,103.581
5,6/07/2025 7:06,10/02/2000 7:00,12.532,12.5,0.032,103.581
5,6/07/2025 8:06,10/02/2000 8:00,12.532,12.5,0.032,103.581
5,6/07/2025 9:06,10/02/2000 9:00,13.032,13,0.032,103.581
5,6/07/2025 10:06,10/02/2000 10:00,13.532,13.5,0.032,102.644
5,6/07/2025 11:06,10/02/2000 11:00,14.032,14,0.032,103.581
5,6/07/2025 12:06,10/02/2000 12:00,14.032,14.5,-0.468,103.581
5,6/07/2025 13:06,10/02/2000 13:00,14.532,15,-0.468,103.113
5,6/07/2025 14:06,10/02/2000 14:00,14.532,15,-0.468,102.173
5,6/07/2025 15:06,10/02/2000 15:00,15.032,15,0.032,102.644
5,6/07/2025 16:06,10/02/2000 16:00,15.032,15,0.032,103.113
5,6/07/2025 17:06,10/02/2000 17:00,14.532,14,0.532,102.644
5,6/07/2025 18:06,10/02/2000 18:00,13.532,13,0.532,103.581
5,6/07/2025 19:06,10/02/2000 19:00,13.532,13,0.532,104.048
5,6/07/2025 20:06,10/02/2000 20:00,13.032,12,1.032,103.581
5,6/07/2025 21:06,10/02/2000 21:00,12.032,11.5,0.532,104.048
5,6/07/2025 22:06,10/02/2000 22:00,11.033,11,0.033,104.048
5,6/07/2025 23:06,10/02/2000 23:00,10.533,10,0.533,104.048
5,7/07/2025 0:06,11/02/2000 0:00,10.033,9.5,0.533,104.512
5,7/07/2025 1:06,11/02/2000 1:00,9.533,9,0.533,104.976
5,7/07/2025 2:06,11/02/2000 2:00,9.033,9,0.033,103.581
5,7/07/2025 3:06,11/02/2000 3:00,8.533,8.5,0.033,104.976
5,7/07/2025 4:06,11/02/2000 4:00,8.533,8.5,0.033,104.976
5,7/07/2025 5:06,11/02/2000 5:00,8.033,8.5,-0.467,104.512
5,7/07/2025 6:06,11/02/2000 6:00,8.033,8,0.033,104.976
5,7/07/2025 7:06,11/02/2000 7:00,8.033,8,0.033,104.976
5,7/07/2025 8:06,11/02/2000 8:00,7.533,8,-0.467,105.438
5,7/07/2025 9:06,11/02/2000 9:00,7.533,8.5,-0.967,105.438
5,7/07/2025 10:06,11/02/2000 10:00,8.533,9.5,-0.967,104.976
5,7/07/2025 11:06,11/02/2000 11:00,10.033,11,-0.967,104.512
5,7/07/2025 12:06,11/02/2000 12:00,11.532,12,-0.468,104.048
5,7/07/2025 13:06,11/02/2000 13:00,12.032,12.5,-0.468,103.581
5,7/07/2025 14:06,11/02/2000 14:00,12.532,13,-0.468,103.581
5,7/07/2025 15:06,11/02/2000 15:00,13.032,13,0.032,103.581
5,7/07/2025 16:06,11/02/2000 16:00,13.032,12.5,0.532,104.048
5,7/07/2025 17:06,11/02/2000 17:00,12.532,11.5,1.032,103.581
5,7/07/2025 18:06,11/02/2000 18:00,12.032,11,1.032,104.048
5,7/07/2025 19:06,11/02/2000 19:00,11.033,10.5,0.533,104.512
5,7/07/2025 20:06,11/02/2000 20:00,10.533,10,0.533,104.512
5,7/07/2025 21:06,11/02/2000 21:00,10.033,9.5,0.533,104.512
5,7/07/2025 22:06,11/02/2000 22:00,9.533,8.5,1.033,104.976
5,7/07/2025 23:06,11/02/2000 23:00,9.033,8,1.033,105.438
5,8/07/2025 0:06,12/02/2000 0:00,8.533,8.5,0.033,104.976
5,8/07/2025 1:06,12/02/2000 1:00,8.533,8.5,0.033,104.976
5,8/07/2025 2:06,12/02/2000 2:00,8.533,8.5,0.033,104.976
5,8/07/2025 3:06,12/02/2000 3:00,8.533,9,-0.467,104.976
5,8/07/2025 4:06,12/02/2000 4:00,9.033,9,0.033,104.976
5,8/07/2025 5:06,12/02/2000 5:00,9.533,9.5,0.033,104.976
5,8/07/2025 6:06,12/02/2000 6:00,9.533,9.5,0.033,104.976
5,8/07/2025 7:06,12/02/2000 7:00,10.033,10,0.033,104.976
5,8/07/2025 8:06,12/02/2000 8:00,9.533,9.5,0.033,104.976
5,8/07/2025 9:06,12/02/2000 9:00,9.533,9.5,0.033,104.976
5,8/07/2025 10:06,12/02/2000 10:00,10.533,11,-0.467,104.512
5,8/07/2025 11:06,12/02/2000 11:00,12.032,13,-0.968,104.512
5,8/07/2025 12:06,12/02/2000 12:00,13.032,13.5,-0.468,104.048
5,8/07/2025 13:06,12/02/2000 13:00,13.532,13.5,0.032,103.581
5,8/07/2025 14:06,12/02/2000 14:00,13.532,13.5,0.032,102.644
5,8/07/2025 15:06,12/02/2000 15:00,13.532,13.5,0.032,103.581
5,8/07/2025 16:06,12/02/2000 16:00,13.532,13,0.532,103.113
5,8/07/2025 17:06,12/02/2000 17:00,13.532,13,0.532,103.581
5,8/07/2025 18:06,12/02/2000 18:00,13.032,12.5,0.532,103.581
5,8/07/2025 19:06,12/02/2000 19:00,13.032,12.5,0.532,103.581
5,8/07/2025 20:06,12/02/2000 20:00,12.532,12.5,0.032,104.048
5,8/07/2025 21:06,12/02/2000 21:00,12.532,12.5,0.032,104.048
5,8/07/2025 22:06,12/02/2000 22:00,12.532,12.5,0.032,103.581
5,8/07/2025 23:06,12/02/2000 23:00,12.532,12.5,0.032,104.048
5,9/07/2025 0:06,13/02/2000 0:00,12.532,12.5,0.032,104.048
5,9/07/2025 1:06,13/02/2000 1:00,12.532,12.5,0.032,103.581
5,9/07/2025 2:06,13/02/2000 2:00,12.532,12.5,0.032,104.048
5,9/07/2025 3:06,13/02/2000 3:00,12.532,12.5,0.032,104.048
5,9/07/2025 4:06,13/02/2000 4:00,12.532,12.5,0.032,104.048
5,9/07/2025 5:06,13/02/2000 5:00,12.532,12.5,0.032,103.581
5,9/07/2025 6:06,13/02/2000 6:00,12.532,12,0.532,104.512
5,9/07/2025 7:06,13/02/2000 7:00,12.532,12.5,0.032,103.581
5,9/07/2025 8:06,13/02/2000 8:00,12.532,12.5,0.032,103.581
5,9/07/2025 9:06,13/02/2000 9:00,13.032,13,0.032,104.048
5,9/07/2025 10:06,13/02/2000 10:00,13.032,13,0.032,103.581
5,9/07/2025 11:06,13/02/2000 11:00,13.532,13.5,0.032,104.048
5,9/07/2025 12:06,13/02/2000 12:00,13.532,13.5,0.032,104.048
5,9/07/2025 13:06,13/02/2000 13:00,14.032,14,0.032,103.581
5,9/07/2025 14:06,13/02/2000 14:00,14.532,14,0.532,103.581
5,9/07/2025 15:06,13/02/2000 15:00,14.032,14,0.032,103.581
5,9/07/2025 16:06,13/02/2000 16:00,14.032,14,0.032,103.113
5,9/07/2025 17:06,13/02/2000 17:00,14.032,13.5,0.532,103.113
5,9/07/2025 18:06,13/02/2000 18:00,13.532,13,0.532,104.048
5,9/07/2025 19:06,13/02/2000 19:00,13.532,13,0.532,103.581
5,9/07/2025 20:06,13/02/2000 20:00,13.532,13.5,0.032,103.581
5,9/07/2025 21:06,13/02/2000 21:00,13.532,13.5,0.032,103.581
5,9/07/2025 22:06,13/02/2000 22:00,13.532,13.5,0.032,104.512
5,9/07/2025 23:06,13/02/2000 23:00,14.032,14,0.032,103.581
5,10/07/2025 0:06,14/02/2000 0:00,14.032,14,0.032,103.113
5,10/07/2025 1:06,14/02/2000 1:00,14.032,14,0.032,102.644
5,10/07/2025 2:06,14/02/2000 2:00,14.032,14,0.032,103.581
5,10/07/2025 3:06,14/02/2000 3:00,14.032,13.5,0.532,103.113
5,10/07/2025 4:06,14/02/2000 4:00,13.532,13,0.532,103.581
5,10/07/2025 5:06,14/02/2000 5:00,13.532,13.5,0.032,103.581
5,10/07/2025 6:06,14/02/2000 6:00,13.532,14,-0.468,102.644
5,10/07/2025 7:06,14/02/2000 7:00,14.032,14,0.032,103.581
5,10/07/2025 8:06,14/02/2000 8:00,14.532,14.5,0.032,103.113
5,10/07/2025 9:06,14/02/2000 9:00,14.532,15,-0.468,101.7
5,10/07/2025 10:06,14/02/2000 10:00,15.532,15.5,0.032,102.644
5,10/07/2025 11:06,14/02/2000 11:00,15.532,15.5,0.032,102.173
5,10/07/2025 12:06,14/02/2000 12:00,15.532,15.5,0.032,102.644
5,10/07/2025 13:06,14/02/2000 13:00,15.532,15,0.532,101.7
5,10/07/2025 14:06,14/02/2000 14:00,15.532,16,-0.468,103.113
5,10/07/2025 15:06,14/02/2000 15:00,16.032,16,0.032,102.173
5,10/07/2025 16:06,14/02/2000 16:00,16.032,15.5,0.532,101.226
5,10/07/2025 17:06,14/02/2000 17:00,15.532,15.5,0.032,102.644
5,10/07/2025 18:06,14/02/2000 18:00,15.532,15.5,0.032,101.7
5,10/07/2025 19:06,14/02/2000 19:00,15.532,15,0.532,102.173
5,10/07/2025 20:06,14/02/2000 20:00,15.532,15.5,0.032,102.173
5,10/07/2025 21:06,14/02/2000 21:00,15.532,15.5,0.032,102.173
5,10/07/2025 22:06,14/02/2000 22:00,15.532,15.5,0.032,102.173
5,10/07/2025 23:06,14/02/2000 23:00,15.532,15.5,0.032,102.173
5,11/07/2025 0:06,15/02/2000 0:00,15.532,15.5,0.032,101.7
5,11/07/2025 1:06,15/02/2000 1:00,16.032,15.5,0.532,102.173
5,11/07/2025 2:06,15/02/2000 2:00,15.532,15.5,0.032,102.173
5,11/07/2025 3:06,15/02/2000 3:00,16.032,15.5,0.532,102.644
5,11/07/2025 4:06,15/02/2000 4:00,15.532,15.5,0.032,102.644
5,11/07/2025 5:06,15/02/2000 5:00,15.532,15.5,0.032,102.644
5,11/07/2025 6:06,15/02/2000 6:00,15.532,15.5,0.032,102.644
5,11/07/2025 7:06,15/02/2000 7:00,15.532,15.5,0.032,102.644
5,11/07/2025 8:06,15/02/2000 8:00,16.032,15.5,0.532,102.173
5,11/07/2025 9:06,15/02/2000 9:00,16.032,16,0.032,102.644
5,11/07/2025 10:06,15/02/2000 10:00,16.032,16,0.032,103.113
5,11/07/2025 11:06,15/02/2000 11:00,16.032,15.5,0.532,103.113
5,11/07/2025 12:06,15/02/2000 12:00,16.032,15.5,0.532,102.173
5,11/07/2025 13:06,15/02/2000 13:00,16.032,15.5,0.532,103.581
5,11/07/2025 14:06,15/02/2000 14:00,15.032,14.5,0.532,103.581
5,11/07/2025 15:06,15/02/2000 15:00,15.032,15.5,-0.468,103.113
5,11/07/2025 16:06,15/02/2000 16:00,15.532,15.5,0.032,103.113
5,11/07/2025 17:06,15/02/2000 17:00,15.032,14.5,0.532,104.048
5,11/07/2025 18:06,15/02/2000 18:00,14.532,14.5,0.032,103.581
5,11/07/2025 19:06,15/02/2000 19:00,14.532,14.5,0.032,104.048
5,11/07/2025 20:06,15/02/2000 20:00,14.532,14,0.532,103.581
5,11/07/2025 21:06,15/02/2000 21:00,14.032,13.5,0.532,104.048
5,11/07/2025 22:06,15/02/2000 22:00,14.032,14,0.032,104.048
5,11/07/2025 23:06,15/02/2000 23:00,14.032,14,0.032,104.048
5,12/07/2025 0:06,16/02/2000 0:00,13.532,12.5,1.032,103.581
5,12/07/2025 1:06,16/02/2000 1:00,13.032,12.5,0.532,104.048
5,12/07/2025 2:06,16/02/2000 2:00,12.532,12.5,0.032,104.048
5,12/07/2025 3:06,16/02/2000 3:00,12.032,12,0.032,104.512
5,12/07/2025 4:06,16/02/2000 4:00,12.032,12,0.032,104.048
5,12/07/2025 5:06,16/02/2000 5:00,12.032,11.5,0.532,104.512
5,12/07/2025 6:06,16/02/2000 6:00,11.532,11.5,0.032,104.976
5,12/07/2025 7:06,16/02/2000 7:00,11.532,11,0.532,104.976
